сервер,id,название,тема,семейство,шагов,оцениваемых,курсы,флаги,создан,сюжет,проверяется,верно
tech2,1723,2026 Нейрохирургия 141. Диффузная глиома ствола мозга (DIPG),Нейрохирургический клинический сценарий. Case 64. '100 Case Reviews in Neurosurgery'.,Нейрохирургия,23,23,,публичный,2026-06-02,"Мальчик 9 лет обратился с нарастающими в течение 2 месяцев двоением в глазах и атаксией, лёгким гемипарезом. Цель сценария — провести дифференциальную диагности",Лабораторные исследования; Инструментальные исследования,"Диффузная глиома ствола мозга (диффузная глиома моста, DIPG); Общий анализ крови; Биохимический анализ крови; Коагулограмма (подготовка к возможной биопсии)"
tech2,1722,2026 Нейрохирургия 140. Грыжа грудного межпозвонкового диска,Нейрохирургический клинический сценарий. Case 53. '100 Case Reviews in Neurosurgery'.,Нейрохирургия,23,23,,публичный,2026-06-02,Мужчина 48 лет обратился с хронической болью в межлопаточной области и нарастающей слабостью и онемением в ногах. Цель сценария — провести дифференциальную диаг,Лабораторные исследования; Инструментальные исследования,Грыжа грудного межпозвонкового диска с компрессией спинного мозга; Общий анализ крови; Биохимический анализ крови (BMP); Коагулограмма (ПВ/МНО/АЧТВ)
tech2,1721,2026 Нейрохирургия 139. Флексионно-дистракционный перелом (Chance) L1,Нейрохирургический клинический сценарий. Case 46. '100 Case Reviews in Neurosurgery'.,Нейрохирургия,23,23,,публичный,2026-06-02,Женщина 33 лет доставлена после ДТП (была пристёгнута ремнём) с болью в грудопоясничном переходе и слабостью в ногах. Цель сценария — провести диагностику травм,Лабораторные исследования; Инструментальные исследования,Флексионно-дистракционный (Chance) перелом L1; Общий анализ крови; Коагулограмма (подготовка к операции); Биохимический анализ крови
tech2,1720,2026 Нейрохирургия 138. Перелом палача (травматический спондилолистез C2),Нейрохирургический клинический сценарий. Case 44. '100 Case Reviews in Neurosurgery'.,Нейрохирургия,23,23,,публичный,2026-06-02,"Мужчина 27 лет доставлен после ДТП (пассажир без ремня, удар затылком) с болью в шее без неврологического дефицита. Цель сценария — провести диагностику травмы ",Лабораторные исследования; Инструментальные исследования,Перелом палача (травматический спондилолистез C2); Общий анализ крови; Коагулограмма (подготовка к возможной операции); Биохимический анализ крови
tech2,1719,2026 Нейрохирургия 137. Перелом зубовидного отростка C2 (тип II),Нейрохирургический клинический сценарий. Case 43. '100 Case Reviews in Neurosurgery'.,Нейрохирургия,23,23,,публичный,2026-06-02,Мужчина 55 лет доставлен после ДТП (удар о руль) с болью в затылочно-шейной области и ограничением движений шеи. Цель сценария — провести диагностику травмы вер,Лабораторные исследования; Инструментальные исследования,"Перелом зубовидного отростка C2, тип II (по Anderson–D’Alonzo); Общий анализ крови; Коагулограмма (подготовка к возможной операции); Биохимический анализ крови"
tech2,1718,2026 Нейрохирургия 136. Нормотензивная гидроцефалия,Нейрохирургический клинический сценарий. Case 36. '100 Case Reviews in Neurosurgery'.,Нейрохирургия,23,23,,публичный,2026-06-02,"Мужчина 74 лет обратился с классической триадой Хакима–Адамса: нарушение ходьбы, прогрессирующее снижение памяти и недержание мочи. Цель сценария — провести диф",Лабораторные исследования; Инструментальные исследования,Нормотензивная гидроцефалия; Общий анализ крови и биохимия; Уровень витамина B12 и функция щитовидной железы (исключение обратимых причин деменции); Серология на ВИЧ и боррелиоз (Лайм)
tech2,1717,2026 Нейрохирургия 135. Абсцесс головного мозга,Нейрохирургический клинический сценарий. Case 33. '100 Case Reviews in Neurosurgery'.,Нейрохирургия,23,23,,публичный,2026-06-02,Мужчина 52 лет на фоне иммуносупрессии (приём глюкокортикоидов по поводу ревматоидного артрита) обратился с лихорадкой и нарастающим правосторонним гемипарезом.,Лабораторные исследования; Инструментальные исследования,Абсцесс головного мозга; Общий анализ крови (лейкоцитоз); СОЭ и C-реактивный белок; Посев крови (гемокультура)
tech2,1716,2026 Нейрохирургия 134. Анапластическая олигодендроглиома,Нейрохирургический клинический сценарий. Case 27. '100 Case Reviews in Neurosurgery'.,Нейрохирургия,23,23,,публичный,2026-06-02,Мужчина 46 лет обратился после серии генерализованных судорожных приступов. Цель сценария — провести дифференциальную диагностику внутримозгового образования ло,Лабораторные исследования; Инструментальные исследования,"Анапластическая олигодендроглиома (WHO grade III); Общий анализ крови; Биохимический анализ крови (BMP), функция печени и почек; Коагулограмма (МНО) и общий анализ мочи"
tech2,1715,2026 Нейрохирургия 133. Краниофарингиома,Нейрохирургический клинический сценарий. Case 25. '100 Case Reviews in Neurosurgery'.,Нейрохирургия,23,23,,публичный,2026-06-02,"Мальчик 12 лет обратился с головной болью, нарушением зрения и признаками несахарного диабета. Цель сценария — провести дифференциальную диагностику супраселляр",Лабораторные исследования; Инструментальные исследования,"Краниофарингиома; Электролиты крови (натрий) и оценка водного баланса; Гормоны гипофиза (пролактин, ТТГ, ФСГ, АКТГ, СТГ); Осмолярность крови и мочи (диагностика несахарного диабета)"
tech2,1714,2026 Нейрохирургия 132. Кистозная гемангиобластома мозжечка,Нейрохирургический клинический сценарий. Case 21. '100 Case Reviews in Neurosurgery'.,Нейрохирургия,23,23,,публичный,2026-06-02,Женщина 34 лет с болезнью Гиппеля–Линдау обратилась с нарастающей атаксией и головной болью в течение 4 месяцев. Цель сценария — провести дифференциальную диагн,Лабораторные исследования; Инструментальные исследования,Кистозная гемангиобластома мозжечка (на фоне болезни Гиппеля–Линдау); Общий анализ крови (возможна полицитемия); Коагулограмма; Оценка метаболитов катехоламинов (при подозрении на феохромоцитому в рамках vHL)
tech2,1713,2026 Нейрохирургия 131. Кровоизлияние в мозжечок,Нейрохирургический клинический сценарий. Case 14. '100 Case Reviews in Neurosurgery'.,Нейрохирургия,23,23,,публичный,2026-06-02,"Мужчина 68 лет с артериальной гипертензией и фибрилляцией предсердий, принимающий варфарин, доставлен с внезапной атаксией, рвотой, головокружением. Цель сценар",Лабораторные исследования; Инструментальные исследования,"Гипертензивное кровоизлияние в мозжечок; Коагулограмма (ПВ/МНО, АЧТВ); Общий анализ крови; Биохимический анализ крови"
tech2,1712,2026 Нейрохирургия 130. Гипертензивное кровоизлияние в таламус,Нейрохирургический клинический сценарий. Case 13. '100 Case Reviews in Neurosurgery'.,Нейрохирургия,23,23,,публичный,2026-06-02,Женщина 71 года с длительной артериальной гипертензией доставлена с внезапным развитием левостороннего гемисиндрома и угнетением сознания. Цель сценария — прове,Лабораторные исследования; Инструментальные исследования,"Гипертензивное кровоизлияние в таламус; Общий анализ крови; Коагулограмма (ПВ/МНО, АЧТВ); Биохимический анализ крови, токсикологический скрининг"
tech2,1711,2026 Нейрохирургия 129. Спинальная дуральная артериовенозная фистула,Нейрохирургический клинический сценарий. Case 8. '100 Case Reviews in Neurosurgery'.,Нейрохирургия,23,23,,публичный,2026-06-02,Мужчина 62 лет обратился с постепенно нарастающей слабостью в ногах и нарушением мочеиспускания в течение года. Цель сценария — провести дифференциальную диагно,Лабораторные исследования; Инструментальные исследования,"Спинальная дуральная артериовенозная фистула; Общий анализ крови; Коагулограмма (ПВ/МНО, АЧТВ); Биохимический анализ крови (креатинин, электролиты)"
tech2,1710,2026 Нейрохирургия 128. Спинальная артериовенозная мальформация грудного отдела,Нейрохирургический клинический сценарий. Case 6. '100 Case Reviews in Neurosurgery'.,Нейрохирургия,23,23,,публичный,2026-06-02,Мужчина 38 лет обратился с прогрессирующей болью в спине и нарастающей слабостью в ногах в течение 6 недель. Цель сценария — провести дифференциальную диагности,Лабораторные исследования; Инструментальные исследования,"Спинальная артериовенозная мальформация грудного отдела; Общий анализ крови; Коагулограмма (ПВ/МНО, АЧТВ); Биохимический анализ крови (электролиты, креатинин)"
tech2,1709,2026 Нейрохирургия 127. Фузиформная аневризма интрадуральной части внутренней сонной артерии,Нейрохирургический клинический сценарий. Case 5. '100 Case Reviews in Neurosurgery'.,Нейрохирургия,23,23,,публичный,2026-06-02,Мужчина 44 лет обратился с нарастающими головными болями и повторными эпизодами преходящих нарушений мозгового кровообращения (ТИА) в бассейне левой средней моз,Лабораторные исследования; Инструментальные исследования,"Фузиформная аневризма интрадуральной части внутренней сонной артерии; Общий анализ крови; Липидный профиль (холестерин, ЛПНП, ЛПВП, триглицериды); Коагулограмма (ПВ/МНО, АЧТВ)"
tech2,1708,2026 Нейрохирургия 107. Вестибулярная шваннома,Нейрохирургический клинический сценарий. Case 19. '100 Case Reviews in Neurosurgery'.,Нейрохирургия,23,23,22,публичный,2026-06-01,Женщина 48 лет обратилась с прогрессирующим односторонним снижением слуха и шумом в ухе. Цель сценария — диагностика образования мостомозжечкового угла (вестибу,Лабораторные исследования; Инструментальные исследования,"Вестибулярная шваннома (невринома слухового нерва); Общий анализ крови; Коагулограмма (ПВ/МНО, АЧТВ); Биохимия + креатинин/рСКФ (перед контрастной МРТ/операцией)"
tech2,1707,[archived] 1707,,Прочее,23,23,,"выключен, архив",2026-06-01,Женщина 48 лет обратилась с прогрессирующим односторонним снижением слуха и шумом в ухе. Цель сценария — диагностика образования мостомозжечкового угла (вестибу,Лабораторные исследования; Инструментальные исследования,"Вестибулярная шваннома (невринома слухового нерва); Общий анализ крови; Коагулограмма (ПВ/МНО, АЧТВ); Биохимия + креатинин/рСКФ (перед контрастной МРТ/операцией)"
tech2,1705,2026 Нейрохирургия 126. Мальформация Киари I,Нейрохирургический клинический сценарий. Case 34. '100 Case Reviews in Neurosurgery'.,Нейрохирургия,23,23,22,публичный,2026-05-31,"Клинический случай: девочка 14 лет с мальформацией Киари I и сирингомиелией. Цель теста — оценка симптомов, диагностики и лечения. Источник: Case 34, '100 Case ",Лабораторные исследования; Инструментальные исследования,Мальформация Киари I (Верный диагноз); Общий анализ крови; Биохимический анализ крови; Коагулограмма
tech2,1704,2026 Нейрохирургия 125. Идиопатическая внутричерепная гипертензия,Нейрохирургический клинический сценарий. Case 79. '100 Case Reviews in Neurosurgery'.,Нейрохирургия,23,23,22,публичный,2026-05-31,Клинический случай женщины 28 лет с нарастающей головной болью и снижением зрения. Цель теста — оценка и лечение идиопатической внутричерепной гипертензии. Исто,Лабораторные исследования; Инструментальные исследования,Идиопатическая внутричерепная гипертензия; Анализ ЦСЖ на глюкозу; Цитология ЦСЖ; Культура ЦСЖ на бактерии
tech2,1703,2026 Нейрохирургия 124. Мезиальный височный склероз,Нейрохирургический клинический сценарий. Case 76. '100 Case Reviews in Neurosurgery'.,Нейрохирургия,23,23,22,публичный,2026-05-31,Клинический случай: женщина 32 лет с фармакорезистентной эпилепсией и сложными парциальными припадками. Цель теста: оценка и лечение мезиального височного склер,Лабораторные исследования; Инструментальные исследования,Мезиальный височный склероз (Верный диагноз); Уровень антиэпилептических препаратов в крови; Общий анализ крови; Биохимический анализ крови
tech2,1702,2026 Нейрохирургия 123. Болезнь Паркинсона и глубокая стимуляция мозга,Нейрохирургический клинический сценарий. Case 74. '100 Case Reviews in Neurosurgery'.,Нейрохирургия,23,23,22,публичный,2026-05-31,"Мужчина 64 лет с болезнью Паркинсона на протяжении 10 лет. Основные симптомы: тремор покоя, ригидность, брадикинезия. Несмотря на максимальную дозу леводопы, на",Лабораторные исследования; Инструментальные исследования,Болезнь Паркинсона; Уровень витамина B12; Тиамин (витамин B1); Печеночные ферменты (LFTs)
tech2,1701,2026 Нейрохирургия 122. Невралгия тройничного нерва,Нейрохирургический клинический сценарий. Case 72. '100 Case Reviews in Neurosurgery'.,Нейрохирургия,23,23,22,публичный,2026-05-31,Клинический случай: Женщина 67 лет с интенсивными приступообразными болями в правой половине лица. Цель теста: определить правильный диагноз и тактику лечения. ,Лабораторные исследования; Инструментальные исследования,Невралгия тройничного нерва; Общий анализ крови; Биохимический анализ крови; Коагулограмма
tech2,1700,2026 Нейрохирургия 121. Метастатическое поражение позвоночника,Нейрохирургический клинический сценарий. Case 55. '100 Case Reviews in Neurosurgery'.,Нейрохирургия,23,23,22,публичный,2026-05-31,"Пациентка 63 лет с раком почки, жалуется на прогрессирующую боль в пояснице и слабость в ногах. МРТ выявило метастатическое поражение L2 с патологическим перело",Лабораторные исследования; Инструментальные исследования,Метастатическое поражение позвоночника (Верный диагноз); Общий анализ крови; С-реактивный белок (CRP); Скорость оседания эритроцитов (СОЭ)
tech2,1699,2026 Нейрохирургия 120. Эпидуральный абсцесс позвоночника,Нейрохирургический клинический сценарий. Case 54. '100 Case Reviews in Neurosurgery'.,Нейрохирургия,23,23,22,публичный,2026-05-31,Мужчина 48 лет с наркоманией и лихорадкой 39°C жалуется на нарастающую боль в грудном отделе позвоночника и слабость в ногах. МРТ с контрастированием выявило эп,Лабораторные исследования; Инструментальные исследования,Эпидуральный абсцесс позвоночника; Общий анализ крови; С-реактивный белок; Посев крови на стерильность
tech2,1698,2026 Нейрохирургия 119. Парамедианная грыжа диска L4–L5 с компрессией корешка L4,Нейрохирургический клинический сценарий. Case 52. '100 Case Reviews in Neurosurgery'.,Нейрохирургия,23,23,22,публичный,2026-05-31,Мужчина 52 лет с острой болью по наружной поверхности левой ноги и слабостью разгибателей стопы. Цель теста — определить правильную тактику диагностики и лечени,Лабораторные исследования; Инструментальные исследования,Парамедианная грыжа диска L4–L5 с компрессией корешка L4; Общий анализ крови; Коагулограмма; ЭКГ
tech2,1697,2026 Нейрохирургия 118. Синдром конского хвоста,Нейрохирургический клинический сценарий. Case 51. '100 Case Reviews in Neurosurgery'.,Нейрохирургия,23,23,22,публичный,2026-05-31,"Клинический случай: Мужчина 45 лет с острой болью в пояснице, иррадиирующей в обе ноги, задержкой мочеиспускания и онемением промежности. Цель теста: оценка диа",Лабораторные исследования; Инструментальные исследования,Синдром конского хвоста; Общий анализ крови; Биохимический анализ крови; Коагулограмма
tech2,1696,2026 Нейрохирургия 117. Шейная спондилотическая миелопатия,Нейрохирургический клинический сценарий. Case 50. '100 Case Reviews in Neurosurgery'.,Нейрохирургия,23,23,22,публичный,2026-05-31,Пациент 58 лет с жалобами на нарастающую слабость в руках и нарушение мелкой моторики в течение 6 месяцев. На МРТ выявлен многоуровневый стеноз шейного канала с,Лабораторные исследования; Инструментальные исследования,Шейная спондилотическая миелопатия; Общий анализ крови; Коагулограмма; Глюкоза крови
tech2,1695,2026 Нейрохирургия 116. Взрывной перелом L1 с ретропульсией,Нейрохирургический клинический сценарий. Case 45. '100 Case Reviews in Neurosurgery'.,Нейрохирургия,23,23,22,публичный,2026-05-31,"Клинический случай: Мужчина 40 лет, падение с высоты 3 м, боль в поясничном отделе, параплегия. Цель теста: оценка и лечение взрывного перелома L1. Источник: Ca",Лабораторные исследования; Инструментальные исследования,Взрывной перелом L1 с ретропульсией (Верный диагноз); Общий анализ крови; Биохимический анализ крови; Коагулограмма
tech2,1694,2026 Нейрохирургия 115. Подвывих шейного отдела позвоночника с компрессией спинного мозга,Нейрохирургический клинический сценарий. Case 42. '100 Case Reviews in Neurosurgery'.,Нейрохирургия,23,23,22,публичный,2026-05-31,"Мужчина 35 лет поступил после ДТП с жалобами на боль в шее, слабость и онемение в руках. КТ показала подвывих С5–С6 с нарушением колонны, а МРТ выявила компресс",Лабораторные исследования; Инструментальные исследования,Подвывих шейного отдела позвоночника с компрессией спинного мозга; Общий анализ крови; Коагулограмма; С-реактивный белок (CRP)
tech2,1693,2026 Нейрохирургия 114. Проникающее огнестрельное ранение головы,Нейрохирургический клинический сценарий. Case 38. '100 Case Reviews in Neurosurgery'.,Нейрохирургия,23,23,22,публичный,2026-05-31,"Пациент — мужчина 28 лет, поступил с огнестрельным проникающим ранением головы. Уровень сознания по шкале Глазго — 9 баллов. На КТ выявлено инородное тело метал",Лабораторные исследования; Инструментальные исследования,Проникающее огнестрельное ранение головы; Общий анализ крови; Коагулограмма; Биохимический анализ крови
tech2,1692,2026 Нейрохирургия 113. Хроническая субдуральная гематома,Нейрохирургический клинический сценарий. Case 41. '100 Case Reviews in Neurosurgery'.,Нейрохирургия,23,23,22,публичный,2026-05-31,"Пациент: мужчина 78 лет с деменцией и прогрессирующей слабостью в правой руке в течение 3 недель, а также пошатыванием при ходьбе. КТ показала изо-/гиподенсную ",Лабораторные исследования; Инструментальные исследования,Хроническая субдуральная гематома; Общий анализ крови; Коагулограмма; Тест на тромбоэластографию
tech2,1691,2026 Нейрохирургия 112. Эпидуральная гематома,Нейрохирургический клинический сценарий. Case 40. '100 Case Reviews in Neurosurgery'.,Нейрохирургия,23,23,22,публичный,2026-05-31,Мужчина 22 лет поступил после ДТП с потерей сознания и последующим 'светлым промежутком'. Цель теста — оценка и лечение эпидуральной гематомы. Источник: Case 40,Лабораторные исследования; Инструментальные исследования,Эпидуральная гематома; Общий анализ крови; Коагулограмма; Электролиты крови
tech2,1690,2026 Нейрохирургия 111. Метастазы в головной мозг,Нейрохирургический клинический сценарий. Case 31. '100 Case Reviews in Neurosurgery'.,Нейрохирургия,23,23,22,публичный,2026-05-31,Женщина 61 года с анамнезом рака молочной железы в ремиссии 4 года. Острое развитие правостороннего гемипареза. МРТ выявило три очага с перифокальным отёком и к,Лабораторные исследования; Инструментальные исследования,Метастазы в головной мозг; Общий анализ крови; Биохимический анализ крови; Онкомаркеры
tech2,1689,2026 Нейрохирургия 110. Глиобластома,Нейрохирургический клинический сценарий. Case 26. '100 Case Reviews in Neurosurgery'.,Нейрохирургия,23,23,22,публичный,2026-05-31,Пациент 67 лет с нарастающей головной болью и единственным генерализованным судорожным припадком. МРТ с контрастным усилением выявило гетерогенное образование в,Лабораторные исследования; Инструментальные исследования,Глиобластома; Общий анализ крови; Биохимический анализ крови; ПСА (простат-специфический антиген)
tech2,1688,2026 Нейрохирургия 109. Апоплексия гипофиза,Нейрохирургический клинический сценарий. Case 22. '100 Case Reviews in Neurosurgery'.,Нейрохирургия,23,23,22,публичный,2026-05-31,"Пациент, мужчина 41 года, поступил с жалобами на сильнейшую головную боль, диплопию и снижение остроты зрения. МРТ выявило кровоизлияние в аденому гипофиза, КТ ",Лабораторные исследования; Инструментальные исследования,Апоплексия гипофиза; Уровень кортизола; Уровень АКТГ; Уровень пролактина
tech2,1687,2026 Нейрохирургия 108. Менингиома крыла основной кости,Нейрохирургический клинический сценарий. Case 20. '100 Case Reviews in Neurosurgery'.,Нейрохирургия,23,23,22,публичный,2026-05-31,"Женщина 55 лет обратилась с жалобами на нарастающий левосторонний проптоз, снижение остроты зрения левого глаза и периодические головные боли. МРТ выявила менин",Лабораторные исследования; Инструментальные исследования,Менингиома крыла основной кости; Общий анализ крови; С-реактивный белок (CRP); Скорость оседания эритроцитов (СОЭ)
tech2,1686,[archived] 107 v1,,Прочее,7,7,,"выключен, архив",2026-05-31,"Сценарий #107: Женщина 48 лет с прогрессирующей односторонней нейросенсорной тугоухостью, звоном в ухе и лёгким дисбалансом. МРТ выявила опухоль мостомозжечково",,
tech2,1685,2026 Нейрохирургия 106. Геморрагический инсульт доминантного полушария,Нейрохирургический клинический сценарий. Case 12. '100 Case Reviews in Neurosurgery'.,Нейрохирургия,23,23,22,публичный,2026-05-31,Мужчина 62 лет с длительной артериальной гипертензией доставлен с острым развитием нарушения речи и слабости в правых конечностях. Цель сценария — диагностика г,Лабораторные исследования; Инструментальные исследования,"Гипертензивное внутримозговое кровоизлияние в доминантном полушарии; Общий анализ крови; Коагулограмма (ПВ/МНО, АЧТВ); Биохимия + глюкоза, электролиты, креатинин"
tech2,1684,2026 Нейрохирургия 105. Твёрдомозговая артериовенозная фистула,Нейрохирургический клинический сценарий. Case 7. '100 Case Reviews in Neurosurgery'.,Нейрохирургия,23,23,22,публичный,2026-05-31,Мужчина 58 лет обратился с прогрессирующим пульсирующим шумом в ухе и нарастающей головной болью. Цель сценария — диагностика твёрдомозговой артериовенозной фис,Лабораторные исследования; Инструментальные исследования,"Твёрдомозговая артериовенозная фистула (dAVF); Общий анализ крови; Коагулограмма (ПВ/МНО, АЧТВ, фибриноген); Биохимия + креатинин/рСКФ (перед контрастной ангиографией)"
tech2,1683,2026 Нейрохирургия 104. Неразорвавшаяся аневризма передней соединительной артерии,Нейрохирургический клинический сценарий. Case 4. '100 Case Reviews in Neurosurgery'.,Нейрохирургия,23,23,22,публичный,2026-05-31,Мужчина 45 лет направлен к нейрохирургу после случайного выявления аневризмы при обследовании по поводу головной боли. Цель сценария — оценка неразорвавшейся ан,Лабораторные исследования; Инструментальные исследования,"Неразорвавшаяся аневризма передней соединительной артерии; Общий анализ крови; Коагулограмма (ПВ/МНО, АЧТВ); Биохимия + креатинин/рСКФ (перед контрастной ангиографией)"
tech2,1682,2026 Нейрохирургия 103. Разрыв аневризмы средней мозговой артерии,Нейрохирургический клинический сценарий. Case 3. '100 Case Reviews in Neurosurgery'.,Нейрохирургия,23,23,22,публичный,2026-05-31,Женщина 52 лет доставлена бригадой скорой помощи с внезапной сильнейшей головной болью. Цель сценария — диагностика субарахноидального кровоизлияния вследствие ,Лабораторные исследования; Инструментальные исследования,"Субарахноидальное кровоизлияние вследствие разрыва аневризмы; Общий анализ крови; Коагулограмма (ПВ/МНО, АЧТВ, фибриноген); Биохимия + электролиты (натрий — контроль гипонатриемии)"
tech2,1681,2026 Нейрохирургия 102. Кавернозная мальформация головного мозга,Нейрохирургический клинический сценарий. Case 2. '100 Case Reviews in Neurosurgery'.,Нейрохирургия,23,23,22,публичный,2026-05-31,Мужчина 34 лет обратился в приёмное отделение с повторяющимися судорожными приступами. Цель сценария — провести дифференциальную диагностику внутримозгового обр,Лабораторные исследования; Инструментальные исследования,"Кавернозная мальформация головного мозга с симптоматической эпилепсией; Общий анализ крови; Коагулограмма (ПВ/МНО, АЧТВ, фибриноген); Биохимический анализ крови (глюкоза, электролиты, печёночные пробы, креатинин)"
tech2,1680,2026 Нейрохирургия 101. АВМ головного мозга,"Клинический сценарий: АВМ головного мозга у мужчины 35 лет с дебютом парциальных судорог. Диагностика, классификация по Spetzler-Martin, хирургическое лечение. Источник: 100 Case Reviews in Neurosurgery, Case 1.",Нейрохирургия,23,23,22,публичный,2026-05-31,"Мужчина, 35 лет, без значимых заболеваний в анамнезе. Поступил в нейрохирургическое отделение по экстренным показаниям с дебютом парциальных судорог и выраженны",Лабораторные исследования; Инструментальные исследования,"АВМ головного мозга левой теменно-затылочной области, Grade 3 по Spetzler-Martin; Общий анализ крови, коагулограмма (ПВ/МНО, АЧТВ, тромбоциты); Биохимия: глюкоза, натрий, калий, креатинин, АЛТ/АСТ; Уровень пролактина крови (для подтверждения истинного эпилептического приступа)"
tech2,1679,2026 Нейрохирургия 101. АВМ головного мозга copy,"Клинический сценарий: АВМ головного мозга у мужчины 35 лет с дебютом парциальных судорог. Диагностика, классификация по Spetzler-Martin, хирургическое лечение. Источник: 100 Case Reviews in Neurosurgery, Case 1.",Нейрохирургия,23,23,,"копия, публичный",2026-05-31,"Мужчина, 35 лет, без значимых заболеваний в анамнезе. Поступил в нейрохирургическое отделение по экстренным показаниям с дебютом парциальных судорог и выраженны",Лабораторные исследования; Инструментальные исследования,"АВМ головного мозга левой теменно-затылочной области, Grade 3 по Spetzler-Martin; Общий анализ крови, коагулограмма (ПВ/МНО, АЧТВ, тромбоциты); Биохимия: глюкоза, натрий, калий, креатинин, АЛТ/АСТ; Уровень пролактина крови (для подтверждения истинного эпилептического приступа)"
tech2,1678,ХГБН с лекарственным абузусом copy,Клинический сценарий: хроническая головная боль напряжения с лекарственным абузусом (ЛИГБ).,Неврология — головная боль,19,19,,"копия, публичный",2026-05-30,"Женщина, 38 лет, менеджер по продажам, на приёме у терапевта. Проведите обследование, установите диагноз, назначьте лечение и разработайте план диспансерного на",Назначение лабораторных и инструментальных исследований; Диспансерное наблюдение,"Хроническая ГБН с напряжением перикраниальных мышц. Лекарственно-индуцированная головная боль (ЛИГБ).; Диагностика клиническая, дополнительные исследования не требуются (нет «сигналов опасности»).; Рекомендовать ведение дневника головной боли для уточнения числа дней с ГБ и числа дней приёма анальгетиков в месяц.; Хроническая ГБН, сочетающаяся с напряжением перикраниальных мышц. ЛИГБ, связанная с избыточным приёмом анальгетиков, содержащих компоненты из разных классов."
tech2,1677,ГБН эпизодическая copy,"Клинический сценарий: эпизодическая головная боль напряжения. Модуль 1, сценарий 4.",Неврология — головная боль,19,19,,"копия, публичный",2026-05-30,"Мужчина, 45 лет, программист. Обратился к терапевту с жалобами на частые головные боли. Проведите дифференциальную диагностику, установите диагноз, назначьте ле",Обследование; Диспансерное наблюдение,"Частая эпизодическая ГБН с напряжением перикраниальных мышц.; Диагноз клинический. Дополнительных инструментальных и лабораторных исследований не требуется (типичная картина, нет «сигналов опасности»).; Рекомендовать ведение дневника ГБ для уточнения числа дней с болью и дней приёма анальгетиков.; Поведенческая терапия: разъяснить природу ГБН, связь с позным напряжением и стрессом, рекомендовать перерывы в работе, коррекцию рабочего места."
tech2,1676,Вторичная ГБ красные флаги copy,"Клинический сценарий: вторичная головная боль, «красные флаги». Модуль 1, сценарий 6.",Прочее,23,23,,"копия, публичный",2026-05-30,"Мужчина, 52 года. Доставлен бригадой скорой помощи в приёмный покой многопрофильной больницы. Вы — дежурный терапевт приёмного покоя. Распознайте «сигналы опасн",Лабораторные исследования; Инструментальные исследования,"Вторичная головная боль — подозрение на субарахноидальное кровоизлияние (САК).; Общий (клинический) анализ крови.; Комплекс исследований для оценки общевоспалительных реакций (СОЭ, СРБ).; Коагулограмма (ориентировочное исследование системы гемостаза)."
tech2,1675,Менструальная мигрень copy,Модуль 1. Головная боль. Клинический сценарий 3. Менструальная мигрень.,Прочее,19,19,,"копия, публичный",2026-05-30,"Пациентка — женщина 34 лет, направлена гинекологом к терапевту с жалобами на тяжёлые головные боли, связанные с менструацией. Цель: установить диагноз, подобрат",Обследование; Диспансерное наблюдение,"Истинная менструальная мигрень без ауры; Подтвердить диагноз дневником ГБ за 2–3 цикла: задокументировать связь приступов с менструальным циклом.; Диагноз клинический, дополнительная нейровизуализация не требуется (нет ауры, нет «сигналов опасности»).; Истинная менструальная мигрень без ауры, тяжёлое течение"
tech2,1674,scenario_menstrual_migraine_NEW.json copy,,Прочее,0,0,,"копия, публичный",2026-05-30,,,
tech2,1669,Менструальная мигрень 1 copy,Менструальная мигрень,Прочее,19,19,,"копия, публичный",2026-05-29,"Пациентка Пациентка: Женщина, 34 года, направлена гинекологом к терапевту с жалобами на тяжёлые головные боли, связанные с менструацией.",Обследование; Диспансерное наблюдение,"Истинная менструальная мигрень без ауры.; Подтвердить диагноз дневником ГБ за 2–3 цикла: задокументировать связь приступов с менструальным циклом.; Диагноз клинический, дополнительная нейровизуализация не требуется (нет ауры, нет «сигналов опасности»).; Истинная менструальная мигрень без ауры, тяжёлое течение."
tech2,1668,2026 Неврология Вторичная ГБ — красные флаги copy,Клинический сценарий: мужчина 52 лет с внезапной громоподобной головной болью. Распознавание «сигналов опасности» вторичной ГБ и тактика при субарахноидальном кровоизлиянии.,Неврология — головная боль,25,25,,"копия, публичный",2026-05-29,"Мужчина, 52 года. Доставлен бригадой скорой помощи в приёмный покой многопрофильной больницы. Вы — дежурный терапевт приёмного покоя. Цели: распознать «сигналы ",Лабораторные исследования; Инструментальные исследования,"Вторичная головная боль — подозрение на субарахноидальное кровоизлияние (САК).; Общий (клинический) анализ крови.; Комплекс исследований для оценки общевоспалительных реакций (СОЭ, СРБ).; Коагулограмма (ориентировочное исследование системы гемостаза)."
tech2,1667,2026 Неврология САК красные флаги copy,Клинический сценарий по теме вторичная головная боль. Мужчина 52 лет с громоподобной головной болью в приёмном покое.,Неврология — головная боль,25,25,,"копия, публичный",2026-05-29,"Мужчина, 52 года. Доставлен бригадой скорой помощи в приёмный покой многопрофильной больницы. Вы — дежурный терапевт приёмного покоя. Цели: распознать «сигналы ",Лабораторные исследования; Инструментальные исследования,"Вторичная головная боль — подозрение на субарахноидальное кровоизлияние (САК).; Общий (клинический) анализ крови.; Комплекс исследований для оценки общевоспалительных реакций (СОЭ, СРБ).; Коагулограмма (ориентировочное исследование системы гемостаза)."
tech2,1666,2026 Неврология Вторичная ГБ красные флаги copy (2),,Неврология — головная боль,23,23,,"копия, публичный",2026-05-29,"Мужчина, 52 года. Доставлен бригадой скорой помощи в приёмный покой многопрофильной больницы. Вы — дежурный терапевт приёмного покоя. Ваши задачи: Распознать «с",Лабораторные исследования; Инструментальные исследования,"Вторичная головная боль — подозрение на субарахноидальное кровоизлияние (САК); Общий (клинический) анализ крови; Комплекс оценки общевоспалительных реакций (СОЭ, СРБ); Коагулограмма (ориентировочное исследование системы гемостаза)"
tech2,1663,2026 Неврология Вторичная ГБ красные флаги copy (1),,Неврология — головная боль,22,22,,"копия, публичный",2026-05-28,"Пациент: Мужчина, 52 года. Доставлен бригадой скорой помощи в приёмный покой многопрофильной больницы. Вы — дежурный терапевт приёмного покоя. Цели: Распознать ",Выберите необходимые лабораторные исследования,"Вторичная головная боль — подозрение на субарахноидальное кровоизлияние (САК); Общий (клинический) анализ крови; Комплекс исследований для оценки общевоспалительных реакций (СОЭ, СРБ); Коагулограмма (ориентировочное исследование системы гемостаза)"
tech2,1661,2026 Неврология Вторичная ГБ красные флаги copy,"Мужчина 52 лет доставлен в приёмный покой с громоподобной головной болью и менингеальными симптомами. Необходимо распознать «красные флаги», назначить правильное обследование и определить тактику экстренной помощи.",Неврология — головная боль,24,24,,"копия, публичный",2026-05-28,"Мужчина, 52 года. Доставлен бригадой скорой помощи в приёмный покой многопрофильной больницы. Вы — дежурный терапевт приёмного покоя. Цель: распознать «сигналы ",Назначение лабораторных исследований; Назначение инструментальных исследований,"Вторичная головная боль — подозрение на субарахноидальное кровоизлияние (САК); Общий (клинический) анализ крови; Комплекс оценки воспалительных реакций (СОЭ, СРБ); Коагулограмма (ориентировочное исследование системы гемостаза)"
tech2,1659,2026 Мигрень с аурой Copy copy,2026 Мигрень с аурой: дифференциальный диагноз с ТИА,Неврология — головная боль,27,27,,"копия, публичный",2026-05-28,"Пациент Мужчина 42 лет, бухгалтер, направлен терапевтом на консультацию после эпизода с неврологической симптоматикой.",Выберите необходимые лабораторные исследования; Выберите необходимые инструментальные исследования,"Мигрень с типичной зрительной аурой.; ОАК, биохимия (глюкоза, холестерин, ЛПНП) — оценка сосудистых факторов риска.; Коагулограмма — исключить нарушения свёртываемости как фактор риска инсульта при МА.; МРТ головного мозга с МР-ангиографией — при первичном обращении с аурой для исключения структурной патологии и сосудистых аномалий."
tech2,1658,2026 Мигрень без ауры,2026 Мигрень без ауры: впервые обратилась,Неврология — головная боль,20,20,,публичный,2026-05-28,"Пациентка Женщина 29 лет, учитель, впервые обратилась к терапевту.",Выберите обследования; Диспансеризация,"Мигрень без ауры, эпизодическая форма.; Диагноз клинический. Рекомендовать ведение дневника головной боли для уточнения числа дней с ГБ, характеристик приступов и провоцирующих факторов.; Обсудить вопрос о продолжении приёма оральных контрацептивов с учётом мигренозного анамнеза.; Мигрень без ауры, эпизодическая форма, средней частоты (3–4 приступа в месяц), высокая степень дезадаптации."
tech2,1652,2026 Задание 69 Copy,2026 Липиды 7,Кардио-задания 2026,27,27,,"копия, публичный",2026-05-27,"Пациент Мужчина 38 лет, вегетарианец последние 6 лет, обратился к терапевту на профилактический осмотр. Активных жалоб не предъявляет.",Выберите необходимые лабораторные исследования; Выберите необходимые инструментальные исследования,Гипертриглицеридемия.; Липидный профиль.; Глюкоза крови и гликированный гемоглобин (HbA1c).; Тиреотропный гормон (ТТГ).
tech2,1651,2026 ГБН абузус Copy copy,2026 Хроническая ГБН с лекарственным абузусом,Неврология — головная боль,28,28,,"копия, публичный",2026-05-27,"Пациентка Женщина 38 лет, менеджер по продажам, обратилась на приём к терапевту.",Выберите необходимые лабораторные исследования; Выберите необходимые инструментальные исследования,"Хроническая ГБН с напряжением перикраниальных мышц. Лекарственно-индуцированная головная боль (ЛИГБ).; Диагностика клиническая, дополнительные лабораторные и инструментальные исследования не требуются (нет «сигналов опасности»).; Рекомендовать ведение дневника головной боли для уточнения числа дней с ГБ и числа дней приёма анальгетиков в месяц.; Дополнительные инструментальные исследования не показаны при типичной ГБН без «сигналов опасности»."
tech2,1648,2026 Задание 69,2026 Липиды 7,Кардио-задания 2026,27,27,20,публичный,2026-05-26,"Пациент Мужчина 38 лет, вегетарианец последние 6 лет, обратился к терапевту на профилактический осмотр. Активных жалоб не предъявляет.",Выберите необходимые лабораторные исследования; Выберите необходимые инструментальные исследования,Гипертриглицеридемия.; Липидный профиль.; Глюкоза крови и гликированный гемоглобин (HbA1c).; Тиреотропный гормон (ТТГ).
tech2,1647,2026 Задание 68,2026 Липиды 6,Кардио-задания 2026,27,27,20,публичный,2026-05-26,"Пациент Мужчина 25 лет, профессионально занимается бегом (лёгкая атлетика), обратился к врачу после планового медосмотра по месту работы. При скрининге обнаруже",Выберите необходимые лабораторные исследования; Выберите необходимые инструментальные исследования,"Семейная гиперхолестеринемия.; Полигенная гиперхолестеринемия.; Липидный профиль (общий холестерин, ХС ЛНП, ХС ЛВП, триглицериды).; Глюкоза крови."
tech2,1646,2026 Задание 70,2026 Липиды 8,Кардио-задания 2026,27,27,20,публичный,2026-05-26,Пациент Мужчина 48 лет обратился на амбулаторный приём к кардиологу по поводу профилактического осмотра.,Выберите необходимые лабораторные исследования; Выберите необходимые инструментальные исследования,"Атерогенная дислипидемия с низким ХС ЛВП и умеренно повышенными ТГ.; Липидный профиль (ОХС, ХС ЛНП, ХС ЛВП, ТГ, ХС неЛВП).; Глюкоза натощак, гликированный гемоглобин (HbA1c).; Креатинин, АЛТ, АСТ."
tech2,1412,Чеклист психоречевого развития (ЦПРИН) 2026-05-20 15:24,Чеклист психоречевого развития (ЦПРИН),Прочее,192,192,,публичный,2026-05-20,"Мы рады приветствовать Вас в разделе сайта, посвящённом вопросам психоречевого развития детей. Этот чек-лист навыков и достижений не заменяет стандартизированны",Эмоционально-социальное развитие; Речевое развитие и коммуникация,Всегда; часто; ДА
tech2,708,2026 Задание 67,2026 ХСН 6,Кардио-задания 2026,27,27,20,публичный,2026-03-28,"Пациент Пациент, мужчина 65 лет, с диагнозом хронической сердечной недостаточности со сниженной фракцией выброса (ХСНнФВ) обратился на амбулаторный приём к кард",Выберите необходимые лабораторные исследования; Выберите необходимые инструментальные исследования,"Хроническая сердечная недостаточность с желудочковыми нарушениями ритма.; Общий анализ крови, биохимический анализ крови (креатинин, калий, натрий).; Определение уровня натрийуретических пептидов (NT-proBNP).; ЭКГ в 12 отведениях."
tech2,707,2026 Задание 66,2026 ХСН 5,Кардио-задания 2026,27,27,20,публичный,2026-03-27,"Пациент Пациент: Мужчина, 68 лет. Плановый амбулаторный прием у врача-кардиолога в поликлинике для диспансерного наблюдения и коррекции терапии по поводу ХСН.",Назначение лабораторных исследований; Назначение инструментальных исследований,"Гипертоническая болезнь I стадии. Артериальная гипертензия 1 степени. Риск 2 (умеренный).; Исследование уровня NT-proBNP в крови.; Общий и биохимический анализ крови (креатинин с рСКФ, калий, натрий).; Липидограмма, гликированный гемоглобин."
tech2,706,2026 Задание 65,2026 ХСН 4,Кардио-задания 2026,27,27,20,публичный,2026-03-27,"Пациент Пациент: Мужчина, 65 лет. Плановый амбулаторный прием у врача-кардиолога для оценки состояния и коррекции терапии по поводу ХСН.",Назначение лабораторных исследований; Выберите необходимые инструментальные исследования на первичном этапе,"ИБС: Постинфарктный кардиосклероз. Хроническая сердечная недостаточность со сниженной фракцией выброса (ХСНнФВ), стадия 1, ФК II.; Исследование уровня NT-proBNP в крови.; Общий и биохимический анализ крови (креатинин с рСКФ, калий, натрий).; Липидограмма, гликированный гемоглобин."
tech2,705,2026 Задание 64,2026 ХСН 3,Кардио-задания 2026,27,27,20,публичный,2026-03-26,"Пациент Пациент: Мужчина, 80 лет. Госпитализирован бригадой скорой медицинской помощи из-за внезапного начала учащенных сердцебиений, сопровождавшихся одышкой.",Назначение лабораторных исследований; Назначение инструментальных исследований,"Фибрилляция предсердий с высокой частотой желудочковых сокращений, осложненная острой декомпенсацией сердечной недостаточности (отек легких).; Исследование уровня натрийуретического пептида (BNP или NT-proBNP).; Исследование уровня тропонина I или T в крови.; Анализ крови биохимический (креатинин с рСКФ, калий, натрий)."
tech2,704,2026 Задание 63,2026 ХСН 2,Кардио-задания 2026,27,27,20,публичный,2026-03-26,"Пациент Пациент: Мужчина, 60 лет. Доставлен бригадой скорой медицинской помощи (СМП) в приемное отделение кардиологического стационара.",Назначение лабораторных исследований; Назначение инструментальных исследований,"Острая декомпенсация хронической сердечной недостаточности на фоне тахисистолической формы фибрилляции предсердий.; Исследование уровня натрийуретического пептида (BNP или NT-proBNP).; Общий и биохимический анализы крови (креатинин с рСКФ, калий, натрий, печеночные ферменты, глюкоза).; Исследование уровня тропонина I или T."
tech2,703,2026 Задание 62,2026 ХСН 1,Кардио-задания 2026,27,27,20,публичный,2026-03-26,"Пациент Пациент: Женщина, 70 лет. Доставлена бригадой скорой медицинской помощи (СМП) в приемное отделение кардиологического стационара с жалобами на одышку и с",Назначение лабораторных исследований; Назначение инструментальных исследований,"Острая декомпенсация хронической сердечной недостаточности, спровоцированная пароксизмом фибрилляции предсердий с высокой частотой желудочковых сокращений.; Исследование уровня натрийуретического пептида (BNP или NT-proBNP) в крови.; Анализ крови биохимический (креатинин с рСКФ, калий, натрий) и общий анализ крови.; Исследование уровня тропонина I или T в крови."
tech2,655,2026 Задание 61,2026 ФП 8,Кардио-задания 2026,21,21,20,публичный,2026-03-19,"Пациент Мужчина, 50 лет, доставлен бригадой скорой помощи в приёмное отделение с жалобами на нерегулярное учащённое сердцебиение.",Выберите необходимые инструментальные исследования; Диспансеризация и дальнейшее ведение,Пароксизм фибрилляции предсердий на фоне синдрома WPW.; ЭКГ в 12 отведениях.; Трансторакальная эхокардиография (ЭхоКГ).; Пароксизмальная фибрилляция предсердий на фоне манифестирующего синдрома Вольфа-Паркинсона-Уайта. Гемодинамическая нестабильность.
tech2,654,2026 Задание 60,2026 ФП 7,Кардио-задания 2026,27,27,20,публичный,2026-03-19,"Пациент Мужчина 38 лет, профессиональный велогонщик, обратился на амбулаторный приём к врачу-кардиологу.",Выберите необходимые лабораторные исследования; Выберите необходимые инструментальные исследования,"Пароксизмальная фибрилляция предсердий.; Общий (клинический) анализ крови.; Биохимический анализ крови (креатинин, АЛТ, АСТ, калий, натрий).; Анализ крови на гормоны щитовидной железы (ТТГ, св. Т4)."
tech2,653,2026 Задание 59,2026 ФП 6,Кардио-задания 2026,27,27,20,публичный,2026-03-19,Пациент Пациент 68 лет на амбулаторном приёме у врача-терапевта.,Выберите необходимые лабораторные исследования; Выберите необходимые инструментальные исследования,"Фибрилляция предсердий, пароксизмальная форма.; Гипертоническая болезнь.; Ишемическая болезнь сердца (под вопросом).; Общий (клинический) анализ крови."
tech2,652,2026 Задание 58,2026 ФП 5,Кардио-задания 2026,27,27,20,публичный,2026-03-19,"Пациент Пациентка, женщина, 48 лет, обратилась на амбулаторный прием к врачу-кардиологу.",Выберите необходимые лабораторные исследования; Выберите необходимые инструментальные исследования,"Пароксизмальная фибрилляция предсердий.; Тиреотоксикоз.; Общий анализ крови, биохимический анализ крови (креатинин, АЛТ, АСТ, калий, натрий).; Исследование уровня ТТГ и свободного Т4."
tech2,651,2026 Задание 57,2026 ФП 4,Кардио-задания 2026,27,27,20,публичный,2026-03-19,"Пациент Мужчина, 78 лет. Амбулаторный прием у врача-кардиолога.",Выберите необходимые лабораторные исследования; Выберите необходимые инструментальные исследования,"Фибрилляция предсердий, персистирующая форма. Тахисистолический вариант.; Хроническая сердечная недостаточность 2А стадии, II ФК.; Общий анализ крови (гемоглобин, эритроциты, тромбоциты).; Биохимический анализ крови: креатинин (с расчетом СКФ по формуле Кокрофта-Голта), АЛТ, АСТ, калий, глюкоза."
tech2,650,2026 Задание 56,2026 ФП 3,Кардио-задания 2026,27,27,20,публичный,2026-03-19,"Пациент Мужчина, 32 года. Амбулаторный прием у врача-кардиолога.",Выберите необходимые лабораторные исследования; Выберите необходимые инструментальные исследования,"Пароксизмальная фибрилляция предсердий.; Общий (клинический) анализ крови.; Биохимический анализ крови (креатинин, калий, натрий, АЛТ, АСТ, глюкоза).; Исследование уровня ТТГ и Т4 свободного в крови."
tech2,649,2026 Задание 55,2026 ФП 2,Кардио-задания 2026,27,27,20,публичный,2026-03-19,"Пациент Пациент, мужчина, 78 лет, на амбулаторном приеме у кардиолога.",Выберите необходимые лабораторные исследования; Выберите необходимые инструментальные исследования,"Постоянная форма фибрилляции предсердий (ФП).; Общий анализ крови (с определением уровня гемоглобина и тромбоцитов).; Биохимический анализ крови (креатинин с расчетом КК, АСТ, АЛТ, билирубин).; Международное нормализованное отношение (МНО)."
tech2,648,2026 Задание 54,2026 ФП 1,Кардио-задания 2026,27,27,20,публичный,2026-03-19,"Пациент Пациентка, 67 лет, обратилась на амбулаторный приём к врачу-кардиологу.",Выберите необходимые лабораторные исследования; Выберите необходимые инструментальные исследования,"Пароксизмальная фибрилляция предсердий.; Развернутый клинический анализ крови.; Биохимический анализ крови (креатинин, АЛТ, АСТ, билирубин, калий).; Коагулограмма (МНО)."
tech2,647,2026 Задание 53,2026 НЖТ 5,Кардио-задания 2026,29,29,20,публичный,2026-03-19,"Пациент Пациент, мужчина 68 лет, обратился на плановый амбулаторный приём к врачу-кардиологу.",Выберите необходимые лабораторные исследования; Выберите необходимые инструментальные исследования на первичном этапе,"Трепетание предсердий.; Общий (клинический) анализ крови.; Биохимический анализ крови (креатинин, калий, натрий, глюкоза).; Исследование уровня тиреотропного гормона (ТТГ)."
tech2,646,2026 Задание 52,2026 НЖТ 4,Кардио-задания 2026,27,27,20,публичный,2026-03-19,"Пациент Мужчина, 68 лет, доставлен бригадой скорой медицинской помощи в приёмное отделение с жалобами на внезапно возникшее учащённое сердцебиение.",Выберите необходимые лабораторные исследования; Выберите необходимые инструментальные исследования,"Трепетание предсердий.; АВ-узловая реципрокная тахикардия (АВУРТ).; Общий (клинический) анализ крови.; Биохимический анализ крови (креатинин, калий, натрий)."
tech2,645,2026 Задание 51,2026 НЖТ 3,Кардио-задания 2026,20,20,20,публичный,2026-03-19,"Пациент Пациентка, женщина, 35 лет, доставлена в приемное отделение бригадой скорой медицинской помощи с жалобами на внезапное учащенное сердцебиение.",Выберите необходимые инструментальные исследования; Определите правильную последовательность действий для купирования приступа:,"Пароксизмальная АВ-узловая реципрокная тахикардия (АВУРТ).; Регистрация ЭКГ в 12 отведениях.; Пароксизмальная атриовентрикулярная узловая реципрокная тахикардия.; Вагусные приемы, при неэффективности — в/в введение трифосаденина (АТФ)."
tech2,644,2026 Задание 50,2026 НЖТ 2,Кардио-задания 2026,27,27,20,публичный,2026-03-19,"Пациент Пациент: женщина, 32 года, на амбулаторном приёме у врача-терапевта.",Выберите необходимые лабораторные исследования; Выберите необходимые инструментальные исследования,"Пароксизмальная наджелудочковая тахикардия.; Общий (клинический) анализ крови.; Биохимический анализ крови (креатинин, калий, натрий, глюкоза).; Анализ крови на тиреотропный гормон (ТТГ)."
tech2,643,2026 Задание 49,2026 НЖТ 1,Кардио-задания 2026,27,27,20,публичный,2026-03-19,"Пациент Пациент, мужчина 35 лет, доставлен бригадой скорой медицинской помощи в приёмное отделение с жалобами на внезапно возникшее сильное сердцебиение и голов",Выберите необходимые лабораторные исследования; Выберите необходимые инструментальные исследования,"Фибрилляция предсердий с антеградным проведением по дополнительному проводящему пути (синдром Вольфа-Паркинсона-Уайта).; Общий (клинический) анализ крови.; Исследование уровня креатинина, натрия, калия, глюкозы.; Исследование уровня тиреотропного гормона (ТТГ)."
tech2,642,2026 Задание 47,2026 ИМпST 7,Кардио-задания 2026,25,25,20,публичный,2026-03-19,"Пациент Мужчина, 65 лет.",Выберите необходимые лабораторные исследования; Выберите необходимые инструментальные исследования,"ОКСпST нижне-задний, с возможным вовлечением ПЖ.; Тропонин I/T (экспресс).; Общий анализ крови.; Биохимия (мочевина, креатинин, АСТ, АЛТ, билирубин)."
tech2,641,2026 Задание 46,2026 ИМпST 6,Кардио-задания 2026,25,25,20,публичный,2026-03-19,"Пациент Мужчина, 62 года.",Выберите необходимые лабораторные исследования; Выберите необходимые инструментальные исследования,"ОКСпST.; Тропонин I/T (экспресс).; Общий анализ крови.; Биохимия (мочевина, креатинин, глюкоза, АСТ, АЛТ, билирубин, липидный профиль)."
tech2,640,2026 Задание 45,2026 ИМпST 5,Кардио-задания 2026,25,25,20,публичный,2026-03-19,"Пациент Мужчина, 65 лет.",Выберите необходимые лабораторные исследования; Выберите необходимые инструментальные исследования,"ОКСпST.; Тропонин I/T.; ОАК.; Биохимия (креатинин с рСКФ, глюкоза, калий)."
tech2,639,2026 Задание 44,2026 ИМпST 4,Кардио-задания 2026,25,25,20,публичный,2026-03-19,"Пациент Мужчина, 67 лет.",Выберите необходимые лабораторные исследования; Выберите необходимые инструментальные исследования на первичном этапе,"ОКСпST.; Тропонин I/T.; ОАК.; Биохимия (креатинин с рСКФ, глюкоза, калий)."
tech2,638,2026 Задание 43,2026 ИМпST 3,Кардио-задания 2026,25,25,20,публичный,2026-03-19,"Пациент Мужчина, 55 лет.",Выберите необходимые лабораторные исследования; Выберите необходимые инструментальные исследования на первичном этапе,"ОКСпST.; Тропонин I/T.; Общий анализ крови.; Биохимия (креатинин, глюкоза, калий, липидный профиль)."
tech2,637,2026 Задание 42,2026 ИМпST 2,Кардио-задания 2026,25,25,20,публичный,2026-03-19,"Пациент Женщина, 72 года.",Выберите необходимые лабораторные исследования; Выберите необходимые инструментальные исследования,"ОКСпST.; Тропонин I/T.; Биохимия (креатинин с рСКФ, глюкоза, калий).; Общий анализ крови."
tech2,636,2026 Задание 41,2026 ИМпST 1,Кардио-задания 2026,27,27,20,публичный,2026-03-19,"Пациент Мужчина, 68 лет.",Выберите необходимые лабораторные исследования; Выберите необходимые инструментальные исследования,ОКСпST.; Тропонин I/T.; Общий анализ крови.; Креатинин с рСКФ.
tech2,628,2026 Задание 40,2026 ИМБОКА 7,Кардио-задания 2026,27,27,20,публичный,2026-03-19,"Пациент Мужчина, 58 лет. Госпитализирован с жалобами на длительную боль в грудной клетке.",Выберите необходимые лабораторные исследования; Выберите необходимые инструментальные исследования,ИМ без подъема ST.; Тропонин T или I (вч) в динамике (алгоритм 0/1 или 0/2 или 0/3 часа).; Общий клинический анализ крови.; 12-канальная ЭКГ.
tech2,627,2026 Задание 39,2026 ОКСбпST 6,Кардио-задания 2026,27,27,20,публичный,2026-03-19,"Пациент Мужчина, 62 года. Доставлен бригадой скорой помощи с жалобами на интенсивную давящую боль за грудиной, иррадиирующую в левую руку, возникшую 2 часа наза",Выберите необходимые лабораторные исследования; Выберите необходимые инструментальные исследования,"ОКСбпST, тип 1.; Тропонин I/T (вч) с повторным определением через 1–3 часа.; Общий (клинический) анализ крови.; Биохимический анализ крови (креатинин с СКФ, электролиты, глюкоза, липидный профиль, печеночные ферменты)."
tech2,626,2026 Задание 38,2026 ОКСбпST 5,Кардио-задания 2026,25,25,20,публичный,2026-03-19,"Пациент Мужчина, 62 года.",Выберите необходимые лабораторные исследования; Выберите необходимые инструментальные исследования,"Острый коронарный синдром без подъема сегмента ST (ОКСбпST).; Тропонин I или T (вч) в динамике.; Общий (клинический) анализ крови.; Биохимический анализ крови (креатинин с рСКФ, глюкоза, калий, липидный профиль)."
tech2,625,2026 Задание 37,2026 ОКСбпST 4,Кардио-задания 2026,25,25,20,публичный,2026-03-19,"Пациент Женщина, 70 лет.",Выберите необходимые лабораторные исследования; Выберите необходимые инструментальные исследования,"Острый коронарный синдром без подъема сегмента ST (ОКСбпST).; Тропонин I или T (вч) в динамике (0–1 час или 0–2 часа).; ОАК и биохимический анализ крови (креатинин с рСКФ, глюкоза, калий, липидный профиль).; Коагулограмма (АЧТВ, МНО)."
tech2,624,2026 Задание 36,2026 ОКСбпST 3,Кардио-задания 2026,25,25,20,публичный,2026-03-19,"Пациент Мужчина, 69 лет.",Выберите необходимые лабораторные исследования; Выберите необходимые инструментальные исследования,"Острый коронарный синдром без подъема сегмента ST (ОКСбпST).; Тропонин I или T (вч) в динамике (0–1 час).; Общий (клинический) анализ крови.; Биохимический анализ крови (креатинин с рСКФ, глюкоза, калий, липидный профиль)."
tech2,623,2026 Задание 35,2026 ОКСбпST 2,Кардио-задания 2026,25,25,20,публичный,2026-03-19,"Пациент Женщина, 66 лет.",Выберите необходимые лабораторные исследования; Выберите необходимые инструментальные исследования,Острый коронарный синдром без подъема сегмента ST (ОКСбпST).; Тропонин I или T (вч) в динамике (0–1 час или 0–2 часа).; ОАК и биохимический анализ крови.; Натрийуретический пептид (BNP или NT-proBNP).
tech2,622,2026 Задание 34,2026 ОКСбпST 1,Кардио-задания 2026,25,25,20,публичный,2026-03-19,"Пациент Женщина, 68 лет.",Выберите необходимые лабораторные исследования; Выберите необходимые инструментальные исследования,"Острый коронарный синдром без подъема сегмента ST (ОКСбпST).; Тропонин I или T (высокочувствительный) в динамике.; Общий (клинический) анализ крови.; Биохимический анализ крови (креатинин с рСКФ, глюкоза, калий, липидный профиль)."
tech2,621,2026 Задание 33,2026 ИБС 5,Кардио-задания 2026,27,27,20,публичный,2026-03-19,"Пациент Мужчина, 62 года, на амбулаторном приёме у врача-кардиолога.",Выберите необходимые лабораторные исследования; Выберите необходимые инструментальные исследования,"Стабильная стенокардия напряжения.; Общий (клинический) анализ крови.; Анализ крови по оценке нарушений липидного обмена (ОХС, ХС-ЛПНП, ХС-ЛПВП, ТГ).; Исследование уровня креатинина в крови с расчётом СКФ."
tech2,620,2026 Задание 32,2026 ИБС 4,Кардио-задания 2026,27,27,20,публичный,2026-03-19,Пациент Мужчина 58 лет обратился в поликлинику к врачу-кардиологу.,Выберите необходимые лабораторные исследования; Выберите необходимые инструментальные исследования,"Стабильная стенокардия напряжения, ФК II–III.; Общий анализ крови (Hb, лейкоциты, тромбоциты).; Глюкоза натощак, HbA1c.; Липидный профиль (ОХС, ХсЛНП, ТГ, ХсЛВП)."
tech2,619,2026 Задание  31,2026 ИБС 3,Кардио-задания 2026,27,27,20,публичный,2026-03-19,"Пациент Мужчина, 65 лет, с анамнезом ишемической болезни сердца (ИБС), перенёс аортокоронарное шунтирование (АКШ) 3 года назад. Амбулаторный прием у кардиолога.",Выберите необходимые лабораторные исследования; Выберите необходимые инструментальные исследования,"Стабильная ишемическая болезнь сердца (ИБС), после аортокоронарного шунтирования, стенокардия напряжения II ФК.; Общий анализ крови.; Липидный профиль.; Гликированный гемоглобин."
tech2,607,2026 Задание 30,2026 ИБС 2,Кардио-задания 2026,27,27,20,публичный,2026-03-10,Пациент Мужчина 58 лет обратился в поликлинику к врачу-кардиологу с жалобами на боли за грудиной при ходьбе по лестнице и на холоде; цель: провести обследование,Выберите необходимые лабораторные исследования; Выберите необходимые инструментальные исследования,"Стенокардия напряжения стабильная, ФК II; Общий (клинический) анализ крови развернутый (Hb, эритроциты, лейкоциты); Липидный профиль: ОХС, ХсЛНП, ХсЛВП, ТГ; расчет не-ЛВП; Глюкоза натощак, HbA1c; при неубедительных — ПГТТ"
tech2,606,2026 Задание 29,2026 ИБС 1,Кардио-задания 2026,27,27,20,публичный,2026-03-10,"Пациент Описание случая: Пациент, мужчина 55 лет, обратился в поликлинику к врачу-терапевту с жалобами на боли в грудной клетке.",Выберите необходимые лабораторные исследования; Выберите необходимые инструментальные исследования,"Стабильная стенокардия напряжения, III функциональный класс.; Общий (клинический) анализ крови развернутый.; Биохимический анализ крови (включая липидный спектр, креатинин, глюкозу).; Исследование уровня тиреотропного гормона (ТТГ) в крови."
tech2,590,2026 Задание 28,2026 ЖА 7,Кардио-задания 2026,27,27,20,публичный,2026-03-09,"Пациент Пациент: Мужчина, 32 года, программист. Направлен терапевтом на консультацию к кардиологу после эпизода потери сознания на улице.",Выберите необходимые исследования; Выберите необходимые инструментальные исследования на первичном этапе,"Гипертрофическая кардиомиопатия (ГКМП).; ЭКГ, Эхокардиография, суточное мониторирование ЭКГ по Холтеру, МРТ сердца с контрастированием, нагрузочный тест.; ЭКГ в 12 отведениях.; Суточное мониторирование АД (СМАД)."
tech2,589,2026 Задание 27,2026 ЖА 6,Кардио-задания 2026,27,27,20,публичный,2026-03-09,"Пациент Пациент: Мужчина, 52 года, работает бухгалтером. Обратился к терапевту по настоянию жены с жалобами на громкий храп и эпизоды задержки дыхания во сне.",Выберите необходимые исследования; Выберите необходимые инструментальные исследования на первичном этапе,"Синдром обструктивного апноэ сна (СОАС) тяжелой степени. Артериальная гипертензия.; Полисомнография, ЭКГ, Холтеровское мониторирование ЭКГ, ЭхоКГ, общий и биохимический анализ крови, липидный профиль, гликированный гемоглобин.; ЭКГ в 12 отведениях.; Суточное мониторирование АД (СМАД)."
tech2,588,2026 Задание 26,2026 ЖА 5,Кардио-задания 2026,27,27,20,публичный,2026-03-09,"Пациент Пациентка: Женщина, 28 лет, первая беременность, срок 22 недели. Обратилась на амбулаторный приём к кардиологу с жалобами на перебои в работе сердца.",Выберите необходимые исследования; Выберите необходимые инструментальные исследования на первичном этапе,"Частая желудочковая экстрасистолия, вероятно, идиопатическая, возникшая на фоне беременности.; ЭКГ, Холтеровское мониторирование ЭКГ, Эхокардиография, анализ крови на электролиты (калий, магний) и гормоны щитовидной железы (ТТГ).; ЭКГ в 12 отведениях.; Суточное мониторирование АД (СМАД)."
tech2,587,2026 Задание 25,2026 ЖА 1,Кардио-задания 2026,27,27,20,публичный,2026-03-09,"Пациент Пациент: Мужчина, 68 лет, госпитализирован в блок интенсивной терапии.",Выберите необходимые лабораторные исследования; Выберите необходимые инструментальные исследования,"Мономорфная ЖТ, обусловленная механизмом re-entry в зоне постинфарктного рубца.; Определение уровня тропонинов.; Определение уровня калия и магния в сыворотке крови.; Исследование уровня натрийуретического пептида (BNP/NT-proBNP)."
tech2,585,2026 Задание 24,2026 ЖА 4,Кардио-задания 2026,27,27,20,публичный,2026-03-09,"Пациент Пациент: Мужчина, 25 лет, профессиональный баскетболист, направлен на консультацию кардиолога после эпизода потери сознания во время тренировки.",Выберите необходимые лабораторные исследования; Выберите необходимые инструментальные исследования,"Аритмогенная кардиомиопатия правого желудочка (АКПЖ).; ЭКГ покоя, сигнал-усредненная ЭКГ (СУ-ЭКГ), Холтеровское мониторирование, ЭхоКГ, МРТ сердца с контрастированием для оценки структуры и функции правого желудочка.; Аритмогенная кардиомиопатия правого желудочка. Неустойчивая желудочковая тахикардия. Синкопальное состояние. Высокий риск внезапной сердечной смерти.; Полное прекращение занятий спортом. Имплантация кардиовертера-дефибриллятора (ИКД). Назначение бета-адреноблокаторов."
tech2,584,2026 Задание 23,2026 ЖА 3,Кардио-задания 2026,24,24,20,публичный,2026-03-09,"Пациент Пациент: Мужчина, 38 лет, доставлен бригадой скорой помощи в приемное отделение после эпизода потери сознания с судорогами во сне.",Выберите необходимые лабораторные исследования; Выберите необходимые инструментальные исследования,"Наследственная каналопатия: Синдром Бругада.; ЭКГ в 12 отведениях с регистрацией правых грудных отведений (V1-V2) в стандартных и высоких (2-3 межреберье) позициях, ЭхоКГ, суточное мониторирование ЭКГ, при необходимости — лекарственная провокационная проба с блокатором натриевых каналов (прокаинамид, аймалин).; Синдром Бругада, спонтанный 1-й тип ЭКГ. Синкопальная форма. Пароксизмы полиморфной ЖТ. Высокий риск ВСС.; Имплантация кардиовертера-дефибриллятора (ИКД) для вторичной профилактики ВСС. Информирование пациента о необходимости избегать провоцирующих факторов (лихорадка, обильный прием пищи, алкоголь) и ряда лекарственных препаратов."
tech2,582,2026 Задание 22,2026 ЖА 2,Кардио-задания 2026,27,27,20,публичный,2026-03-09,"Пациент Пациент: Женщина, 28 лет, направлена на консультацию в кардиологический центр после повторного эпизода потери сознания.",Выберите необходимые лабораторные исследования; Выберите необходимые инструментальные исследования,"Наследственная каналопатия: Синдром удлиненного интервала QT (СУИQT).; ЭКГ в 12 отведениях с ручным расчетом QTc, ЭхоКГ, суточное мониторирование ЭКГ, проба с дозированной физической нагрузкой, молекулярно-генетическое тестирование на гены KCNQ1, KCNH2, SCN5A.; Врожденный синдром удлиненного интервала QT, 2-й генетический тип (мутация в гене KCNH2). Синкопальная форма. Пароксизмы полиморфной желудочковой тахикардии. Вторичная профилактика ВСС.; Пожизненный прием бета-адреноблокаторов (например, пропранолол или надолол) в максимально переносимой дозе + имплантация двухкамерного ИКД."
tech2,580,2026 Задание 21,2026 Липиды 5,Кардио-задания 2026,27,27,20,публичный,2026-03-08,"Пациент Мужчина, 58 лет. Плановый приём у эндокринолога/кардиолога.",Выберите необходимые лабораторные исследования; Выберите необходимые инструментальные исследования,"Атерогенная (диабетическая) дислипидемия.; Липидный профиль + ХС неЛВП.; HbA1c.; Креатинин (с СКФ), ОАМ с альбуминурией."
tech2,579,2026 Задание 20,2026 Липиды 4,Кардио-задания 2026,27,27,20,публичный,2026-03-08,"Пациент Женщина, 82 года. Плановый амбулаторный приём у кардиолога.",Выберите необходимые лабораторные исследования; Выберите необходимые инструментальные исследования,"Гипертоническая болезнь I стадии. Артериальная гипертензия 1 степени. Риск 2 (умеренный).; Липидный профиль, ХС неЛВП.; Креатинин (с СКФ), мочевина.; HbA1c, глюкоза натощак."
tech2,578,2026 Задание 19,2026 Липиды 3,Кардио-задания 2026,27,27,20,публичный,2026-03-08,"Пациент Девушка, 19 лет, студентка. Плановый осмотр для допуска к занятиям спортом.",Выберите необходимые лабораторные исследования; Выберите необходимые инструментальные исследования,"Подозрение на СГХС.; Липидный профиль.; АЛТ, АСТ, КФК.; ТТГ, глюкоза."
tech2,577,2026 Задание 18,2026 Липиды 2,Кардио-задания 2026,27,27,20,публичный,2026-03-08,"Пациент Мужчина, 55 лет. Приёмное отделение стационара (доставлен СМП).",Выберите необходимые лабораторные исследования; Выберите необходимые инструментальные исследования,"Острый панкреатит на фоне тяжелой гипертриглицеридемии.; Липидный профиль.; Амилаза и липаза сыворотки.; ОАК, СРБ."
tech2,575,2026 Задание 17,2026 Липиды 1,Кардио-задания 2026,27,27,20,публичный,2026-03-08,"Пациент Мужчина, 42 года. Амбулаторный приём у кардиолога.",Выберите необходимые лабораторные исследования; Выберите необходимые инструментальные исследования,"Семейная гиперхолестеринемия (СГХС).; Липидный профиль (ОХС, ХС ЛНП, ХС ЛВП, ТГ).; АЛТ, АСТ, КФК.; Глюкоза крови, креатинин (с расчетом СКФ)."
tech2,574,2026 Задание 16,2026 Бради 6,Кардио-задания 2026,27,27,20,публичный,2026-03-08,"Пациент Женщина, 72 года. Обратилась на амбулаторный прием к кардиологу.",Выберите необходимые лабораторные исследования; Выберите необходимые инструментальные исследования,"Синдром слабости синусового узла (СССУ).; Симптоматическая брадикардия.; ОАК.; Биохимия (калий, натрий)."
tech2,573,2026 Задание 15,2026 Бради 5,Кардио-задания 2026,27,27,20,публичный,2026-03-08,"Пациент Мужчина, 68 лет. Обратился на амбулаторный прием к кардиологу.",Выберите необходимые лабораторные исследования; Выберите необходимые инструментальные исследования,"СССУ, синдром тахикардии-брадикардии.; ОАК.; Биохимия (калий, натрий, креатинин, глюкоза).; ТТГ."
tech2,572,2026 Задание 14,2026 Бради 4,Кардио-задания 2026,27,27,20,публичный,2026-03-08,"Пациент Женщина, 32 года, на 24-й неделе первой беременности. Обратилась к кардиологу.",Выберите необходимые лабораторные исследования; Выберите необходимые инструментальные исследования,"Дисфункция синусового узла (ДСУ).; Атриовентрикулярная блокада.; Общий анализ крови.; Биохимический анализ (калий, натрий, креатинин)."
tech2,571,2026 Задание 13,2026 Бради 3,Кардио-задания 2026,27,27,20,публичный,2026-03-08,"Пациент Мужчина, 30 лет, профессиональный триатлонист. Обратился для планового ежегодного обследования.",Выберите необходимые лабораторные исследования; Выберите необходимые инструментальные исследования,Физиологическая синусовая брадикардия (спортивное сердце).; Дисфункция синусового узла (ДСУ).; Общий анализ крови.; Исследование уровня ТТГ.
tech2,570,2026 Задание 12,2026 Бради 2,Кардио-задания 2026,27,27,20,публичный,2026-03-08,"Пациент Мужчина, 68 лет. Обратился на амбулаторный прием к врачу-кардиологу.",Выберите необходимые лабораторные исследования; Выберите необходимые инструментальные исследования,"Дисфункция синусового узла (ДСУ). Синдром тахикардии-брадикардии.; Предсердно-желудочковая блокада (ПЖБ) высокой степени.; Общий анализ крови.; Анализ крови биохимический (калий, натрий, креатинин)."
tech2,569,2026 Задание 11,2026 Бради 1,Кардио-задания 2026,27,27,20,публичный,2026-03-08,"Пациент Мужчина, 55 лет. Обратился на амбулаторный прием к врачу-кардиологу.",Выберите необходимые лабораторные исследования; Выберите необходимые инструментальные исследования,"Преходящая предсердно-желудочковая блокада (ПЖБ).; Общий (клинический) анализ крови.; Электролиты (калий, натрий).; Исследование уровня тиреотропного гормона (ТТГ) в крови."
tech2,568,2026 Задание 10,2026 АГ 10,Кардио-задания 2026,27,27,20,публичный,2026-03-06,"Пациент Мужчина, 48 лет. Обратился на плановый приём к врачу-терапевту для прохождения диспансеризации. Активных жалоб не предъявляет.",Выберите необходимые лабораторные исследования; Выберите необходимые инструментальные исследования,"Высокое нормальное артериальное давление.; Общий анализ крови.; Биохимический анализ крови (глюкоза, креатинин с расчетом СКФ, калий, натрий, мочевая кислота).; Липидограмма (ОХС, ЛПНП, ЛПВП, ТГ)."
tech2,567,2026 Задание 9,2026 АГ 9,Кардио-задания 2026,27,27,20,публичный,2026-03-06,"Пациент Женщина, 45 лет, на амбулаторном приёме у врача-кардиолога с жалобами на стабильно высокие цифры артериального давления, несмотря на приём трёхкомпонент",Выберите необходимые лабораторные исследования; Выберите необходимые инструментальные исследования,Резистентная артериальная гипертензия.; Вторичная (симптоматическая) АГ на фоне первичного гиперальдостеронизма.; Определение соотношения альдостерон/ренин в плазме крови.; Исследование уровня калия и натрия в крови.
tech2,566,2026 Задание 8,2026 АГ 8,Кардио-задания 2026,27,27,20,публичный,2026-03-06,"Пациент Пациентка К., 32 года, на 28-й неделе первой беременности. Поступила на амбулаторный прием к акушеру-гинекологу с жалобами.",Выберите необходимые лабораторные исследования; Выберите необходимые инструментальные исследования,"Гестационная артериальная гипертензия.; Преэклампсия.; Общий анализ мочи с определением белка.; Биохимический анализ крови (креатинин, мочевая кислота, АЛТ, АСТ)."
tech2,565,2026 Задание 7,2026 АГ 7,Кардио-задания 2026,27,27,20,публичный,2026-03-06,"Пациент Мужчина, 75 лет. Плановый амбулаторный приём у кардиолога.",Выберите необходимые лабораторные исследования; Выберите необходимые инструментальные исследования,"Гипертоническая болезнь III стадии. Риск 4 (очень высокий).; Общий анализ крови, биохимический анализ крови (креатинин с СКФ, глюкоза, калий, натрий, мочевая кислота), липидограмма, анализ мочи с альбумин/креатинин.; ЭКГ в 12 отведениях, ЭхоКГ, дуплексное сканирование брахиоцефальных артерий.; Гипертоническая болезнь III стадии. АГ 2 степени. ИБС, постинфарктный кардиосклероз. ХСН I, ФК II. Атеросклероз БЦА. ХБП С3аА2. Дислипидемия. Риск 4 (очень высокий)."
tech2,564,2026 Задание 6,2026 АГ 6,Кардио-задания 2026,27,27,20,публичный,2026-03-06,"Пациент Мужчина, 52 года. Жалобы на частые головные боли и утомляемость.",Выберите необходимые лабораторные исследования; Выберите необходимые инструментальные исследования,"Артериальная гипертензия 2-й степени.; Общий анализ крови.; Глюкоза крови (натощак), HbA1c.; Общий холестерин, ЛПНП/ЛПВП/ТГ."
tech2,562,2026 Задание 5,2026 АГ 5,Кардио-задания 2026,27,27,20,публичный,2026-03-06,"Пациент Мужчина, 55 лет. Обратился на амбулаторный прием к врачу-терапевту.",Выберите необходимые лабораторные исследования; Выберите необходимые инструментальные исследования,"Гипертоническая болезнь II стадии.; Сахарный диабет 2 типа, стадия субкомпенсации.; Общий анализ крови, глюкоза натощак, HbA1c, липидный профиль, креатинин с расчетом СКФ, калий, натрий, мочевая кислота, анализ мочи с альбумин/креатинин.; ЭКГ в 12 отведениях, ЭхоКГ, СМАД, УЗИ почек и дуплексное сканирование почечных артерий, офтальмоскопия."
tech2,560,2026 Задание 4,2026 АГ 4,Кардио-задания 2026,27,27,20,публичный,2026-03-06,"Пациент Мужчина, 68 лет, на плановом амбулаторном приёме у врача-кардиолога.",Выберите необходимые лабораторные исследования; Выберите необходимые инструментальные исследования,Резистентная артериальная гипертензия.; Определение соотношения альдостерон/ренин в плазме.; Гликированный гемоглобин (HbA1c).; Суточное мониторирование АД (СМАД).
tech2,559,2026 Задание 3,2026 АГ 3,Кардио-задания 2026,25,25,20,публичный,2026-03-06,"Пациент Мужчина, 28 лет, профессиональный спортсмен (тяжелая атлетика). Обратился на плановый ежегодный медицинский осмотр.",Выберите необходимые лабораторные исследования; Выберите необходимые инструментальные исследования,"Гипертоническая болезнь.; Вторичная (симптоматическая) АГ.; Изолированная офисная АГ («гипертония белого халата»).; Общий (клинический) анализ крови, общий анализ мочи с определением отношения альбумин/креатинин."
tech2,553,2026 Задание 2,2026 АГ 2,Кардио-задания 2026,27,27,20,публичный,2026-02-28,"Пациент Мужчина, 62 года. Обратился на плановый прием к кардиологу для коррекции антигипертензивной терапии.",Выберите необходимые лабораторные исследования; Выберите необходимые инструментальные исследования,"Гипертоническая болезнь.; Синдром обструктивного апноэ сна (СОАС).; Общий анализ крови и мочи.; Биохимический анализ крови (креатинин с расчетом СКФ, калий, натрий, глюкоза, мочевая кислота, липидный профиль)."
tech2,538,2026 Задание 1,2026 АГ 1,Кардио-задания 2026,27,27,20,публичный,2026-02-25,"Пациент Женщина, 42 года, работает бухгалтером. Обратилась на приём к терапевту с жалобами на головные боли, направлена к кардиологу.",Выберите необходимые рутинные лабораторные исследования; Выберите необходимые инструментальные исследования на первичном этапе,"Гипертоническая болезнь I стадии. Артериальная гипертензия 1 степени. Риск 2 (умеренный).; Общий (клинический) анализ крови (гемоглобин, гематокрит).; Исследование уровня глюкозы в крови натощак и HbA1c.; Липидограмма (ОХС, ЛПНП, ЛПВП, ТГ)."
tech2,537,ТКЦ ИИ 07,Тюменский кардиоцентр ИИ 07,Кардиология,23,23,,публичный,2025-09-21,"Пациент Мужчина, 65 лет. Вызвал бригаду скорой медицинской помощи с жалобами на интенсивные боли в груди.",Выберите необходимые лабораторные исследования; Назначение инструментальных исследований,"Острый коронарный синдром с подъемом сегмента ST, нижне-задняя локализация, с возможным вовлечением правого желудочка; Исследование уровня сердечного тропонина I или Т в крови (экспресс-метод на догоспитальном этапе или при поступлении).; Общий (клинический) анализ крови; Анализ крови биохимический общетерапевтический (общий белок, мочевина, общий билирубин, АСТ, АЛТ, креатинин)"
tech2,536,ТКЦ ИИ 06,Тюменский кардиоцентр ИИ 06,Кардиология,23,23,,публичный,2025-09-21,"Пациент Мужчина, 62 года. Поступил в приемное отделение регионального сосудистого центра с жалобами на интенсивные боли в грудной клетке.",Выберите необходимые лабораторные исследования; Какие инструментальные исследования необходимо выполнить?,"Острый коронарный синдром с подъемом сегмента ST (ОКСпST); Исследование уровня сердечного тропонина I или T в крови (экспресс-исследование); Общий (клинический) анализ крови; Анализ крови биохимический общетерапевтический (мочевина, креатинин, глюкоза, АСТ, АЛТ, общий билирубин, липидный профиль)"
tech2,535,ТКЦ ИИ 05,Тюменский кардиоцентр ИИ 05,Кардиология,17,17,,публичный,2025-09-21,"Пациент Мужчина, 65 лет. Доставлен бригадой скорой медицинской помощи (СМП) в приемное отделение стационара, имеющего возможность выполнения чрескожных коронарн",Какие инструментальные исследования необходимо выполнить немедленно?,Острый коронарный синдром с подъемом сегмента ST (ОКСпST); Регистрация ЭКГ в 12 отведениях и в правых грудных отведениях (V3R-V4R); Экстренная коронарография (КГ) с намерением выполнить первичное ЧКВ; Эхокардиография (ЭхоКГ) у постели больного
tech2,534,ТКЦ ИИ 04,Тюменский кардиоцентр ИИ 04,Кардиология,17,17,,публичный,2025-09-21,"Пациент Мужчина, 67 лет. Доставлен бригадой скорой медицинской помощи (СМП) в приемное отделение стационара, имеющего возможность выполнения чрескожных коронарн",Какие инструментальные исследования необходимо выполнить немедленно?,Острый коронарный синдром с подъемом сегмента ST (ОКСпST); Регистрация ЭКГ в 12 отведениях и в правых грудных отведениях (V3R-V4R); Экстренная коронарография (КГ) с намерением выполнить первичное ЧКВ; Эхокардиография (ЭхоКГ) у постели больного
tech2,533,ТКЦ ИИ 03,Тюменский кардиоцентр ИИ 03,Кардиология,21,21,,публичный,2025-09-21,"Пациент Мужчина, 55 лет. Доставлен бригадой скорой медицинской помощи (СМП) в приемное отделение стационара, имеющего возможность выполнения чрескожных коронарн",Выберите необходимые лабораторные исследования при поступлении:; Выберите необходимые инструментальные исследования:,"Острый коронарный синдром с подъемом сегмента ST (ОКСпST); Исследование уровня тропонина I или T в крови; Общий (клинический) анализ крови; Анализ крови биохимический (креатинин, глюкоза, калий, липидный профиль)"
tech2,530,ТКЦ ИИ 02,Тюменский кардиоцентр ИИ 02,Кардиология,21,21,,публичный,2025-09-05,"Пациент: Женщина, 72 года. Доставлена бригадой скорой медицинской помощи (СМП) в приемное отделение стационара, имеющего возможность выполнения чрескожных корон",Выберите необходимые лабораторные исследования; Какие инструментальные исследования необходимо выполнить немедленно?,"Острый коронарный синдром с подъемом сегмента ST (ОКСпST); Исследование уровня тропонина I или T в крови; Анализ крови биохимический (креатинин с расчетом рСКФ, глюкоза, калий); Общий (клинический) анализ крови"
tech2,529,ТКЦ ИИ 01,Тюменский кардиоцентр ИИ 01,Кардиология,22,22,,публичный,2025-09-04,"Пациент Мужчина, 68 лет. Доставлен бригадой скорой медицинской помощи (СМП) в приёмное отделение стационара, имеющего возможность выполнения чрескожных коронарн",Какие лабораторные исследования необходимо выполнить в первую очередь?; Какие инструментальные исследования необходимо выполнить немедленно?,"Острый коронарный синдром с подъемом сегмента ST (ОКСпST); Исследование уровня тропонинов I, T в крови; Общий (клинический) анализ крови; Исследование уровня креатинина в крови с расчетом рСКФ"
tech2,528,Тестирую QR-код,Тестовый полигон,Прочее,1,1,,"служебный, публичный",2025-08-15,,,
tech2,527,Паника в застрявшем лифте,Помощь населению 17 (NEW),Бытовые происшествия,21,21,19,публичный,2025-08-11,"Обычное утро. Вы заходите в лифт, где есть другие люди. Через минуту свет начинает мерцать и лифт застревает. Диспетчер принимает вызов. Рядом стоящая девушка н",Что произошло; Девушка говорит: «Мне трудно дышать. Я умираю»,Спокойным голосом обратитесь к девушке: «Что с вами?»; Спросить есть ли у неё заболевания и особенности; Спокойным голосом попросите её посмотреть вам в глаза; Предложите вместе медленно дышать
tech2,526,Перцовый баллон,Помощь населению 16 (NEW),Бытовые происшествия,26,26,19,публичный,2025-08-11,"После работы вы подъезжаете на машине к своему дому. Во время парковки у вас возникает конфликт с другим водителем, в результате чего он применяет перцовый балл",Что произошло; Вы интенсивно моргаете,Несколько раз интенсивно моргнуть; Окунуть лицо с открытыми глазами в таз с тёплой водой; Промыть глаза молоком; Приложить холод на область век
tech2,522,ЛОР,про козявки,Прочее,12,12,,публичный,2025-07-03,"Описание: Вы — Анна, молодая мама. Вашему сыну Саше всего месяц. Сегодня вы будете заботиться о нём: менять подгузники, купать, кормить и успокаивать. Делайте о",С чего вы начнёте свой день?; Раздел 2: Подгузник,
tech2,521,ТКЦ Задача 10,Тюменский кардиоцентр Задача 10,Кардиология,16,16,,публичный,2025-07-02,"Пациент К, 71 год, неработающий пенсионер доставлен бригадой скорой медицинской помощи в приемное отделение кардиологического стационара.",План обследования,ИБС. ОКС без подъема сегмента ST; Тромбоэмболия легочной артерии; Острый аортальный синдром; ЭХО-КГ
tech2,520,ТКЦ Задача 09,Тюменский кардиоцентр Задача 09,Кардиология,17,17,,публичный,2025-07-02,"Пациент Б, 82 года. Доставлен бригадой скорой медицинской помощи в приемное отделение кардиологического стационара (ЧКВ-центр).",План обследования; Какие осложнения основного заболевания имеются у данного пациента?,ИБС. ОКС с подъемом сегмента ST; ЭХО-КГ; РГ-ОГК; Коронароангиография  (в рамках стратегии первичного ЧКВ)
tech2,519,ТКЦ Задача 08,Тюменский кардиоцентр Задача 08,Кардиология,16,16,,публичный,2025-06-29,"Пациент А, 60 лет, работающий инженер, доставлен в отделение реанимации кардиологического отделения из рентгеноперационной.",,ЭХО-КГ; Кровь на высокочувствительный тропонинчерез 3-6 часов; Динамика ЭКГ; Кровь на высокочувствительный тропонин через 12-24 часа
tech2,518,ТКЦ Задача 07,Тюменский кардиоцентр Задача 07,Кардиология,21,21,,публичный,2025-06-29,"Мужчина 42 года, безработный, доставлен бригадой скорой медицинской помощи в приемное отделение дежурного кардиологического стационара (ЧКВ-центр).","Какие дополнительные обследования необходимо провести пациенту?; Какие группы факторов риска, ассоциированные с развитием ИМ, необходимо учитывать у данного пациента?",ИБС: Острый коронарный синдром с подъемом сегмента ST; ЭХОКГ; КТ-ОГК; Коронароангиография
tech2,517,ТКЦ Задача 06,Тюменский кардиоцентр Задача 06,Кардиология,18,18,,публичный,2025-06-29,"Пациент Д, 49 лет, водитель автобуса, доставлен бригадой скорой медицинской помощи в приемное отделение дежурного кардиологического стационара (ЧКВ-центр).",Какие дополнительные обследования необходимо провести пациенту?; Какая группа препаратов не рекомендована пациенту с ИМ правого желудочка?,ИБС: Острый коронарный синдром с подъемом сегмента ST; Коронароангиография (в рамках стратегии первичного ЧКВ); Определение уровня тропонина I; Исследование общего анализа крови
tech2,516,ТКЦ Задача 05,Тюменский кардиоцентр Задача 05,Кардиология,19,19,,публичный,2025-06-29,"Пациентка Ф, 82 года, пенсионерка, доставлена бригадой скорой медицинской помощи в приемное отделение дежурного кардиологического стационара.",Какие дополнительные обследования необходимо провести пациенту?; В течение какого периода пациенту показана тройная антитромботическая терапия?,ИБС: Острый коронарный синдром без подъема сегмента ST переднебоковой области левого желудочка; ЭХОКГ; КТ-ОГК; Коронароангиография
tech2,515,ТКЦ Задача 04,Тюменский кардиоцентр Задача 04,Кардиология,18,18,,публичный,2025-06-29,"Пациентка Ц. 68 лет, пенсионер, сельский житель, самостоятельно обратилась в приемное отделение.","Какие дополнительные обследования необходимо провести пациенту?; Укажите факторы, определяющие группу риска у данного пациента.",ИБС: Острый коронарный синдром без подъема сегмента ST передней области левого желудочка; ЭХОКГ; КТ-ОГК; Коронароангиография
tech2,514,ТКЦ Задача 03,Тюменский кардиоцентр Задача 03,Кардиология,20,20,,публичный,2025-06-28,"Пациентка П, 89 лет, пенсионерка, выраженные явления дисциркуляторной энцефалопатии, маломобильна.",Какие дополнительные обследования необходимо провести пациенту?; Какие данные необходимо учитывать при назначении ПОАК при выявленной патологии?,Тромбоэмболия легочной артерии; Geneva; Wells; ТТ Эхокардиография
tech2,513,ТКЦ Задача 02,Тюменский кардиоцентр Задача 02,Кардиология,17,17,,публичный,2025-06-28,"Пациент Г, 45 лет, доставлен бригадой скорой медицинской помощи в приемное отделение кардиологического стационара",Какие дополнительные обследования необходимо провести пациенту?,Тромбоэмболия легочной артерии; Трансторокальная  эхокардиография; Двусторонняя компрессионная УЗДГ; КТ-ангиопульмонография
tech2,512,ТКЦ Задача 01,Тюменский кардиоцентр Задача 01,Кардиология,18,18,,публичный,2025-05-18,"Пациент П, 71 год, неработающий пенсионер доставлен бригадой скорой медицинской помощи в экстренном порядке в приемное отделение кардиологического стационара",Какие дополнительные обследования необходимо провести пациенту?; В течение какого периода пациенту показана тройная антитромботическая терапия?,Острый коронарный синдром с подъемом с. ST  нижней стенки левого желудочка; АВ-блокада 2 степени; Эхокардиография; Коронароангиография (в рамках стратегии первичного ЧКВ)
tech2,510,ЭКГ-20 из 100,100 тестов ЭКГ (Тюменский кардиоцентр),Кардиология,103,103,,публичный,2025-05-07,"Нужно ответить на 20 вопросов, которые будут выданы в случайном порядке из базы вопросов. Удачи!","Пациент: Женщина 45 лет. Жалоб нет.; Пациент: Мужчина, 26 лет. Ноющая боль в грудной клетке после подъема тяжести.","Синусовый ритм, частота 60 в 1 мин.; Синусовый ритм, частота 66 в 1 мин. Паттерн ранней реполяризации      желудочков.; Синусовый ритм, частота 91 в 1 мин.  Атрио-вентрикулярная блокада 1 степени.; Эктопический предсердный ритм, частота 81 в 1 мин."
tech2,506,ЭКГ-10 из 100,100 тестов ЭКГ (Тюменский кардиоцентр),Кардиология,103,103,21,публичный,2025-04-11,"Нужно ответить на 10 вопросов, которые будут выданы в случайном порядке из базы вопросов. Удачи!","Пациент: Женщина 45 лет. Жалоб нет.; Пациент: Мужчина, 26 лет. Ноющая боль в грудной клетке после подъема тяжести.","Синусовый ритм, частота 60 в 1 мин.; Синусовый ритм, частота 66 в 1 мин. Паттерн ранней реполяризации      желудочков.; Синусовый ритм, частота 91 в 1 мин.  Атрио-вентрикулярная блокада 1 степени.; Эктопический предсердный ритм, частота 81 в 1 мин."
tech2,505,Подъем 10 тонн,Ромек,Бытовые происшествия,13,13,,публичный,2025-04-11,"Нужно ответить на 21 вопрос, которые будут выданы в случайном порядке из базы вопросов. Удачи!","Пациент: Мужчина, 68 лет; (ЭКГ-03)",Мономорфная желудочковая тахикардия; Паттерн WPW; Трепетание предсердий 2:1; Перепутаны электроды на правой и левой руке
tech2,504,АККРЕДИТАЦИЯ (лечебное дело),Пример тестов для изучения,Аккредитация,115,115,,публичный,2025-03-27,"Нужно ответить на 110 вопросов, которые будут выданы в случайном порядке из базы вопросов. Удачи!",Острую ВИЧ-инфекцию в «периоде серологического окна» можно подтвердить по; Скрининг-методом для обследования на вич-инфекцию является,наличию белка р24 и РНК ВИЧ в  сыворотке крови; иммуноферментный анализ (ИФА); антиретровирусная; пневмоцистная
tech2,503,Группа тестов №1 по неотложной кардиологии Copy,Пример тестов для изучения,Кардиология,24,23,,"копия, публичный",2025-03-27,"Нужно ответить на 21 вопрос, которые будут выданы в случайном порядке из базы вопросов. Удачи!",Основными признаками остановки кровообращения являются:; Пациент: Мужчина 50 лет,"Отсутствие самостоятельного дыхания; Отсутствие пульса на сонной артерии; Признаки острой фазы переднего инфаркта миокарда с подъемом сегмента ST, нельзя исключить рубцовые изменения в области нижней стенки ЛЖ; Не менее 100 и не более 120 в минуту"
tech2,500,Первая помощь для населения - травмы и критические состояния,Внешний - Иваново,Первая помощь населению,0,0,19,публичный,2025-03-12,,,
tech2,499,Озон фармацевт,"""Тайны древних аптек",Аптека и фармацевтика,12,12,,публичный,2025-03-09,"В древние времена основу лекарственных средств составляли растения и травы. Археологические находки, такие как остатки тысячелистника и ромашки в пещере Шанидар",Задание 1; Задание 2,Кора ивы; Корень жень-шеня; Куркума; Тимьян
tech2,498,Тесты ЭКГ и Клин.вопросы (обучающий режим),Тюменский кардиоцентр,Кардиология,24,24,,публичный,2025-03-04,"Нужно ответить на 21 вопрос, которые будут выданы в случайном порядке из базы вопросов. Удачи!",Основными признаками остановки кровообращения являются:; Пациент: Мужчина 50 лет,"Отсутствие самостоятельного дыхания; Отсутствие пульса на сонной артерии; Признаки острой фазы переднего инфаркта миокарда с подъемом сегмента ST, нельзя исключить рубцовые изменения в области нижней стенки ЛЖ; Не менее 100 и не более 120 в минуту"
tech2,497,Тюменский кардиоцентр Пример сценария (1),Взято из задачи 1,Кардиология,13,13,,публичный,2025-02-20,Пациент,Перечислите ЭКГ признаки фибрилляции предсердий; Нуждается ли пациент в восстановлении синусового ритма?,Острая сердечная недостаточность; Фибрилляция предсердий; Плеврит; Отсутствие зубцов P
tech2,496,Группа тестов №1 по неотложной кардиологии,Тюменский кардиоцентр. Тесты ЭКГ и Клин.вопросы (тестирующий режим),Кардиология,24,23,17,публичный,2025-02-20,"Нужно ответить на 21 вопрос, которые будут выданы в случайном порядке из базы вопросов. Удачи!",Основными признаками остановки кровообращения являются:; Пациент: Мужчина 50 лет,"Отсутствие самостоятельного дыхания; Отсутствие пульса на сонной артерии; Признаки острой фазы переднего инфаркта миокарда с подъемом сегмента ST, нельзя исключить рубцовые изменения в области нижней стенки ЛЖ; Не менее 100 и не более 120 в минуту"
tech2,495,Квест ОЗОН Противовирусные препараты,Квест ОЗОН Противовирусные препараты,Аптека и фармацевтика,13,13,,публичный,2025-02-19,Тесты на знание ассортимента противовирусных препаратов ОЗОН,Выберите средства для устранения симптомов острых респираторных заболеваний (ОРЗ) и «простуды»:; Выберите противовирусные иммуностимулирующие средства-индукторы образования интерферонов,Сафистон Флю; Оксолин; Тилорам; Тилорон
tech2,494,Тюменский кардиоцентр Пример сценария,Взято из задачи 41,Кардиология,14,14,,публичный,2025-02-19,Пациент,"Составьте план дополнительного обследования; Укажите факторы, определяющие группу риска у данного пациента.",(120.0) Острый коронарный синдром без подъёма ST; Общий анализ крови; Биохимический анализ крови; Эхокардиография (ЭхоКГ)
tech2,493,Озон первая аптека,Квест про первую аптеку,Аптека и фармацевтика,15,15,,публичный,2025-02-16,"Обычный рабочий день закончился. Кроме странного деда, который что-то тихо шептал в бороду, перед тем как уйти, ничего особого не было. Вы закрываете аптеку, ст",новый блок 3; Выбор года,Уксус семи воров; 1221; Трава 1; Веточка цветов 2
tech2,492,Помощь населению 14,Новогодний травмпункт,Первая помощь населению,21,21,,публичный,2024-12-26,"Вы пришли на дежурство. Внутри есть надежда, что все пройдет тихо и спокойно. Но голос разума категорически отвергает этот вариант. 100% будет насыщенная ночь. ",стартовый большой блок; Кого осмотреть в первую очередь?,"Женщина без сознания; Горизонтальное положение, голова набок, вызов реанимационной бригады, начало инфузионной терапии, снять одежду, перчатки и визуально осмотреть кожные покровы.; Колото-резаная рана кисти. Повреждение артерии. Необходимо вызвать бригаду СМП и направить пациентку в стационар для проведения экстренного хирургического вмешательства; Мужчина с рвотой и помутнением сознания"
tech2,491,Новогодний травмпункт,для Приорова,Бытовые происшествия,16,16,,публичный,2024-12-26,"В предновогоднюю ночь в травмпункте оказались три пациента: лежащая женщина, мужчина в костюме деда мороза (кажется у него разбито лицо) и мужчина с рвотой и по",Кого осмотреть в первую очередь?; Что делать с пациенткой?,"Женщина без сознания; Горизонтальное положение, голова набок, вызов реанимационной бригады, начало инфузионной терапии, снять одежду, перчатки и визуально осмотреть кожные покровы.; Колото-резаная рана кисти. Повреждение артерии. Необходимо вызвать бригаду СМП и направить пациентку в стационар для проведения экстренного хирургического вмешательства; Мужчина с рвотой и помутнением сознания"
tech2,488,Петарда в руке,Помощь населению 15,Бытовые происшествия,17,17,19,публичный,2024-12-24,"В новогодний вечер молодой парень несколько раз пытался поджечь петарду, чиркая о спичечный коробок. Наконец, запал загорелся и он замахнулся, чтобы бросить её ","Кажется, беда..; 1 снять кольцо",
tech2,487,Клиническая задача №1,Клиническая задача №1,Прочее,14,14,,публичный,2024-12-22,"Вы врач-кардиолог стационара, к вам на консультацию обратился мужчина 33 лет",Сбор Жалоб; Сбор жалоб,"Здравствуйте, пожалуйста присаживайтесь, меня зовут Иванов А.И, я ваш участковый терапевт. Как я могу к вам обращаться? С чем Вы пришли ко мне ?; Спросить ""Что вас еще беспокоит""; Перейти к сбору анамнеза пациента.; Перейти к сбору анамнез жизни"
tech2,486,Миокардит 4,Миокардит 4,Кардиология,15,15,,публичный,2024-12-11,"Вы врач участковый терапевт, к вам на прием пришла женщина 26 лет",Сбор Жалоб; Сбор жалоб,"Здравствуйте, пожалуйста присаживайтесь, меня зовут Иванов А.И, я ваш участковый терапевт. Как я могу к вам обращаться? С чем Вы пришли ко мне ?; Резюмировать жалобы и спросить ""Что вас еще беспокоит ?""; Перейти к сбору анамнеза пациента.; Перейти к сбору анамнез жизни"
tech2,485,Процедура медицинской сестры,Процедура медицинской сестры 009,Сестринские манипуляции,22,22,,публичный,2024-12-09,Вы медицинская сестра гематологического отделения. Ваша задача-проассистировать врачу при проведении стернальной пункции.,"Вы зашли к пациенту в палату, поздоровались. Ваши действия?; Подготовка к процедуре",Предупредить и объяснить пациенту смысл и необходимость предстоящей процедуры; За 2 часа до проведения манипуляции необходимо отказаться от употребления пищи и жидкости; Непосредственно перед процедурой необходимо опорожнить мочевой пузырь и кишечник; Лекарственные препараты принимаются в день процедуры по согласованию с врачом
tech2,484,Процедура медицинской сестры,Процедура медицинской сестры 008,Сестринские манипуляции,10,10,,публичный,2024-12-08,"Вы медицинская сестра терапевтического отделения, дежурите в выходной день. Врач назначил пациенту биохимический анализ крови на понедельник. Вам необходимо пра","Вы зашли к пациенту в палату, поздоровались. Ваши действия?; Подготовка к процедуре","Предупредить и объяснить пациенту смысл и необходимость предстоящего исследования; Необходимо явиться на исследование утром натощак (не менее 8 часов и не более 14 часов голода); За 1-2 дня до исследования нельзя употреблять алкоголь. Необходимо максимально ограничить физические нагрузки, переохлаждение и перегревание; За 1 час до исследования исключить физическое и эмоциональное напряжение, курение"
tech2,483,Миокардит 3,Миокардит 3,Кардиология,15,15,,публичный,2024-12-08,"Вы врач участковый терапевт, к вам на прием пришел мужчина 30 лет",Сбор Жалоб; Сбор жалоб,"Здравствуйте, пожалуйста присаживайтесь, меня зовут Иванов А.И, я ваш участковый терапевт. Как я могу к вам обращаться? С чем Вы пришли ко мне ?; Резюмировать жалобы и спросить ""Что вас еще беспокоит ?""; Перейти к сбору анамнеза пациента.; Перейти к сбору анамнез жизни"
tech2,482,Миокардит-Рязань вариант 2,Миокардит - 2,Кардиология,22,22,,публичный,2024-12-08,В поликлинику обратился мужчина 30 лет.,Этиологическим фактором развития инфекционного миокардита у данной пациентки является ...; Назначение антиаритмической терапии у пациентов с острым миокардитом показано в случае ...,C-реактивного белка; Концентрации в сыворотке тропонина T и I; регистрацию ЭКГ (12 отведений); 24-часовое мониторирование ЭКГ
tech2,481,Первая доврачебная помощь 018,"Доврачебная первичная медико-санитарная помощь 018 (лечебное дело, фельдшер)",Первая доврачебная помощь,25,25,,публичный,2024-12-02,"На ФАП обратился мужчина, 47 лет. В течение 4-х лет страдает циррозом печени.",Определите маршрутизацию пациента; Определите медикаментозную терапию,"Цирроз печени в стадии декомпенсации, портальная гипертензия; Госпитализация в терапевтическое отделение; 4-5 разовый прием пищи; Ограничение употребления жидкости"
tech2,480,Процедура медицинской сестры,Процедура медицинской сестры 002,Сестринские манипуляции,7,7,,публичный,2024-12-01,"Вы медицинская сестра пульмонологического отделения, в соответствии с назначением врача пациенту необходимо правильно собрать мокроту для ее бактериологического",Подготовка к процедуре; Выполнение процедуры,"Предупредить и объяснить  пациенту смысл и необходимость предстоящего исследования; Объяснить, что сбор мокроты целесообразнее провести до начала антибиотикотерапии; Предупредить, что мокроту собирают при откашливании, а не при отхаркивании; Открыть крышку"
tech2,478,Миокардит-Рязань,Миокардит - пробный сценарий,Кардиология,22,22,,публичный,2024-11-29,"На ФАП обратилась женщина, 36 лет.",Этиологическим фактором развития инфекционного миокардита у данной пациентки является ...; Назначение антиаритмической терапии у пациентов с острым миокардитом показано в случае ...,C-реактивного белка; Концентрации в сыворотке тропонина T и I; регистрацию ЭКГ (12 отведений); 24-часовое мониторирование ЭКГ
tech2,477,Первая доврачебная помощь 023,"Доврачебная первичная медико-санитарная помощь 023 (лечебное дело, фельдшер)",Первая доврачебная помощь,19,19,,публичный,2024-11-28,"Вы фельдшер ФПАа, к вам обратился пациент 23 лет, с жалобами на боль в области края верхнего века правого глаза, покраснение глаз, светобоязнь.",Определите маршрутизацию пациента; Согласие получено. Каков будет ваш следующий шаг?,"Гордеолум (ячмень), формирующийся; Диета № 15; Режим полупостельный; Исключить пользование косметикой и контактными линзами"
tech2,476,Первая доврачебная помощь 022,"Доврачебная первичная медико-санитарная помощь 022 (лечебное дело, фельдшер)",Первая доврачебная помощь,17,17,,публичный,2024-11-27,"Вы фельдшер ФАП, Вас срочно вызвали к пациентке М., 59 лет, страдающей сахарным диабетом II типа.",Выберите оптимальную терапию; Определите маршрутизацию пациетна,"Сахарный диабет II типа, декомпенсация, диабетическая гипергликемическая кома.; Госпитально: в 1-й час - 1 л 0,9% натрия хлорида с добавлением калия хлорида.; Госпитально: инсулинотерапия (дозировка зависит от разновидности комы, уточненной в стационаре); Госпитально: 1,5-3г Калия хлорида (профилактика гипокалиемии)"
tech2,475,Первая доврачебная помощь 029,"Доврачебная первичная медико-санитарная помощь 029 (лечебное дело, фельдшер)",Первая доврачебная помощь,18,18,,публичный,2024-11-27,"Вы фельдшер ФАП,к вам обратился муж больной, 32 лет.",Определите маршрутизацию пациента; Определите медикаментозную терапию,Депрессивный синдром; Амбулаторное лечение; Рациональная психотерапия; Работа с семейным психологом вместе с мужем
tech2,474,Первая доврачебная помощь 019,"Доврачебная первичная медико-санитарная помощь 019 (лечебное дело, фельдшер)",Первая доврачебная помощь,26,26,,публичный,2024-11-25,"К фельдшеру ФАП обратился пациент, 40 лет с жалобами на сильные боли в области сердца давящего характера.",Определите маршрутизацию пациента; Какие мероприятия необходимо выполнить до приезда СМП?,Острый коронарный синдром; Госпитализация в ОРИТ каретой СМП; Регистрация электрокардиограммы; Провести пульсоксиметрию
tech2,473,Первая доврачебная помощь 024,"Доврачебная первичная медико-санитарная помощь 024 (лечебное дело, фельдшер)",Первая доврачебная помощь,18,18,,публичный,2024-11-25,"Вы фельдшер медицинского пункта железнодорожного вокзала. К Вам обратилась женщина, находящаяся на станции проездом. Ее 8-месячный ребенок заболел накануне в по",Определите маршрутизацию пациента; Определите основные места для проведения внутримышечной инъекции,Средний отит. Средняя степень тяжести.; Постельный режим; Необходима диета в соответствие с возрастом; Обильное питье
tech2,472,Первая доврачебная помощь 017,"Доврачебная первичная медико-санитарная помощь 017 (лечебное дело, фельдшер)",Первая доврачебная помощь,19,19,,публичный,2024-11-25,"Вы фельдшер ФАП, к Вам обратился больной, 56 лет, с жалобами на боли в обоих тазобедренных суставах.",Определите режим двигательной активности пациента; Определите диету для пациента,Деформирующий остеоартроз тазобедренных суставов в стадии обострения. Сахарный диабет II типа в стадии компенсации; Физиотерапия; ЛФК в стадии ремиссии; Массаж в стадии ремиссии
tech2,471,Первая доврачебная помощь 016,"Доврачебная первичная медико-санитарная помощь 016 (лечебное дело, фельдшер)",Первая доврачебная помощь,26,26,,публичный,2024-11-24,"Вы фельдшер ФАП, к вам обратился больной 42 лет с жалобами на онемение пальцев ног.",Определите маршрутизацию пациента; Определите режим двигательной активности пациента,"Хронический алкоголизм  2 ст., алкогольная  полинейропатии в стадии обострения; Лечение пациента в условиях стационара на дому; Рациональная психотерапия; Мотивация здорового образа жизни"
tech2,470,Первая доврачебная помощь 015,"Доврачебная первичная медико-санитарная помощь 015 (лечебное дело, фельдшер)",Первая доврачебная помощь,20,20,,публичный,2024-11-24,"Вы фельдшер ФАП, к Вам обратился больной, 35 лет, слесарь по специальности, с жалобами на острые боли в пояснице, появляющиеся при движениях и ходьбе.",Какую терапию можно рекомендовать пациенту через 5-6 месяцев после обострения?; Определите режим двигательной активности пациента,Вертеброгенная люмбалгия в стадии обострения; В положении на боку - под вышерасположенное колено подложить подушку; Местное тепло (грелка); Толперизон (Мидокалм)
tech2,469,Первая доврачебная помощь 021,"Доврачебная первичная медико-санитарная помощь 021 (лечебное дело, фельдшер)",Первая доврачебная помощь,20,20,,публичный,2024-11-24,"Вы фельдшер ФАП, к Вам обратилась пациентка Н., 35 лет с жалобами на потрясающий озноб, повышение температуры тела, ноющие боли в поясничной области справа, час",Выберите оптимальную терапию; Определите маршрутизацию пациетна,"Острый правосторонний пиелонефрит.; Поддерживать достаточный диурез. Объём выпиваемой жидкости - 2000–2500 мл/сут.; Применение мочегонных сборов, отваров (морсов) с антисептическими свойствами (клюква, брусника, шиповник, толокнянка).; Диета №7"
tech2,468,Первая доврачебная помощь 020,"Доврачебная первичная медико-санитарная помощь 020 (лечебное дело, фельдшер)",Первая доврачебная помощь,19,19,,публичный,2024-11-24,"Вы фельдшер ФАП, к Вам обратился больной С., 65 лет.",Выберите оптимальную терапию; Определите маршрутизацию пациетна,"Внебольничная правосторонняя плевропневмония, ДН II ст.; Дыхательная гимнастика; Фитотерапия: отвары отхаркивающих трав (термопсис, чабрец, фиалка, багульник, грудной сбор);; Отвлекающие средства: горчичники на грудную клетку после снижения температуры;"
tech2,467,СПИД-центр. Кейс 100,Антиспид–100 Соломина 5,ВИЧ — кейсы СПИД-центра,16,16,15 11,публичный,2024-11-19,Мужчина 59 лет обратился на приём к инфекционисту центра СПИД.,Назначьте лабораторные и инструментальные обследования; Верный алгоритм действий врача-инфекциониста при неэффективности АРВТ 2-й линии?,"ВИЧ-инфекция. Стадия вторичных заболеваний (4Б), фаза прогрессирования на фоне АРВТ. Туберкулез легких в анамнезе; ОАК; ОАМ; Биохимический анализ крови"
tech2,466,СПИД-центр. Кейс 099,Антиспид–099 Соломина 4,ВИЧ — кейсы СПИД-центра,16,16,15 11,публичный,2024-11-19,Женщина 30 лет обратилась на прием к инфекционисту центра СПИД после консультации дерматолога.,Назначьте лабораторные и инструментальные обследования; К какому специалисту следует направить пациентку для формирования приверженности к АРВТ?,"ВИЧ-инфекция. Стадия вторичных заболеваний (4А), фаза прогрессирования вне АРВТ. Herpes Zoster; ОАК; ОАМ; Биохимический анализ крови"
tech2,465,СПИД-центр. Кейс 098,Антиспид–098 Соломина 3,ВИЧ — кейсы СПИД-центра,14,14,15 11,публичный,2024-11-19,"Женщина, 42 года, обратилась на прием к инфекционисту для получения консультативного заключения для участкового терапевта и для продолжения АРВТ.",Назначьте лабораторные и инструментальные обследования,"ВИЧ-инфекция. Стадия вторичных заболеваний (4А), фаза ремиссии на АРВТ. ОФК в анамнезе; ОАК; ОАМ; Биохимический анализ крови"
tech2,464,СПИД-центр. Кейс 103,Антиспид–103 Юнев 3,ВИЧ — кейсы СПИД-центра,15,15,15 11,публичный,2024-11-19,"Пациент Мужчина, 45 лет, обратился в стационар с лихорадкой и кашлем.","Назначьте лабораторное и инструментальное обследование на амбулаторном этапе; Какие анамнестические, физикальные, лабораторные и инструментальные данные позволяют заподозрить ВИЧ-инфекцию?","Внебольничная пневмония; Туберкулез легких; Общий анализ крови, общий анализ мочи; Биохимический анализ крови"
tech2,462,СПИД-центр. Кейс 102,Антиспид–102 Юнев 2,ВИЧ — кейсы СПИД-центра,15,15,15 11,публичный,2024-11-19,"Пациент Мужчина, 45 лет, обратился в стационар с лихорадкой и сыпью.","Назначьте лабораторное и инструментальное обследование на амбулаторном этапе; Какие анамнестические, физикальные, лабораторные и инструментальные данные позволяют заподозрить ВИЧ-инфекцию?","Острый клещевой боррелиоз эритемная форма средней тяжести; Общий анализ крови, общий анализ мочи; Биохимический анализ крови; Обследование на сифилис, гепатиты В и С, ВИЧ"
tech2,461,СПИД-центр. Кейс 101,Антиспид–101 Юнев 1,ВИЧ — кейсы СПИД-центра,15,15,15 11,публичный,2024-11-19,"Пациент Мужчина, 45 лет, обратился в стационар с лихорадкой и головной болью.","Назначьте лабораторное и инструментальное обследование на амбулаторном этапе; Какие анамнестические, физикальные, лабораторные и инструментальные данные позволяют заподозрить ВИЧ-инфекцию?","ВИЧ-инфекция; Геморрагичесмкая лихорадка с почечным синдромом; Острая кишечная инфекция; Общий анализ крови, общий анализ мочи"
tech2,460,СПИД-центр. Кейс 104,Антиспид–104 Юнев 4,ВИЧ — кейсы СПИД-центра,15,15,15 11,публичный,2024-11-19,"Пациент Мужчина, 45 года, обратился в стационар с лихорадкой.","Назначьте лабораторное и инструментальное обследование на амбулаторном этапе; Какие анамнестические, физикальные, лабораторные и инструментальные данные позволяют заподозрить ВИЧ-инфекцию?","Инфекционный мононуклеоз; Общий анализ крови, общий анализ мочи; Биохимический анализ крови; Обследование на сифилис, гепатиты В и С, ВИЧ"
tech2,459,СПИД-центр. Кейс 097,Антиспид–097 Соломина 2,ВИЧ — кейсы СПИД-центра,15,15,15 11,публичный,2024-11-19,"Мужчина, 41 год, направлен на консультацию инфекциониста эпидемиологом центра СПИДа для постановки на диспансерный учет и назначения АРВТ.","Назначьте лабораторные и инструментальные обследования, консультации специалистов","ВИЧ-инфекция, Туберкулез; Гепатит С; ОАК; ОАМ"
tech2,458,СПИД-центр. Кейс 096,Антиспид–096 Соломина 1,ВИЧ — кейсы СПИД-центра,14,14,15 11,публичный,2024-11-19,Мужчина 42 года. Направлен к инфекционисту СПИД-центра для назначения АРВТ.,Как часто контролируются лабораторные показатели у ВИЧ-положительных пациентов?,"ВИЧ-инфекция, Туберкулез; ВИЧ-инфекция. Стадия вторичных заболеваний (4Б), фаза прогрессирования вне АРВТ; Диссеминированный процесс в легких, генез?; Ко-тримоксазол"
tech2,457,СПИД-центр. Кейс 095,Антиспид–095 Кутырева 5,ВИЧ — кейсы СПИД-центра,14,14,15 11,публичный,2024-11-19,"Женщина, 34 года. Обратилась на прием участкового терапевта по месту жительства.",Назначьте лабораторное и инструментальное обследование на амбулаторном этапе,ВИЧ-инфекция; Кандидоз ротоглотки; ГЭРБ; Кандидоз пищевода
tech2,456,СПИД-центр. Кейс 094,Антиспид–094 Кутырева 4,ВИЧ — кейсы СПИД-центра,14,14,15 11,публичный,2024-11-19,"Мужчина, 47 лет. Обратился в приемный покой областной больницы.",Назначьте лабораторное и инструментальное обследование; Рекомендации,Флегмона мошонки; ВИЧ-инфекция; Хронический гепатит С; ОАК
tech2,455,СПИД-центр. Кейс 090,Антиспид–090 Замятин 5,ВИЧ — кейсы СПИД-центра,15,15,15 11,публичный,2024-11-19,Пациент Мужчина 30 лет обратился на прием к участковому терапевту по направлению от стоматолога.,"Назначьте лабораторное и инструментальное обследование на амбулаторном этапе; Какие анамнестические, физикальные, лабораторные и инструментальные данные позволяют заподозрить ВИЧ-инфекцию?",Лимфаденопатия неясной этиологии; Нарушения свертываемости крови; Общий анализ крови; Общий анализ мочи
tech2,454,СПИД-центр. Кейс 089,Антиспид–089 Замятин 4,ВИЧ — кейсы СПИД-центра,15,15,15 11,публичный,2024-11-19,Пациент Мужчина 30 лет обратился на прием в поликлинику к участковому терапевту.,"Назначьте лабораторное и инструментальное обследование на амбулаторном этапе; Какие анамнестические, физикальные, лабораторные и инструментальные данные позволяют заподозрить ВИЧ-инфекцию?",ВИЧ-инфекция; Кандидоз слизистой ротоглотки; Общий анализ крови; Общий анализ мочи
tech2,453,СПИД-центр. Кейс 088,Антиспид–088 Замятин 3,ВИЧ — кейсы СПИД-центра,15,15,15 11,публичный,2024-11-19,Пациент Женщина 27 лет обратилась в поликлинику к участковому терапевту по месту жительства.,"Назначьте лабораторное и инструментальное обследование на амбулаторном этапе; Какие анамнестические, физикальные, лабораторные и инструментальные данные позволяют заподозрить ВИЧ-инфекцию?",Лихорадка неясного генеза; ВИЧ-инфекция; Общий анализ крови; Общий анализ мочи
tech2,452,СПИД-центр. Кейс 087,Антиспид–087 Замятин 2,ВИЧ — кейсы СПИД-центра,16,16,15 11,публичный,2024-11-19,Пациент Мужчина 33 лет обратился к участковому терапевту по месту жительства.,"Назначьте лабораторное и инструментальное обследование на амбулаторном этапе; Какие анамнестические, физикальные, лабораторные и инструментальные данные позволяют заподозрить ВИЧ-инфекцию?",ВИЧ – инфекция; Туберкулез легких; Общий анализ крови; Общий анализ мочи
tech2,451,СПИД-центр. Кейс 086,Антиспид–086 Замятин 1,ВИЧ — кейсы СПИД-центра,16,16,15 11,публичный,2024-11-19,Пациент Мужчина 27 лет обратился к участковому терапевту по месту жительства.,"Назначьте лабораторное и инструментальное обследование на амбулаторном этапе; Какие анамнестические, физикальные, лабораторные и инструментальные данные позволяют заподозрить ВИЧ-инфекцию?",Лихорадка неясного генеза; ВИЧ-инфекция; Общий анализ крови; Общий анализ мочи
tech2,450,СПИД-центр. Кейс 093,Антиспид–093 Кутырева 3,ВИЧ — кейсы СПИД-центра,13,13,15 11,публичный,2024-11-18,"Мужчина, 49 лет. Обратился на прием участкового терапевта по месту жительства.",Назначьте обследование на амбулаторном этапе,Одонтогенный абсцесс левой подглазничной области; ВИЧ-инфекция; ОАК; ОАМ
tech2,449,СПИД-центр. Кейс 092,Антиспид–092 Кутырева 2,ВИЧ — кейсы СПИД-центра,14,14,15 11,публичный,2024-11-18,"Мужчина, 33 года. Обратился на прием участкового терапевта по месту жительства.",Назначьте лабораторное и инструментальное обследование на амбулаторном этапе,Лимфаденит; ВИЧ-инфекция; ОАК; ОАМ
tech2,448,СПИД-центр. Кейс 091,Антиспид–091 Кутырева 1,ВИЧ — кейсы СПИД-центра,15,15,15 11,публичный,2024-11-18,"Женщина, 37 лет. Обратилась на прием участкового терапевта по месту жительства.",Назначьте обследование на амбулаторном этапе,ВИЧ-инфекция; Кандидоз ротоглотки; Ретинит; ОАК
tech2,447,СПИД-центр. Кейс 085,Антиспид–085 Горяева 5,ВИЧ — кейсы СПИД-центра,14,14,15 11,публичный,2024-11-18,Женщина 40 лет обратилась на прием к участковому терапевту.,Рекомендуемые обследования на амбулаторном этапе,"Холецистит, обострение; Гастрит, обострение; ОАК; ОАМ"
tech2,446,СПИД-центр. Кейс 084,Антиспид–084 Горяева 4,ВИЧ — кейсы СПИД-центра,14,14,15 11,публичный,2024-11-18,Женщина 38 лет обратилась к участковому терапевту по месту жительства.,"Рекомендуемые обследования на амбулаторном этапе; Какие анамнестические, физикальные, лабораторные и инструментальные данные позволяют заподозрить ВИЧ-инфекцию у пациента?","ОРВИ; Герпетическая инфекция; ОАК, ОАМ, биохимический анализ крови; Обследование на сифилис, ВИЧ, гепатиты В и С"
tech2,445,СПИД-центр. Кейс 083,Антиспид–083 Горяева 3,ВИЧ — кейсы СПИД-центра,14,14,15 11,публичный,2024-11-18,Мужчина 38 лет обратился к участковому терапевту по месту жительства.,Рекомендуемые обследования на амбулаторном этапе,"ВИЧ-инфекция; Хронический гепатит С; Цирроз печени; ОАК, ОАМ, биохимический анализ крови"
tech2,444,СПИД-центр. Кейс 080,Антиспид–080 Борисова 5,ВИЧ — кейсы СПИД-центра,13,13,15 11,публичный,2024-11-18,Пациент Мужчина 37 лет обратился на прием к терапевту по месту жительства.,Назначьте лабораторное и инструментальное обследование на амбулаторном этапе,"Общий анализ крови; Общий анализ мочи; Биохимический анализ крови; ИФА крови a/HCV,HbsAg, а/Lues"
tech2,443,СПИД-центр. Кейс 079,Антиспид–079 Борисова 4,ВИЧ — кейсы СПИД-центра,13,13,15 11,публичный,2024-11-18,Пациент Мужчина 33 лет обратился на прием к инфекционисту по месту жительства.,Назначьте лабораторное и инструментальное обследование на амбулаторном этапе,"Общий анализ крови; Общий анализ мочи; Биохимический анализ крови; ИФА крови a/HCV,HbsAg, а/Lues"
tech2,442,СПИД-центр. Кейс 078,Антиспид–078 Борисова 3,ВИЧ — кейсы СПИД-центра,13,13,15 11,публичный,2024-11-18,Пациент Женщина 26 лет обратилась на прием к терапевту по месту жительства.,Назначьте лабораторное и инструментальное обследование на амбулаторном этапе,"Общий анализ крови; Общий анализ мочи; Биохимический анализ крови; ИФА крови a/HCV, HbsAg"
tech2,441,СПИД-центр. Кейс 077,Антиспид–077 Борисова 2,ВИЧ — кейсы СПИД-центра,14,14,15 11,публичный,2024-11-18,Пациент Мужчина 44-лет обратился в поликлинику к дерматологу по месту жительства.,Назначьте лабораторное и инструментальное обследование на амбулаторном этапе; Может ли возникать лимфедема при поражении кожи нижних конечностей?,"Общий анализ крови; Общий анализ мочи; Биохимический анализ крови; ИФА крови a/HCV, HbsAg"
tech2,440,СПИД-центр. Кейс 076,Антиспид–076 Борисова 1,ВИЧ — кейсы СПИД-центра,13,13,15 11,публичный,2024-11-18,Пациент Женщина 35 лет обратилась на прием к неврологу в поликлинику по месту жительства.,Назначьте лабораторное и инструментальное обследование на амбулаторном этапе,"Общий анализ крови; Общий анализ мочи; Биохимический анализ крови; ИФА крови на гепатиты В и С, сифилис"
tech2,439,СПИД-центр. Кейс 082,Антиспид–082 Горяева 2,ВИЧ — кейсы СПИД-центра,15,15,15 11,публичный,2024-11-18,Мужчина 52 лет впервые обратился к участковому терапевту по месту жительства.,"Рекомендуемые обследования на амбулаторном этапе; Какие анамнестические, физикальные, лабораторные и инструментальные данные позволяют заподозрить ВИЧ-инфекцию у пациента?","Пневмония; Туберкулез легких; Лихорадка неясного генеза; ОАК, ОАМ"
tech2,438,СПИД-центр. Кейс 081,Антиспид–081 Горяева 1,ВИЧ — кейсы СПИД-центра,15,15,15 11,публичный,2024-11-17,"Мужчина, 41 год. Обратился впервые к терапевту по месту жительства.","Рекомендуемые обследования на амбулаторном этапе; Какие анамнестические, физикальные, лабораторные и инструментальные данные позволяют заподозрить ВИЧ-инфекцию?","ОРВИ; Коронавирусная инфекция; ОАК, ОАМ; Биохимический анализ крови"
tech2,437,Первая доврачебная помощь 014,"Доврачебная первичная медико-санитарная помощь 014 (лечебное дело, фельдшер)",Первая доврачебная помощь,18,18,14,публичный,2024-11-16,"Вы фельдшер ФАП, к вам обратился муж больной для оказания экстренной медицинской помощи.",Какой лекарственный препарат необходим для купирования развившегося состояния?; Какой препарат можно рекомендовать для профилактики симпатоадреналовых кризов?,Рациональная психотерапия; Аутогенная тренировка; Организация труда и отдыха; Ограничение чрезмерных эмоциональных нагрузок
tech2,436,Первая доврачебная помощь 009,"Доврачебная первичная медико-санитарная помощь 009 (лечебное дело, фельдшер)",Первая доврачебная помощь,19,19,14,публичный,2024-11-16,"К Вам, фельдшеру ФАП , обратился мужчина 37 лет с жалобами на тошноту, рвоту, жидкий стул 1 раз, сухость во рту, головокружение, нарушение зрения.",Выберите оптимальную терапию; Определите маршрутизацию пациетна,Ботулизм; Строгий постельный режим; Контроль функции внешнего дыхания; Зондовое или парентеральное питание
tech2,435,Первая доврачебная помощь 008,"Доврачебная первичная медико-санитарная помощь 008 (лечебное дело, фельдшер)",Первая доврачебная помощь,19,19,14,публичный,2024-11-16,"К пациенту 42 лет прибыл фельдшер «Скорой помощи» по поводу жалоб больного на слабость, головную боль и повышение температуры до 39°С, озноб.",Выберите оптимальную терапию; Определите маршрутизацию пациетна,"Малярия; Постельный режим; Диета № 4 (острый период), при улучшении состояния - стол №2, далее- №15.; Обильное питье (сладкий чай, регидрон)"
tech2,433,Первая доврачебная помощь 004,"Доврачебная первичная медико-санитарная помощь 004 (лечебное дело, фельдшер)",Первая доврачебная помощь,18,18,14,публичный,2024-11-14,"Вы фельдшер ФАП, к Вам обратился пациент 65 лет, который предъявляет жалобы на острое, резкое затрудненное мочеиспускание.",В результате какого заболевания вероятнее всего развилось данное состояние?; Выберите спазмолитический препарат,Острая задержка мочеиспускания; Доброкачественная гиперплазия предстательной железы; Оценить наличие и количество мочи в мочевом пузыре; Введение спазмолитиков
tech2,432,Первая доврачебная помощь 010,"Доврачебная первичная медико-санитарная помощь 010 (лечебное дело, фельдшер)",Первая доврачебная помощь,19,19,14,публичный,2024-11-13,"К Вам, фельдшеру ФАП, обратился мужчина 40 лет на 3-й день болезни.",Какой лекарственный препарат необходимо рекомендовать после появления мокроты?; Определите режим двигательной активности пациента,Грипп средней степени тяжести; Осельтамивир; Амбулаторное лечение; Ибупрофен
tech2,431,Первая доврачебная помощь 003,"Доврачебная первичная медико-санитарная помощь 003 (лечебное дело, фельдшер)",Первая доврачебная помощь,16,16,14,публичный,2024-11-10,"Вы фельдшер ФАП, к Вам обратилась пациентка 32 лет, с жалобами на боли в животе и рвоту.",Выберите препарат для медикаментозной терапии; Определите режим двигательной активности пациента,Острый аппендицит; Успокоить пациента; Пузырь со льдом в правую подвздошную область; Экстренная госпитализация  машиной СМП в хирургическое отделение
tech2,430,Первая доврачебная помощь 002,"Доврачебная первичная медико-санитарная помощь 002 (лечебное дело, фельдшер)",Первая доврачебная помощь,15,15,14,публичный,2024-11-10,"Вы фельдшер ФАП, к Вам обратился пациент 46 лет с жалобами на наличие раны в области правой голени. Со слов больного известно, что травму получил в быту (упал н",Вам необходимо обработать рану (определите последовательность действий); Выберите препарат с целью обезболивания,Резаная рана правой голени; Обработать рану; Придать поврежденной конечности возвышенное положение; Наложить давящую повязку
tech2,429,Первая доврачебная помощь 007,"Доврачебная первичная медико-санитарная помощь 007 (лечебное дело, фельдшер)",Первая доврачебная помощь,15,15,14,публичный,2024-11-10,"К Вам, фельдшеру ФАП, обратилась пациентка 30 лет с жалобами на слабость, умеренную головную боль, повышение температуры до 39,4°С, схваткообразные боли внизу ж",Выберите оптимальную терапию; Определите маршрутизацию пациетна,"Дизентерия; Постельный режим; Диета № 4 (острый период), при улучшении состояния - стол №2, далее- №15.; Обильное питье (сладкий чай, регидрон)"
tech2,428,Первая доврачебная помощь 006,"Доврачебная первичная медико-санитарная помощь 006 (лечебное дело, фельдшер)",Первая доврачебная помощь,14,14,14,публичный,2024-11-10,"Вы фельдшер ФАП. На приём обратилась женщина 35 лет. Жалуется на высыпания на лице, зуд, жжение в очагах, слабость, недомогание.",Выберите рекомендации по обработке высыпаний; Дополнительный вопрос,Простой герпес; Свободный режим; Диета № 15; Соблюдение правил ухода за лицом
tech2,427,Первая доврачебная помощь 005,"Доврачебная первичная медико-санитарная помощь 005 (лечебное дело, фельдшер)",Первая доврачебная помощь,16,16,14,публичный,2024-11-10,"Вы фельдшер ФАП, к Вам обратился пациент 42 лет. С жалобами на высыпания на коже верхней губы и подбородка.",Выберите препарат для обработки очага и области кожи вокруг очага; Далее на область поражения необходимо наложить влажно-высыхающую повязку,Стафилококковый сикоз; консультации эндокринолога и отоларинголога; исключение  алкоголя; соблюдение личной гигиены
tech2,426,Первая доврачебная помощь 001,"Доврачебная первичная медико-санитарная помощь 001 (лечебное дело, фельдшер)",Первая доврачебная помощь,18,18,14,публичный,2024-11-09,"Вы фельдшер ФАП, к Вам обратился молодой человек 23 лет, со слов которого известно, что он упал с лестницы в подъезде дома.",Выберите препарат для проведения анальгезирующей терапии; Определите режим двигательной активности пациента,Закрытый перелом правой ключицы со смещением отломков; Успокоить пациента; Придать конечности физиологическое положение; Наложить повязку Дезо
tech2,425,Инфекционные болезни 025*,Инфекционные болезни-ботулизм  взрослые 025,Инфекционные болезни,11,11,,публичный,2024-11-03,"Мужчина 40 лет в сопровождении жены доставлен каретой скорой помощи в приемный покой из дачного поселка. Жена в панике, с её слов «муж не может глотать и ничего",Определите основные причины смерти пациентов с ботулизмом?,"Реакция нейтрализации путем биопробы на белых мышах; Бактериологический посев на специальные питательные среды (Китта–Тароцци, казеиново-грибную, бульон Хоттингера); Ботулизм средней степени тяжести; Асфиксия"
tech2,424,Инфекционные болезни 024*,Инфекционные болезни-паратиф взрослые 024,Инфекционные болезни,16,16,,публичный,2024-11-03,В инфекционный стационар доставлен пациент 48 лет в состоянии средней степени тяжести на 7-й день болезни.,Дифференциальная диагностика между какими заболеваниями будет Вами проведена?; Какое осложнение развилось у пациента?,Паратифы; Сыпной тиф; Брюшной тиф; Корь
tech2,423,Инфекционные болезни 023*,Инфекционные болезни-Грипп взрослые 023,Инфекционные болезни,17,17,,публичный,2024-11-03,Женщина 47 лет доставлена каретой СМП в приемный покой городской инфекционной больницы.,Дифференциальная диагностика между какими заболеваниями будет Вами проведена?; Какие данные указывают на тяжелый прогноз болезни у пациентки?,Грипп; Парагрипп; Пневмония; Новая коронавирусная инфекция
tech2,422,Инфекционные болезни 022*,Инфекционные болезни-ГЛПС взрослые 022,Инфекционные болезни,16,16,,публичный,2024-11-02,Женщина 62 лет доставлена в инфекционную больницу на 5-й день болезни.,Дифференциальная диагностика между какими заболеваниями будет Вами проведена?; На основании каких данных можно исключить наличие у больной гриппа?,Грипп; Сыпной тиф; Лептоспироз; Острый пиелонефрит
tech2,421,Инфекционные болезни 021*,Инфекционные болезни-иерсиниоз взрослые 021,Инфекционные болезни,15,15,,публичный,2024-11-02,"Пациент 26 лет поступил в инфекционный стационар на 5–й день болезни с жалобами на повышение температуры, слабость, першение в горле, жидкий стул, схваткообразн",Какой признак говорит о генерализации процесса в организме?,"Иерсиниоз; Бактериологический методы исследования (для исследования берется кал, смыв с задней стенки глотки); Метод парных сывороток; Иммунологические методы (ИФА, РИФ, РНИФ для выявления антигенов)"
tech2,418,Первая помощь - 39,Определение наличия признаков жизни у пострадавшего (сознание и дыхание),Первая помощь населению,8,8,,публичный,2024-11-01,"Ситуация: Вы находитесь на работе, вас позвали коллеги, чтобы помочь человеку, Он лежит без сознания, дыхание сохранено, скорая помощь уже в пути. Необходимо пр",Что необходимо сделать в первую очередь ?; Что необходимо сделать далее ?,Осмотреть голову пострадавшего; Выполнить осмотр шеи; Осмотреть грудь и спину пострадавшего; Выполнить осмотр живота и таза пострадавшего
tech2,417,Первая помощь - 38,Определение наличия признаков жизни у пострадавшего (сознание и дыхание),Первая помощь населению,5,5,,публичный,2024-11-01,"Ситуация: Вы находитесь в магазине, как вдруг слышите звуки падения и крики женщин.","Что необходимо сделать в первую очередь ?; Пострадавший вам не ответил, ваши дальнейшие действия ?","Потрясти пострадавшего за плечи, задавая вопрос:  что с вами ? Или Вам нужна помощь?; Одну руку положить на лоб пострадавшего, двумя пальцами другой поднять подбородок и запрокинуть голову. Наклониться к пострадавшему и пытаться определить наличие дыхания; Приступить к СЛР. Попросить помощника вызвать СМП и сообщить вам о том, что вызов выполнен."
tech2,416,Первая помощь - 37,Оказание помощи в принятии пациентом его собственных препаратов,Первая помощь населению,6,6,,публичный,2024-11-01,"Ситуация: Вы сидите в очереди в банке, как вдруг женщине рядом с вами становится плохо, она резко почувствовала слабость, сильное сердцебиение. Однако женщина з","Что необходимо сделать в первую очередь ?; В такой ситуации врач рекомендовал принять таблетки Верапамила, которые пациентка оставила в куртке в гардеробе. Дойти ей тяжело. Далее необходимо:","Спросить, есть ли у нее какие-либо заболевания.; Уточнить, какие препараты, она принимает в случае такого состояния.; Помочь пациентке принять препарат; Вызвать скорую помощь и контролировать состояние пациентки."
tech2,415,Первая помощь - 36,Первая помощь при ранении грудной клетки.,Первая помощь населению,6,6,,публичный,2024-10-31,"Ситуация: В соседнем цеху вашего завода зовут на помощь, пострадавший коллега получил травму при работе со сложным механическим станком.","Скорая помощь в пути, ваши действия ?; Инородного тела нет: Что делать далее ?",Удостовериться в отсутствии инородного тела в ране; Прижать ладонь к ране и закрыть к ней доступ воздуха; Закрыть рану воздухонепроницаемым материалом и  зафиксировать этот материал повязкой или пластырем.; Придать пострадавшему полусидячее положение с наклоном в пораженную сторону.
tech2,414,Первая помощь - 35,Первая помощь при тепловом ударе,Первая помощь населению,6,6,,публичный,2024-10-31,"Ситуация: Вы отдыхаете на городском пляже, рядом с собой вы замечаете суету, несколько человек пытаются привести в чувство мужчину средних лет .","Первоочередное действие ?; Пострадавший находится в тени, он потерял сознание. При оценке дыхания: дыхания нет. Что делать ?","Перевести пострадавшего в прохладное, проветриваемое место (в тень); Приступить к базовой СЛР; Придать устойчивое боковое положение; Положить на голову и шею смоченные в холодной воде полотенца (салфетки)"
tech2,413,Первая помощь - 34,Первая помощь при острой реакции на стресс (страх),Первая помощь населению,6,6,,публичный,2024-10-31,"Ситуация: Гуляя по парку вы услышали крик женщины, она звала на помощь. Прибыв на крик вы увидели женщину которая сидела на скамейке и продолжала звать на помощ","Ваш первый шаг:; Скорая помощь в пути, какие ваши дальнейшие действия ?","Вызвать СПМ; Дождаться с пострадавшим скорой помощи; Предложить пострадавшему рассказать, причину ее страха, дать высказаться; Сказать, что страх в такой ситуации – это нормально. Попытаться сконцентрировать внимание пострадавшей на чем-то другом."
tech2,412,Первая помощь - 33,Первая помощь при отравлениях,Первая помощь населению,7,7,,публичный,2024-10-31,"Ситуация: К вам прибежала соседка, которая сообщила, что ее пожилая мама, по ошибке выпила большое количество таблеток, окажите ей первую помощь.",Что необходимо сделать прежде всего ?; Каковы ваши дальнейшие действия ?,"Вызвать СПМ; Выяснить обстоятельства произошедшего и препараты, которые выпила бабушка; Дать пострадавшему 5-6 стаканов воды; Инициировать рвоту"
tech2,411,Первая помощь - 32,Первая помощь при укусах насекомых,Первая помощь населению,5,5,,публичный,2024-10-31,"Ситуация: Вас позвала ваша знакомая с соседнего дачного участка, ее 25-летнюю дочь укусила пчела.",Что необходимо сделать в данной ситуации ?; Что необходимо сделать далее?,"Удалить жало из раны; Приложить холод к месту укуса; Следить за состоянием места укуса и общим состоянием больного, для исключение возникновения аллергической реакции."
tech2,410,Первая помощь - 31,Первая помощь при укусе ядовитой змеи,Первая помощь населению,6,6,,публичный,2024-10-31,"Ситуация: Вы услышали крик женщины в соседнем саду. Когда вам удалось найти пострадавшую, она была сильно напугана, сказала, что ее укусила змея.",Что необходимо сделать в данной ситуации ?; Что необходимо сделать далее?,Приложить холод и наложить стерильную сухую повязку; Ограничь подвижность пострадавшей конечности – прибинтовать ее к другой ноге; Проверка дыхания пострадавшего; Придать устойчивое боковое положение
tech2,409,Переход по вопросам УДАЛИТЬ,тестирую,Прочее,4,4,,"служебный, публичный",2024-10-29,,Вопрос,Верный ответ
tech2,407,Инфекционные болезни 020,Инфекционные болезни- гепатит А взрослые 020,Инфекционные болезни,13,13,13,публичный,2024-10-28,"Студентка, 19 лет, обратилась в поликлинику по месту жительства с жалобами на слабость, ломоту в мышцах, горечь по рту, желтушность кожи и склер, снижение аппет",,"Гепатит А; Гепатит А, желтушная форма, средней степени тяжести; Постельный режим; Гепатопротекторы"
tech2,406,Инфекционные болезни 019,Инфекционные болезни- балантидиаз взрослые 019,Инфекционные болезни,13,13,13,публичный,2024-10-28,"Женщина 57 лет, работница свинофермы, обратилась к терапевту-участковому по поводу слабости, тошноты, лихорадки, болей в животе и диареи.",,"Балантидиаз; Балантидиаз, острая форма, типичное течение, средняя степень тяжести; Мономицин; Энтерол"
tech2,405,Инфекционные болезни 018,Инфекционные болезни- амебиаз взрослые 018,Инфекционные болезни,13,13,13,публичный,2024-10-28,"Мужчина 40 лет на приеме в поликлинике жалуется на тянущие боли в животе, частое расстройство стула.",,Амебиаз; Кишечный амебиаз; Метронидазол; Препараты железа
tech2,404,Инфекционные болезни 017,Инфекционные болезни-лептоспироз взрослые 017,Инфекционные болезни,13,13,13,публичный,2024-10-28,"Женщина, 39 лет, доставлена в приемный покой инфекционной больницы из ФАПа, куда обратилась с жалобами на выраженную боль в мышцах и лихорадку в течение несколь",,"Лептоспироз; Лептоспироз, желтушная форма, тяжелая степень; Пенициллин; Ибупрофен"
tech2,403,Инфекционные болезни 016,Инфекционные болезни-сальмонеллез взрослые 016,Инфекционные болезни,13,13,13,публичный,2024-10-28,"Студент музыкальной консерватории, 22 лет, на занятиях почувствовал недомогание, боли в животе. Преподаватель вызвал скорую помощь.",,"Сальмонеллез; Сальмонеллез, гастроинтестинальная форма; Оральная регидратация; Креон"
tech2,402,Инфекционные болезни 015,Инфекционные болезни-дифтерия дети 015,Инфекционные болезни,13,13,13,публичный,2024-10-28,"В инфекционный стационар доставлена девочка 4 лет. Жалобы на боли в горле, головную боль, слабость.",,"Дифтерия; Дифтерия ротоглотки, вызванная токсигенными C. diphtheriae, локализованная пленчатая форма; Антибактериальные препараты; Проведение пробы по Безредко"
tech2,401,Инфекционные болезни 014,Инфекционные болезни-энтеробиоз дети 014,Инфекционные болезни,13,13,13,публичный,2024-10-27,"На приеме в поликлинике девочка 4 лет. Мать девочки рассказала, что последние три месяца у ребенка отмечается снижение аппетита, она стала раздражительной, сон ",,Энтеробиоз; Мебендазол; Цетиризин; Гигиенический уход
tech2,400,Инфекционные болезни 013,Инфекционные болезни-паротит дети 013,Инфекционные болезни,13,13,13,публичный,2024-10-27,"В приемный покой детской инфекционной больницы доставлен мальчик 6 лет. Со слов матери, ребенок вялый, отказывается от приема пищи, температура периодически пов",,"Паротит; Эпидемический паротит, типичная форма, средней степени тяжести; Дротаверин; Сухое тепло на область слюнных желез"
tech2,399,Инфекционные болезни 012,Инфекционные болезни-аденовирусная инфекция дети 012,Инфекционные болезни,13,13,13,публичный,2024-10-27,"Мальчик 8 месяцев болен в течение 2 дней, со слов отца - повышение температуры, заложенность носа. Ребенок беспокойный, постоянно плачет, плохо спит ночью.",,"Аденовирусная инфекция; Аденовирусная инфекция: фарингоконъюктивальная лихорадка, типичная форма, средней степени тяжести; Анаферон; Орошение зева растворами антисептиков"
tech2,398,Инфекционные болезни 011,Инфекционные болезни-коклюш дети 011,Инфекционные болезни,13,13,13,публичный,2024-10-27,"Мальчик 5 лет поступил в стационар с приёма в детской поликлинике с жалобами, со слов мамы, на одышку, мучительный кашель, беспокойство.",,"Коклюш; Коклюш, типичный, период спазматического кашля; Кларитромицин; Амброксол"
tech2,397,Первая помощь - 12,Артериальное кровотечение: предплечье,Первая помощь населению,5,5,,публичный,2024-10-27,"Ситуация: Со слов пострадавшего по пути на работу оступился, упал, поранился о край бордюра правой ногой",Наложение бинта; Наложение жгута,Давящая повязка на область раны; Не требуется использование жгута
tech2,396,Первая помощь - 30,COVID-19 и другие ОРВИ,Первая помощь населению,4,4,,публичный,2024-10-27,"Ситуация: Через некоторое время после начала рабочего дня коллега пожаловался на то, что в помещении холодно и надо бы включить обогреватель. Вы удивлены, так к",Ваши действия,"Измерить температуру тела; Изолировать больного или отправить домой, надев на него и себя медицинские маски"
tech2,395,Первая помощь - 29,Действия при коме,Первая помощь населению,4,4,,публичный,2024-10-27,"Ситуация: Во время пуско-наладочных работ одному из сотрудников стало плохо: возникла рвота, затем он потерял сознание.",Ваши действия; Пострадавший в стабильном боковом положении,"Повернуть пострадавшего на бок; Ввести в рот пострадавшего два пальца и освободить ротовую полость, надавить на корень языка"
tech2,394,Первая помощь - 28,Сахарный диабет: гипогликемия,Первая помощь населению,3,3,,публичный,2024-10-27,"Ситуация: После интенсивной физической нагрузки на строительной площадке у сотрудника отмечаете неадекватное поведение: необоснованную агрессивность, общее возб",У пациента при себе имеется,Дать рассосать конфету
tech2,393,Первая помощь - 27,Инородное тело дыхательных путей у взрослых,Первая помощь населению,5,5,,публичный,2024-10-27,Ситуация: В обеденный перерыв на предприятии человек в столовой во время еды подавился куском мяса.,Определите направление абдоминальных толчков; Пострадавший в сознании,"1. Спереди-назад и снизу-вверх; 1. Встать позади пострадавшего, приложить кулак чуть ниже грудной клетки, чтобы большой палец упирался в живот, накрыть кулак ладонью другой руки, выполнить резкие толчки вверх; 2. Уложить пострадавшего на спину, соединить руки в замок, прижать основание ладони чуть ниже грудной клетки, резко надавить вниз и вперёд"
tech2,392,Первая помощь - 26,Инородное тело дыхательных путей у детей,Первая помощь населению,8,8,,публичный,2024-10-27,"Ситуация: Со слов воспитательницы детского сада (ясли) ребёнок внезапно стал тяжело дышать, задыхаться. Есть подозрение, что засунул в рот делать от игрушки.",Ребенок до 1 года. Без сознания; Инородных предметов в ротовой полости не видно,"Проверить наличие предметов в ротовой полости ребёнка; Уложить ребёнка лицом вниз на своё несколько опущенное предплечье, нанести ребром ладони до 5 ударов между лопатками; Уложить ребёнка головой вниз на свои руки или колени, произвести 5 толчков на уровне нижней трети грудины; Чередовать 5 ударов между лопатками и 5 нажатий на грудину"
tech2,391,Первая помощь - 25,Электротравма,Первая помощь населению,6,6,,публичный,2024-10-27,Ситуация: Пострадавший во время аварии в трансформаторной будке получил поражение электрическим током,Пострадавший - поражение электрическим током; Средства защиты надеты,"Защитить свои руки перчатками, рукавицами, одеждой и т.п.; Выключить рубильник и/или отбросить электропровод предметом не проводящим ток; Приступить к сердечно-лёгочной реанимации; Наложить стерильную повязку на места ожогов"
tech2,390,Первая помощь - 24,Химический ожог,Первая помощь населению,5,5,,публичный,2024-10-27,Ситуация: Окажите первую помощь нескольким пострадавшим с химическими ожогами на производстве.,Пострадавший 1. Поражение средством от засора труб (щелочь); Пострадавший 2. Поражение 70% уксусной кислотой,Промыть водой и/или 3% раствором борной кислоты; Промыть водой и/или раствором гидрокарбонатом натрия (пищевая сода); Примочки с 20% раствором сахара
tech2,389,Первая помощь - 23,Термический ожог,Первая помощь населению,5,5,,публичный,2024-10-27,Ситуация: Со слов работника ТЭЦ получил ожог горячим паром во время работ по обслуживанию оборудования.,Рекомендации,Охлаждение области ожога холодной водой в течении 20 минут; Наложить сухую стерильную повязку; Принять обезболивающее из домашней аптечки
tech2,388,Первая помощь - 22,Обморожение,Первая помощь населению,4,4,,публичный,2024-10-27,"Ситуация: Зима. Ветер. Со слов женщины-сторожа находилась на улице дольше, чем планировала, так как возник обильный снегопад и нужно было очистить территорию от",Рекомендации,"Согревать водой с начальной t = 20 °C, постепенно повышая до 40 °C; Тепло укутать конечность (шарф, шерстяная ткань, свитер)"
tech2,387,Первая помощь - 21,Отравление угарным газом,Первая помощь населению,8,8,,публичный,2024-10-27,"Ситуация: Пострадавший – работник гаража, обнаружен лежащим рядом с работающим автомобилем.",Пострадавший без сознания в опасной зоне; Пострадавший вынесен из опасной зоны,Вынос из опасной зоны на свежий воздух; Вызвать скорую помощь; Освободить пострадавшего от стесняющей одежды; Уложить пострадавшего на бок
tech2,386,Первая помощь - 20,Утопление,Первая помощь населению,8,8,,публичный,2024-10-27,Ситуация: В школьном бассейне один из учеников после хаотичных движений в воде перестал реагировать.,"Пострадавший в воде, лицом вниз, не реагирует на окрик; Пострадавший извлечен из воды","Извлечь пострадавшего из воды; Вызвать скорую помощь; Уложить пострадавшего на своё колено, дать воде стечь из дыхательных путей; Очистить ротовую полость от инородных предметов"
tech2,385,Первая помощь - 19,Судороги/эпилепсия,Первая помощь населению,5,5,,публичный,2024-10-24,"Ситуация: На проходной завода внезапно за вашей спиной раздаётся вскрик, звук удара. Когда вы оборачиваетесь, то видите мужчину лежащего на полу.",Судороги; Судороги прекратились,Положить что-нибудь мягкое под голову; Доступ свежего воздуха. Расстегнуть стесняющую одежду; Придать больному устойчивое боковое положение
tech2,384,Первая помощь - 18,Инсульт,Первая помощь населению,4,4,,публичный,2024-10-24,"Ситуация: Придя на работу, сотрудница пожаловалась на плохое самочувствие. Через некоторое время вы отмечаете, как она пытается что-то сказать, однако жалобы сф",Вы подозреваете у пациента инсульт; Выберите оптимальную позицию,Вызвать скорую помощь; Положение с приподнятым головным концом
tech2,383,Первая помощь - 17,Инфаркт/стенокардия,Первая помощь населению,4,4,,публичный,2024-10-24,"Ситуация: На рабочем месте, одному из сотрудников стало плохо. Жалобы на давящие, сжимающие боли в грудной клетки, отдающие в левое плечо, нижнюю челюсть, чувст",У пациента при себе имеется; Вы подозреваете у пациента инфаркт/стенокардию,Рассосать таблетку нитроглицерина под языком; Положение полусидя
tech2,382,Первая помощь - 16,Обморок/коллапс,Первая помощь населению,4,4,,публичный,2024-10-24,"Ситуация: Во время трудоустройства девушке стало плохо: возникло головокружение, слабость, потемнение в глазах, затем потеряла сознание.",Во время экзамена девушка потеряла сознание; Пострадавшая с приподнятыми ногами,Положение лёжа на спине с приподнятыми ногами; Поднести к носу больной ватку с нашатырным спиртом
tech2,381,Первая помощь - 13,Основные транспортные положения при травмах,Первая помощь населению,11,11,,публичный,2024-10-24,Определите наиболее оптимальные транспортные положения в зависимости от состояния или типа повреждений.,Вы подозреваете черепно-мозговую травму; Вы подозреваете травму позвоночника,"Положение полусидя; Сохранить положение в котором обнаружен пострадавший; Возвышенное положение на поврежденной стороне; На спине, с валиком под коленями и с приподнятым изголовьем"
tech2,380,Парк,ПАРК,Бытовые происшествия,28,28,,публичный,2024-10-23,"На работе завал, друзья оставили тебя одного. Настроение паршивое.",На лавочке сидит девушка; Что же ей сказать,
tech2,379,Инфекционные болезни 10,Инфекционные болезни-инфекционный мононуклеоз взрослые 10,Инфекционные болезни,13,13,13,публичный,2024-10-17,"Пациент М. 22 лет, поступил в инфекционный стационар на 12-й день болезни с жалобами на повышение температуры тела, боли в горле, потемнение цвета мочи.",,"Инфекционный мононуклеоз; Инфекционный мононуклеоз, вызванный вирусов Эпштейн-Барр, типичная форма, средней степени тяжести; Синдром цитолиза и нарушения пигментного обмена печени; Дезинтоксикационная терапия"
tech2,378,Инфекционные болезни 09,Инфекционные болезни-краснуха дети 09,Инфекционные болезни,13,13,13,публичный,2024-10-17,"Воспитатели в детском доме отметили у мальчика 6 лет повышение температуры тела до 38,5°С, насморк, кашель, сыпь на теле.",,"Краснуха; Краснуха, типичная форма, период высыпаний, средней степени тяжести; Госпитализация в мельцеровский бокс; Дезинтоксикационная терапия"
tech2,377,Замбон Урология-1,Урология (Замбон) Демо,Фарм-компании (промо),19,19,,публичный,2024-10-17,"Женщина 23 года, беременность 20 недель, при скрининговом обследовании выявлена бактериурия",,Бессимптомная бактериурия; Фосфомицин трометамол 3 г однократно
tech2,376,Инфекционные болезни 08,Инфекционные болезни-менингококковый менингит дети 08,Инфекционные болезни,14,14,13,публичный,2024-10-17,"Бригадой СМП в стационар доставлен ребёнок 4-х лет, с сыпью и гипертермией в тяжелом состоянии.",,"Менингококковая инфекция; Менингококковая инфекция, вызванный N. meningitidis гр. B, генерализованная форма, менингококкемия; Инфузионная терапия/коррекция метаболических нарушений; Цефтриаксон"
tech2,375,Инфекционные болезни 07,Инфекционные болезни-грипп взрослые 07,Инфекционные болезни,14,14,13,публичный,2024-10-17,"Женщина, 62 лет, вызвала участкового терапевта на 3-й день болезни по поводу высокой температуры, общего недомогания и кашля.",,"Грипп; Острый синусит; Грипп А (Н5N1), типичное течение, средней степени тяжести; Осельтамивир"
tech2,374,Инфекционные болезни 06,Инфекционные болезни-энтеровирусная инфекция взрослые 06,Инфекционные болезни,12,12,13,публичный,2024-10-16,"В приемный покой инфекционной больницы доставлена пациентка С. 26-ти лет, в тяжелом состоянии с высокой температурой и сыпью на кистях и стопах.",,"Энтеровирусная инфекция, энтеровирусная экзантема; Асептический менингит; Миокардит; Анемия"
tech2,373,Инфекционные болезни 05,Инфекционные болезни-ветряная оспа дети 05,Инфекционные болезни,13,13,13,публичный,2024-10-16,"Родители вызвали участкового педиатра на дом для девочки 3-х лет, с лихорадкой и высыпаниями на теле.",,"Ветряная оспа; Ветряная оспа типичная форма, период высыпания, средней степени тяжести; Лечение в амбулаторных условиях; Интерферон-α"
tech2,372,Инфекционные болезни 04,Инфекционные болезни-корь дети 04,Инфекционные болезни,13,13,13,публичный,2024-10-16,"Ребенок 3,5 лет с осиплостью голоса, сыпью и лихорадкой поступил в инфекционное отделение на 5-е сутки от начала заболевания.",,"Корь; Корь, типичная форма, средней степени тяжести; Интерферон альфа; Ибупрофен или парацетамол"
tech2,371,Инфекционные болезни 03,Инфекционные болезни-скарлатина дети 03,Инфекционные болезни,12,12,13,публичный,2024-10-15,"В инфекционный стационар поступил мальчик, 16 лет, с жалобами на боль в горле, лихорадку и сыпь по телу.",,"Скарлатина, типичная, средней степени тяжести, гладкое течение; Амоксициллин + клавулановая кислота; Парацетамол или ибупрофен; Лоратадин или цетиризин"
tech2,370,Инфекционные болезни 02,Инфекционные болезни-брюшной тиф взрослый 02,Инфекционные болезни,14,14,13,публичный,2024-10-15,"Больной Р., 30 лет, поступил в стационар на 8-й день от остро начавшегося заболевания. Температура с первого дня болезни субфебрильная, постепенно повышалась и ",,"Брюшной тиф; Брюшной тиф (вызванный Salmonella Typhi), стадия разгара, тяжёлое течение. Неосложненная форма; Постельный режим в период лихорадки и первые 7 дней нормализации температуры; Инфузионная терапия (5% раствор декстрозы, в/в)"
tech2,369,Инфекционные болезни 01,Инфекционные болезни-шигеллез взрослые 01,Инфекционные болезни,13,13,13,публичный,2024-10-15,"Больная А., 35 лет, обратилась на приём в участковую поликлинику.",,"Острый шигеллёз, вызванный Shigella sonnei, колитический вариант, легкой степени тяжести; Катаральный сигмоидит; Лечение амбулаторное; Диета: стол №4"
tech2,368,Первая помощь - 10,Артериальное кровотечение: предплечье,Первая помощь населению,10,10,,публичный,2024-10-13,"Ситуация: Со слов пострадавшей во время малярных работ случайно разбила стекло, поранив предплечье.",Наложение бинта; Наложение жгута,Давящая повязка на область раны; Артериальный жгут на нижнюю треть плеча; Иммобилизация конечности в физиологическом положении; Да
tech2,367,Первая помощь - 09,Артериальное кровотечение: плечо,Первая помощь населению,10,10,,публичный,2024-10-13,"Ситуация: Со слов пострадавшего на рабочем месте оступился и случайно разбил стекло в шкафу, поранив руку, возникло кровотечение.",Наложение бинта; Наложение жгута,Давящая повязка на область раны; Артериальный жгут на верхнюю треть плеча; Иммобилизация конечности в опущенном положении; Да
tech2,366,Первая помощь - 08,Артериальное кровотечение: бедро,Первая помощь населению,8,8,,публичный,2024-10-12,"Ситуация: Со слов пострадавшего во время сварочных работ, произошло ранение правого бедра острым краем железного предмета.",Наложение бинта; Наложение жгута,"Давящая повязка на область раны; Артериальный жгут на основание бедра ближе к паху; Да; Первый виток самый тугой, остальные накладываются вплотную с меньшей силой"
tech2,365,Первая помощь - 07,Артериальное кровотечение: голень,Первая помощь населению,8,8,,публичный,2024-10-12,"Ситуация: Со слов пострадавшего, во время столярных работ на производстве получил травму, когда топор случайно соскочил и ударил по правой голени.",Наложение бинта; Наложение жгута,"Давящая повязка на область раны; Артериальный жгут на среднюю часть бедра; Да; Первый виток самый тугой, остальные накладываются вплотную с меньшей силой"
tech2,364,Первая помощь - 06,Открытый перелом,Первая помощь населению,6,6,,публичный,2024-10-12,"Ситуация: Со слов пострадавшего переходил дорогу по пешеходному переходу, когда произошёл наезд на него легкового автомобиля и удар бампером в область левой гол",Наложение бинта; Наложение жгута,"Не вправлять костные отломки, наложить стерильную салфетку на область травмы; Не требуется использование жгута; Шина на левую голень с фиксацией коленного и голеностопного суставов"
tech2,363,Первая помощь - 05,Перелом ключицы,Первая помощь населению,4,4,,публичный,2024-10-12,Ситуация: Со слов пострадавшего во время тренировки на полигоне споткнулся и упал на вытянутую левую руку.,Наложение бинта,Зафиксировать руку косыночной повязкой (предплечье - под прямым углом поперек грудной клетки)
tech2,362,Первая помощь - 04,Перелом плеча,Первая помощь населению,7,7,,публичный,2024-10-12,"Ситуация: Со слов пострадавшего во время подъёма по пожарной лестнице, оступился, упал на левое плечо.",Наложение бинта; Наложение жгута,Зафиксировать руку в согнутом состоянии косыночной повязкой; Не требуется использование жгута; Шина на левое плечо и предплечье (предплечье - под прямым углом поперек грудной клетки)
tech2,361,Первая помощь - 03,Перелом предплечья,Первая помощь населению,7,7,,публичный,2024-10-11,"Ситуация: Со слов пострадавшего на территории предприятия поскользнулся на льду, упал на левую руку. Жалобы на выраженную боль в левом предплечье, невозможность",Наложение бинта; Наложение жгута,"Вложить в кисть руки пострадавшего валик, зафиксировать согнутую в локте руку; Не требуется использование жгута; Шина на левое предплечье с фиксацией локтевого и лучезапястного сустава под углом 90"
tech2,360,Первая помощь - 02,Перелом бедра,Первая помощь населению,6,6,,публичный,2024-10-11,"Ситуация: Со слов рабочего во время укладки трубопровода, часть трубы соскочила и упала на правое бедро. Жалуется на выраженную боль в правом бедре, невозможнос",Наложение бинта; Наложение жгута,"Не требуется использование бинта; Не требуется использование жгута; Одна шина с внешней стороны от стопы до подмышечной ямки, другая - с внутренней стороны от стопы до паха"
tech2,359,Первая помощь - 01,Перелом голени,Первая помощь населению,6,6,,публичный,2024-10-10,"Ситуация: Рабочий во время ремонтных работ случайно упал с лестницы-стремянки, ударился левой ногой. Жалуется на сильную боль в левой голени, невозможность движ",Наложение бинта; Наложение жгута,Не требуется использование бинта; Не требуется использование жгута; Шина на левую голень с фиксацией коленного и голеностопного сустава
tech2,358,ТЕСТ - Верстка ответов с картинками,Голень-1,Прочее,1,1,,служебный,2024-10-08,,Наложение бинта,Не требуется использование бинта
tech2,357,СПИД-центр. Кейс 060,Антиспид–060 Макурина 5,ВИЧ — кейсы СПИД-центра,13,13,15 11,публичный,2024-10-04,Пациент 36-летний мужчина обратился к терапевту по месту жительства.,Назначьте лабораторное обследование; Дайте рекомендации для пациента,"Папилломы полости рта; Новообразования полости рта неуточненное; Общий анализ крови, общий анализ мочи; Биохимический анализ крови"
tech2,356,СПИД-центр. Кейс 075,Антиспид–075 Шилов 5,ВИЧ — кейсы СПИД-центра,14,14,15 11,публичный,2024-10-04,На приеме у невролога поликлиники мужчина 34 лет.,Рекомендованные обследования на амбулаторном этапе; Рекомендации,Метастазы головного мозга; Нейроинфекция; ВИЧ-ассоциированное поражение головного мозга; Структурная генерализованная эпилепсия
tech2,355,СПИД-центр. Кейс 074,Антиспид–074 Шилов 4,ВИЧ — кейсы СПИД-центра,15,15,15 11,публичный,2024-10-04,На приеме у невролога поликлиники женщина 34 лет.,Рекомендованные обследования на амбулаторном этапе; Рекомендации,Объемное образование головного мозга; Нейроинфекция; ВИЧ-ассоциированное поражение головного мозга; Структурная генерализованная эпилепсия
tech2,354,СПИД-центр. Кейс 073,Антиспид–073 Шилов 3,ВИЧ — кейсы СПИД-центра,14,14,15 11,публичный,2024-10-04,Женщина 38 лет обратилась на прием к неврологу поликлиники.,Рекомендованные обследования на амбулаторном этапе; Рекомендации,"Сенсорно-вегетативная дистальная полиневропатия нижних конечностей неясной этиологии; ВИЧ-инфекция; ОАК, ОАМ, б/х крови; Обследование на сифилис, гепатиты В и С, ВИЧ (ИФА)"
tech2,353,СПИД-центр. Кейс 072,Антиспид–072 Шилов 2,ВИЧ — кейсы СПИД-центра,15,15,15 11,публичный,2024-10-04,На приеме невролога поликлиники женщина 46 лет в сопровождении дочери.,Рекомендованные обследования на амбулаторном этапе; Рекомендации,"Болезнь Альцгеймера; Поражение нервной системы на фоне инфекционного заболевания; ОАК, ОАМ, б/х крови; Обследование на сифилис, гепатиты В и С, ВИЧ (ИФА)"
tech2,352,СПИД-центр. Кейс 071,Антиспид–071 Шилов 1,ВИЧ — кейсы СПИД-центра,15,15,15 11,публичный,2024-10-04,Мужчина 45 лет обратился к неврологу поликлиники. На приеме в сопровождении матери.,Рекомендованные обследования на амбулаторном этапе; Рекомендации,"Повторные ОНМК; ВИЧ-ассоциированное заболевание головного мозга; ОАК, ОАМ, б/х крови; Обследование на сифилис, гепатиты В и С, ВИЧ (ИФА)"
tech2,351,СПИД-центр. Кейс 059,Антиспид–059 Макурина 4,ВИЧ — кейсы СПИД-центра,15,15,15 11,публичный,2024-10-04,Пациент Мужчина 44 лет обратился в поликлинику по месту жительства к терапевту.,"Назначьте лабораторное обследование; Какие инструментальные исследования следует назначить, учитывая анамнез В24?","Общий анализ крови; Общий анализ мочи; Биохимический анализ крови; ИФА крови на гепатит В, С"
tech2,350,СПИД-центр. Кейс 058,Антиспид–058 Макурина 3,ВИЧ — кейсы СПИД-центра,14,14,15 11,публичный,2024-10-04,Пациент 26 летний мужчина обратился к терапевту по месту жительства.,Какие обязательные процедуры перед проведением обследования; Назначьте лабораторное обследование,ОРВИ. Вирусная экзантема; ВИЧ-инфекция; Герпетическая инфекция; Афтозный стоматит
tech2,349,СПИД-центр. Кейс 070,Антиспид–070 Мотова 5,ВИЧ — кейсы СПИД-центра,15,15,15 11,публичный,2024-10-03,Мужчина 44 лет обратился к участковому терапевту по месту жительства.,"Назначьте лабораторные и инструментальные обследования; Какие анамнестические, физикальные, лабораторные и инструментальные данные позволяют заподозрить ВИЧ-инфекцию?",ВИЧ-инфекция; Туберкулез; Длительный субфебрилитет неясного генеза; Герпетическая инфекция
tech2,348,СПИД-центр. Кейс 057,Антиспид–057 Макурина 2,ВИЧ — кейсы СПИД-центра,14,14,15 11,публичный,2024-10-03,Пациент Пациент 23 года обратился к терапевту в поликлинику по месту жительства.,Назначьте лабораторное инструментальное обследование; Обязательные процедуры перед проведением освидетельствования,Медицинский осмотр. Освидетельствование на инфекции с парентеральным механизмом передачи; ИФА крови на ВИЧ-инфекцию; ИФА крови на гепатит В; ИФА крови на гепатит С
tech2,347,СПИД-центр. Кейс 056,Антиспид–056 Макурина 1,ВИЧ — кейсы СПИД-центра,17,17,15 11,публичный,2024-10-03,Пациент 36 летний мужчина поступил в приемное отделение инфекционной больницы.,Назначьте лабораторное и инструментальное обследование; Какие дообследования следует провести?,Менингит неуточненный; Энцефалит неуточненный; ВИЧ-инфекция; Люмбальная пункция
tech2,346,СПИД-центр. Кейс 069,Антиспид–069 Мотова 4,ВИЧ — кейсы СПИД-центра,15,15,15 11,публичный,2024-10-03,Мужчина 30 лет обратился на прием к хирургу поликлиники по месту жительства.,Назначьте обследования и консультации специалистов; Рекомендации,"Лимфаденит левой подмышечной области; ВИЧ-инфекция; Туберкулез; ОАК, ОАМ, Б/х крови"
tech2,345,СПИД-центр. Кейс 055,Антиспид–055 Надельман 5,ВИЧ — кейсы СПИД-центра,12,12,15 11,публичный,2024-10-03,Пациентка На профилактический прием к участковому педиатру обратилась мама с 4-месячным ребенком.,Назначьте лабораторное обследование; Дайте рекомендации для пациентки.,"Перинатальный контакт по ВИЧ-инфекции; Общий анализ крови, общий анализ мочи; ПЦР РНК ВИЧ качественно; Антитела к гепатитам В и С"
tech2,344,СПИД-центр. Кейс 068,Антиспид–068 Мотова 3,ВИЧ — кейсы СПИД-центра,15,15,15 11,публичный,2024-10-03,Мужчина 33 лет обратился в приемный покой инфекционной больницы.,Назначьте обследования и консультации специалистов,ВИЧ-инфекция; Пневмония атипичная; Острая кишечная инфекция; Синдром раздраженного кишечника
tech2,343,СПИД-центр. Кейс 067,Антиспид–067 Мотова 2,ВИЧ — кейсы СПИД-центра,15,15,15 11,публичный,2024-10-03,Пациент Мужчина 41 год доставлен КСМП в приемный покой инфекционной больницы.,Назначьте обследования и консультации специалистов; Рекомендации,Пневмоцистная пневмония; Пневмония левосторонняя; ВИЧ-инфекция; Туберкулез
tech2,342,СПИД-центр. Кейс 040,Антиспид–040 Пушкарева 5,ВИЧ — кейсы СПИД-центра,14,14,15 11,публичный,2024-10-03,"Пациент Мужчина 26лет, обратился на прием к дерматовенерологу амбулаторно в кожно-венерологический диспансер.",Назначьте лабораторное и инструментальное обследование на амбулаторном этапе; Какое из состояний является показанием к обследованию на ВИЧ?,Пиодермия; Общий анализ крови; Общий анализ мочи; Биохимический анализ крови
tech2,341,СПИД-центр. Кейс 054,Антиспид–054 Надельман 4,ВИЧ — кейсы СПИД-центра,15,15,15 11,публичный,2024-10-02,"Пациентка На приеме в СПИД-центре мать с девочкой 7 лет, направлены участковым педиатром для планового обследования по контакту с В24.",Какой путь заражения у ребенка?; Назначьте лабораторное и инструментальное обследование,ВИЧ-инфекция; Онихомикоз; Рецидивирующие риносинуситы; В семейном анамнезе ВИЧ-инфекция
tech2,340,СПИД-центр. Кейс 066,Антиспид–066 Мотова 1,ВИЧ — кейсы СПИД-центра,15,15,15 11,публичный,2024-10-02,Пациент Мужчина 36 лет госпитализирован в терапевтический стационар.,Назначьте обследования и консультации специалистов; Рекомендации,"ВИЧ-инфекция; Туберкулез; Пневмония; ОАК, ОАМ, Б/х крови"
tech2,339,СПИД-центр. Кейс 053,Антиспид–053 Надельман 3,ВИЧ — кейсы СПИД-центра,14,14,15 11,публичный,2024-10-02,Пациентка К дерматологу детской поликлиники обратился 17-летний подросток с матерью.,Назначьте лабораторные и инструментальные обследования; Какой путь заражения ВИЧ-инфекцией скорее всего возможен у данного подростка?,ВИЧ-инфекция; Опоясывающий герпес; Полилимфоаденопатия; Контакт с больным ВИЧ-инфекцией
tech2,338,СПИД-центр. Кейс 065,Антиспид–065 Касиева  5,ВИЧ — кейсы СПИД-центра,15,15,15 11,публичный,2024-10-02,Женщина 37 лет обратилась к гинекологу по месту жительства.,"Рекомендуемые обследования; Какие анамнестические, физикальные, лабораторные и инструментальные данные позволяют заподозрить ВИЧ-инфекцию?",ВИЧ-инфекция; Кандидозный кольпит; Беременность 7-8 недель; Мазок на микрофлору из влагалища и цервикального канала
tech2,337,СПИД-центр. Кейс 064,Антиспид–064 Касиева  4,ВИЧ — кейсы СПИД-центра,16,16,15 11,публичный,2024-10-02,Пациент Женщина 40 лет наблюдается по беременности у гинеколога по месту жительства. Явка в 27-28 недель беременности.,"Рекомендуемые обследования; Какие анамнестические, физикальные, лабораторные и инструментальные данные позволяют заподозрить ВИЧ-инфекцию?",ВИЧ-инфекция; Гестационный сахарный диабет; Кандидозный кольпит; Беременность 27-28 недель
tech2,336,СПИД-центр. Кейс 052,Антиспид–052 Надельман 2,ВИЧ — кейсы СПИД-центра,15,15,15 11,публичный,2024-09-29,Пациентка В приемный покой инфекционной больницы обратились 10 летняя девочка с бабушкой.,Назначьте лабораторные исследования; Назначьте инструментальные обследования,"Ветряная оспа, типичная, средней степени тяжести.; ВИЧ-инфекция.; В семейном анамнезе болезнь, вызванная вирусом иммунодефицита человека.; Персистирующая генерализованная лимфоаденопатия."
tech2,335,СПИД-центр. Кейс 051,Антиспид–051 Надельман 1,ВИЧ — кейсы СПИД-центра,11,11,15 11,публичный,2024-09-29,Участковый педиатр осуществляет первичный патронаж новорожденного ребенка на дому. Ребенку 5 дней.,Какие будут рекомендации данной пациентке?; Следует ли направить пациента в СПИД-центр на консультацию педиатра ?,"Период новорожденности.; Кандидоз слизистой оболочки полости рта.; В семейном анамнезе болезнь, вызванная вирусом иммунодефицита человека.; Консультация педиатра центра СПИДа в 2-3 недели жизни."
tech2,334,СПИД-центр. Кейс 050,Антиспид–050 Вахидова 5,ВИЧ — кейсы СПИД-центра,13,13,15 11,публичный,2024-09-29,Пациентка Пациентка 28 лет обратилась на прием к гинекологу для постановки на учет по беременности.,Назначьте лабораторное и инструментальное обследование на амбулаторном этапе; Какие будут ваши рекомендации данной пациентке ?,Беременность 6-7 недель; Контакт с В24; Общий анализ крови; Общий анализ мочи
tech2,333,СПИД-центр. Кейс 063,Антиспид–063 Касиева 3,ВИЧ — кейсы СПИД-центра,16,16,15 11,публичный,2024-09-29,Пациент Женщина 34 лет обратилась к гинекологу по месту жительства.,"Рекомендуемые обследования; Какие анамнестические, физикальные, лабораторные и инструментальные данные позволяют заподозрить ВИЧ-инфекцию?",ВИЧ-инфекция; Остроконечные кондиломы вульвы; Рак шейки матки; Бактериальный вагиноз
tech2,332,СМП 56 v2,Менингококковый менингит,СМП — скорая помощь,10,10,12,"версия 2, публичный",2024-09-29,"Пациент Ребёнок 4-х лет, жалобы на повышение температуры тела до 40,0°С, слабость, многократную рвоту, головную боль, сыпь на теле.",,"Менингококковая инфекция; Инфузия Натрия хлорид 0,9% или раствор Рингера; Анальгин в/м; Преднизолон или дексаметазон"
tech2,331,СМП 57 v2,Оснащение скорой,СМП — скорая помощь,29,29,12,"версия 2, публичный",2024-09-27,"Выбирайте область внутри салона Смотрите назначение оборудования и состав укладок. Открывайте сумки, знакомьтесь с их содержимым.",Общий вид; Зона 1,1-1; 1-2; 1-3; 1-4
tech2,329,СМП 55 v2,Ветряная оспа,СМП — скорая помощь,10,10,12,"версия 2, публичный",2024-09-26,"Пациент Родители вызвали скорую помощь для девочки 3-х лет, с лихорадкой и высыпаниями на теле.",,Ветряная оспа; Актив в поликлиник; Рекомендовать: обработка везикул на коже 1% спиртовым раствором бриллиантового зелёного или фукорцином; Рекомендовать: цетиризин или лоратадин
tech2,328,СМП 54 v2,Скарлатина,СМП — скорая помощь,11,11,12,"версия 2, публичный",2024-09-26,"Пациент Скорую помощь вызвала мать мальчика 8 лет, с жалобами на боль в горле, лихорадку и сыпь по телу.",Ваши действия:,Скарлатина; Анальгин в/м; Госпитализация; Актив в поликлинику
tech2,327,СПИД-центр. Кейс 062,Антиспид–062 Касиева 2,ВИЧ — кейсы СПИД-центра,16,16,15 11,публичный,2024-09-26,Пациент Женщина 42 лет обратилась к гинекологу по месту жительства.,"Рекомендуемые обследования; Какие анамнестические, физикальные, лабораторные и инструментальные данные позволяют заподозрить ВИЧ-инфекцию?",ВИЧ-инфекция; Множественная миома матки небольших размеров; Аногенитальные бородавки; Рецидивирующая герпетическая инфекция
tech2,326,СМП 53 v2,Краснуха,СМП — скорая помощь,10,10,12,"версия 2, публичный",2024-09-26,"Пациент Воспитатели в детском доме отметили у мальчика 6 лет повышение температуры тела до 38,5°С, насморк, кашель, сыпь на теле.",,Краснуха; Госпитализация
tech2,325,СМП 52 v2,Корь,СМП — скорая помощь,10,10,12,"версия 2, публичный",2024-09-26,"Пациент Ребенок 3,5 лет, беспокоит осиплость голоса, сыпь и лихорадка. Родители вызвали скорую помощь.",,Корь; Анальгин в/м; Ибупрофен или парацетамол; Ингаляции с будесонидом
tech2,324,СМП 51 v2,Анафилактический шок,СМП — скорая помощь,14,14,12,"версия 2, публичный",2024-09-26,"Пациент Бригада скорой помощи вызвана к девочке 2-х лет. Со слов бабушки около 15 минут назад девочка стала беспокойной, появилась зудящая сыпь по всему телу. П",,Анафилактический шок; Обколоть место инъекции адреналином; Экстренная госпитализация; Положение Тренделенбурга
tech2,323,СМП 50 v2,Дыхательная недостаточность,СМП — скорая помощь,14,14,12,"версия 2, публичный",2024-09-25,"Пациент Ребенок 2,5 лет заболел остро. Утром поднялась температура до 39,9°С, резко выраженная боль в горле. Мать дала ребенку жаропонижающее средство и вызвала",,Эпиглоттит. Дыхательная недостаточность; Жаропонижающие препараты; Экстренная госпитализация в ОРИТ; Оксигенотерапия
tech2,322,СПИД-центр. Кейс 049,Антиспид–049 Вахидова 4,ВИЧ — кейсы СПИД-центра,14,14,15 11,публичный,2024-09-25,Пациентка Пациентка 33 года обратилась на амбулаторный прием к гинекологу.,Назначьте лабораторное и инструментальное обследование на амбулаторном этапе.; Какие будут ваши рекомендации данной пациентке ?,"Дисплазия шейки матки неуточненная.; Лейкоплакия шейки матки.; Мазок на флору и онкоцитологию; ИФА крови: сифилис, HBSAg , HCV, ВИЧ"
tech2,321,СПИД-центр. Кейс 047,Антиспид–047 Вахидова 2,ВИЧ — кейсы СПИД-центра,14,14,15 11,публичный,2024-09-25,Пациентка Пациентка 27 лет обратилась на прием к гинекологу на амбулаторный прием.,Назначьте лабораторное и инструментальное обследование на амбулаторном этапе.; Какие будут ваши рекомендации данной пациентке?,Беременность 6 недель; Эктопия шейки матки; Общий анализ крови; Общий анализ мочи
tech2,320,СПИД-центр. Кейс 048,Антиспид–048 Вахидова 3,ВИЧ — кейсы СПИД-центра,14,14,15 11,публичный,2024-09-24,Пациентка Пациентка 22 года обратилась на прием к гинекологу на амбулаторный прием.,Назначьте лабораторное и инструментальное обследование на амбулаторном этапе.; Какие будут рекомендации данной пациентке?,Аногенитальные кондиломы; Эктопия шейки матки; ВИЧ-инфекция; Анализ урогенитального соскоба на ВПЧ методом ПЦР
tech2,318,СПИД-центр. Кейс 061,Антиспид–061 Касиева  1,ВИЧ — кейсы СПИД-центра,16,16,15 11,публичный,2024-09-24,Пациент Женщина 29 лет обратилась к гинекологу по месту жительства.,"Рекомендуемые обследования; Какие анамнестические, физикальные, лабораторные и инструментальные данные позволяют заподозрить ВИЧ-инфекцию?",ВИЧ-инфекция; Бактериальный вагиноз смешанной этиологии; Герпетическая инфекция; Левосторонний гидросальпинкс
tech2,317,СПИД-центр. Кейс 046,Антиспид–046 Вахидова 1,ВИЧ — кейсы СПИД-центра,14,14,15 11,публичный,2024-09-23,Пациентка Пациентка 25 лет обратилась на прием к гинекологу в женскую консультацию.,Назначьте лабораторное и инструментальное обследование на амбулаторном этапе.; Какие будут рекомендации данной пациентке?,"Воспалительные болезни женских тазовых органов неуточненные; Общий анализ крови; ИФА крови a/HCV, HbsAg, сифилис, ВИЧ; ПЦР NCMT из влагалища"
tech2,316,test editor text,Тестовый,Прочее,1,1,,"служебный, публичный",2024-09-22,,,
tech2,313,ТЕСТ-первая помощь голень,Голень-1,Прочее,6,6,,служебный,2024-09-21,"Ситуация: Рабочий во время ремонтных работ случайно упал с лестницы-стремянки, ударился левой ногой. Жалуется на сильную боль в левой голени, невозможность движ",Наложение бинта; Наложение жгута,Не требуется использование бинта; Не требуется использование жгута; Шина на левую голень с фиксацией коленного и голеностопного сустава
tech2,312,СПИД-центр. Кейс 045,Антиспид–045 Сабурова 5,ВИЧ — кейсы СПИД-центра,16,16,15 11,публичный,2024-09-21,"Пациент Больная Д, 40 лет в приемном покое инфекционной больницы.","Назначьте лабораторное и инструментальное обследование на амбулаторном этапе.; Какие из анамнестических, физикальных, лабораторных, инструментальных данных позволяют заподозрить у пациента ВИЧ-инфекцию?",ВИЧ-инфекция; Опоясывающий герпес; Общий анализ крови; Общий анализ мочи
tech2,311,СПИД-центр. Кейс 044,Антиспид–044 Сабурова 4,ВИЧ — кейсы СПИД-центра,14,14,15 11,публичный,2024-09-20,Пациент Пациент 34 года в приемном покое терапевтического стационара.,Следует ли направить пациента в противотуберкулезный диспансер?,ВИЧ-инфекция /Туберкулез легких; ВИЧ – инфекция/ Пневмония; ВИЧ-инфекция; Туберкулез легких
tech2,310,СПИД-центр. Кейс 043,Антиспид–043 Сабурова 3,ВИЧ — кейсы СПИД-центра,15,15,15 11,публичный,2024-09-20,"Пациент Больная Г, 38 лет на приеме у терапевта в поликлинике.",Назначьте лабораторное и инструментальное обследование на амбулаторном этапе; Какое из состояний является показанием к обследованию на ВИЧ?,Острая ВИЧ-инфекция; Лихорадка неясного генеза; Общий анализ крови; Общий анализ мочи
tech2,309,СПИД-центр. Кейс 042,Антиспид–042 Сабурова 2,ВИЧ — кейсы СПИД-центра,15,15,15 11,публичный,2024-09-19,"Пациент Больная Г, 40 лет госпитализирована в стационар.",Назначьте лабораторное и инструментальное обследование на амбулаторном этапе; Кому показано назначение АРВТ?,Кандидозный эзофагит; Рефлюксный эзофагит; ИБС: стенокардия напряжения; Общий анализ крови
tech2,308,СПИД-центр. Кейс 041,Антиспид–041 Сабурова 1,ВИЧ — кейсы СПИД-центра,15,15,15 11,публичный,2024-09-19,"Пациент Пациент 42 года, обратился к участковому терапевту по месту жительства.","Назначьте лабораторное и инструментальное обследование на амбулаторном этапе; Какие из анамнестических, физикальных, лабораторных, инструментальных данных позволяют заподозрить у пациента ВИЧ-инфекцию?",ВИЧ-инфекция; Микобактериоз; Пневмоцистная пневмония.; Туберкулез
tech2,307,СМП 49 v2,Острая кишечная инфекция,СМП — скорая помощь,14,14,12,"версия 2, публичный",2024-09-19,"Пациент Ребёнок 5 лет заболел остро в 5 часов утра, когда внезапно появилась обильная рвота и водянистый стул. Обеспокоенные родители вызвали карету скорой меди",,"Острая кишечная инфекция, эксикоз; Госпитализация в инфекционный стационар; Регидратация; Энтеросорбенты"
tech2,306,СПИД-центр. Кейс 037,Антиспид–036 Пушкарева 2,ВИЧ — кейсы СПИД-центра,13,13,15 11,публичный,2024-09-17,"Пациент Пациент: мужчина 42 года, обратился на прием к дерматовенерологу амбулаторно в кожно-венерологический диспансер.",Назначьте лабораторное и инструментальное обследование на амбулаторном этапе,Саркома Капоши; Кандидоз; ВИЧ-инфекция; Общий анализ крови
tech2,305,СПИД-центр. Кейс 039,Антиспид–039 Пушкарева 4,ВИЧ — кейсы СПИД-центра,14,14,15 11,публичный,2024-09-16,"Пациент Пациентка 47 лет, обратилась на прием к дерматовенерологу амбулаторно в поликлинику по месту жительства.","Назначьте лабораторное и инструментальное обследование на амбулаторном этапе; Какие из анамнестических, физикальных, лабораторных, инструментальных данных позволяют заподозрить у пациента ВИЧ-инфекцию?",Микоз ногтей; Микоз кожи; Общий анализ крови; Общий анализ мочи
tech2,303,СПИД-центр. Кейс 038,Антиспид–038 Пушкарева 3,ВИЧ — кейсы СПИД-центра,14,14,15 11,публичный,2024-09-16,"Пациент Мужчина 33 года, обратился на прием к дерматовенерологу амбулаторно в кожно-венерологический диспансер.","Назначьте лабораторное и инструментальное обследование на амбулаторном этапе; Какие из анамнестических, физикальных, лабораторных, инструментальных данных позволяют заподозрить у пациента ВИЧ-инфекцию?",Опоясывающий герпес; Общий анализ крови; Общий анализ мочи; Биохимический анализ крови
tech2,301,СПИД-центр. Кейс 036,Антиспид–036 Пушкарева 1,ВИЧ — кейсы СПИД-центра,14,14,15 11,публичный,2024-09-16,"Пациент Пациент 28 лет, обратился на прием к дерматовенерологу амбулаторно в кожно-венерологический диспансер.","Назначьте лабораторное и инструментальное обследование на амбулаторном этапе; Какие из анамнестических, физикальных, лабораторных, инструментальных данных позволяют заподозрить у пациента ВИЧ-инфекцию?","Аногенитальные бородавки; ПЦР анализ из уретры на инфекции передающиеся половым путем: Mcoplasma genitalium, Chlamydia trachomatis; Микроскопическое исследования материала из уретры на Trichomonas vaginalis и Neisseria gonorrhoeae; ИФА крови a/HCV, HbsAg"
tech2,300,СПИД-центр. Кейс 035,Антиспид–035 Чистова 5,ВИЧ — кейсы СПИД-центра,14,14,15 11,публичный,2024-09-15,"Пациент Пациент 32 года, находится на обследовании в противотуберкулезном диспансере амбулаторно.",Назначьте лабораторное и инструментальное обследование на амбулаторном этапе,"ВИЧ-инфекция, Туберкулез; Общий анализ крови; Общий анализ мочи; Биохимический анализ крови"
tech2,299,СПИД-центр. Кейс 034,Антиспид–034 Чистова 4,ВИЧ — кейсы СПИД-центра,14,14,15 11,публичный,2024-09-15,"Пациент Пациент 29 лет, проходил обследование перед плановой операцией по поводу пупочной грыжи в поликлинике по месту жительства, наблюдался у хирурга. Получен","Назначьте лабораторное и инструментальное обследование на амбулаторном этапе; Какие из анамнестических, физикальных, лабораторных, инструментальных данных позволяют заподозрить у пациента ВИЧ-инфекцию?",ВИЧ-инфекция; Общий анализ крови; Общий анализ мочи; Биохимический анализ крови
tech2,298,СПИД-центр. Кейс 033,Антиспид–033 Чистова 3,ВИЧ — кейсы СПИД-центра,13,13,15 11,публичный,2024-09-14,"Пациент Пациентка 43 года, состоит на диспансерном учете в центре СПИД 8 лет, от приема АРВТ отказывалась.",Назначьте лабораторное и инструментальное обследование на амбулаторном этапе,"ВИЧ-инфекция, Кахексия.; Общий анализ крови; Общий анализ мочи; Биохимический анализ крови"
tech2,297,СПИД-центр. Кейс 032,Антиспид–032 Чистова 2,ВИЧ — кейсы СПИД-центра,14,14,15 11,публичный,2024-09-14,"Пациент Пациент 39 лет, находился на стационарном лечении в инфекционной больнице с диагнозом: Герпетическая инфекция задней поверхности туловища, выписывается ","Назначьте лабораторное и инструментальное обследование на стационарном этапе; Какие из анамнестических, физикальных, лабораторных, инструментальных данных позволяют заподозрить у пациента ВИЧ-инфекцию?","ОАК; ОАМ; Биохимический анализ крови; ИФА крови на а/НСV, HbsAg"
tech2,296,СПИД-центр. Кейс 031,Антиспид–031 Чистова 1,ВИЧ — кейсы СПИД-центра,14,14,15 11,публичный,2024-09-12,"Пациент Пациентка 47 лет, находится на стационарном лечении в гастроэнтерологическом отделении.",Назначьте лабораторное и инструментальное обследование на стационарном этапе; Какое из состояний является показанием к обследованию на ВИЧ?,Кандидоз пищевода; ВИЧ-инфекция; ОАК; ОАМ
tech2,292,СПИД-центр. Кейс 030,Антиспид–030 Наумова 5,ВИЧ — кейсы СПИД-центра,16,16,15 11,публичный,2024-09-11,"Пациент Пациент 40 лет, обратился в приемный покой ЛОР-отделения.",Какое из состояний является показанием к обследованию на ВИЧ?,Грибковый верхнечелюстной синусит; Наличие генерализованной лимфаденопатии более месяца; Лихорадка без явной причины более месяца; Затяжное и рецидивирующее гнойно-бактериальное заболевание
tech2,291,СПИД-центр. Кейс 029,Антиспид–029 Наумова 4,ВИЧ — кейсы СПИД-центра,15,15,15 11,публичный,2024-09-11,"Пациент Пациент 30 лет, обратился к врачу-оториноларингологу амбулаторно по месту жительства.",Нуждается ли пациент в госпитализации?,"ВИЧ-инфекция. Кандидозный тонзиллофарингит; ВИЧ-инфекция.; Кандидозный тонзиллофарингит; Направить в территориальный центр СПИД к инфекционисту, непрерывный прием АРВТ, беседа о приверженности  АРВТ"
tech2,290,СПИД-центр. Кейс 028,Антиспид–028 Наумова 3,ВИЧ — кейсы СПИД-центра,16,16,15 11,публичный,2024-09-11,"Пациент Пациент 31 год, обратился в приемный покой ЛОР-отделения.",Какое из состояний является показанием к обследованию на ВИЧ?,Острый двусторонний средний отит; Наличие генерализованной лимфаденопатии более месяца; Лихорадка без явной причины более месяца; Затяжное и рецидивирующее гнойно-бактериальное заболевание
tech2,289,СПИД-центр. Кейс 027,Антиспид–027 Наумова 2,ВИЧ — кейсы СПИД-центра,14,14,15 11,публичный,2024-09-11,"Пациент Пациентка 40 лет, обратилась к врачу-оториноларингологу амбулаторно по месту жительства.",,"ВИЧ-инфекция; Ангина Симановского-Плаута-Венсана; Наружный отит, перихондрит левой ушной раковины; Герпетическая инфекция"
tech2,288,СПИД-центр. Кейс 026,Антиспид–026 Наумова 1,ВИЧ — кейсы СПИД-центра,15,15,15 11,публичный,2024-09-10,"Пациент Пациентка 36 лет, обратилась к врачу-оториноларингологу амбулаторно в поликлинику по месту жительства",Нуждается ли пациент в госпитализации?,"ВИЧ-инфекция; Ангина Симановского-Плаута-Венсана; Полоскание горла антисептическими растворами (р-ром Фурациллина, Мирамистина, перманганата калия) каждые 2 ч; Обработка миндалины 3% р-ром Перекиси водорода"
tech2,287,СПИД-центр. Кейс 025,Антиспид–025 Куракина 5,ВИЧ — кейсы СПИД-центра,15,15,,публичный,2024-09-09,"Пациент Мужчина, 22 года, впервые обратился к участковому терапевту по месту жительства.","Рекомендуемые обследования на амбулаторном этапе:; Какие анамнестические, физикальные, лабораторные и инструментальные данные позволяют заподозрить ВИЧ-инфекцию?",ВИЧ-инфекция; Лихорадка неясного генеза; Кандидоз слизистой ротоглотки; Наличие гомосексуальных контактов
tech2,286,СПИД-центр. Кейс 024,Антиспид–024 Куракина 4,ВИЧ — кейсы СПИД-центра,11,11,,публичный,2024-09-09,"Пациент Пациент, мужчина, 48 лет, обратился к врачу-терапевту по месту жительства.",Назначьте обследование; Какие могут быть ошибки при ведении пациента?,Согласно клиническим рекомендациям по гипертонической болезни; Гипертоническая болезнь; ВИЧ-инфекция; Назначить лечение по поводу гипертонической болезни
tech2,285,СПИД-центр. Кейс 023,Антиспид–023 Куракина 3,ВИЧ — кейсы СПИД-центра,12,12,,публичный,2024-09-09,"Пациент Пациент, женщина, 45 лет, обратилась к врачу-терапевту по месту жительства",Какие могут быть ошибки при ведении пациента?,"Хронический холецистит, обострение; ВИЧ-инфекция; Дефицит массы тела; Назначить лечение по поводу хронического холецистита с учетом лекарственных взаимодействий с принимаемой АРВТ"
tech2,284,СПИД-центр. Кейс 022,Антиспид–022 Куракина 2,ВИЧ — кейсы СПИД-центра,14,14,,публичный,2024-09-09,"Пациент Пациент, 42 года, обратился в поликлинику по месту жительства к участковому терапевту.","Рекомендуемые обследования на амбулаторном этапе:; Какие анамнестические, физикальные, лабораторные и инструментальные данные позволяют заподозрить ВИЧ-инфекцию?",ВИЧ-инфекция; Лихорадка неясного генеза; Общий анализ крови; Общий анализ мочи
tech2,283,СПИД-центр. Кейс 021,Антиспид–021 Куракина 1,ВИЧ — кейсы СПИД-центра,15,15,,публичный,2024-09-09,"Пациент Мужчина, 31 год, впервые обратился к участковому терапевту по месту жительства.","Рекомендуемые обследования на амбулаторном этапе:; Какие анамнестические, физикальные, лабораторные и инструментальные данные позволяют заподозрить ВИЧ-инфекцию?",ВИЧ-инфекция; Лихорадка неясного генеза; Общий анализ крови; Общий анализ мочи
tech2,282,СПИД-центр. Кейс 020,Антиспид–020 Сударева 5,ВИЧ — кейсы СПИД-центра,13,13,15 11,публичный,2024-09-09,Пациент Мужчина 43 лет обратился на прием к участковому терапевту по направлению стоматолога,Какие лабораторные и инструментальные обследования рекомендовано назначить?; Что можно заподозрить по результатам лабораторных обследований?,Лимфаденопатия неясной этиологии; Нарушения свертываемости крови; Общий анализ крови; Биохимический анализ крови
tech2,281,СПИД-центр. Кейс 019,Антиспид–019 Сударева 4,ВИЧ — кейсы СПИД-центра,15,15,15 11,публичный,2024-09-09,Пациент Мужчина 25 лет обратился на прием к участковому терапевту,"Какие лабораторные и инструментальные обследования рекомендовано назначить?; Какие из анамнестических, физикальных, лабораторных, инструментальных данных позволяют заподозрить ВИЧ-инфекцию?",ВИЧ-инфекция; Лимфаденопатия неясной этиологии; Мононуклеоз; Лимфопролиферативное заболевание
tech2,280,СПИД-центр. Кейс 018,Антиспид–018 Сударева 3,ВИЧ — кейсы СПИД-центра,15,15,15 11,публичный,2024-09-09,Пациент Мужчина 44 лет обратился на прием к участковому терапевту,"Назначьте лабораторное и инструментальное обследование на амбулаторном этапе; Какие из анамнестических, физикальных, лабораторных, инструментальных данных позволяют заподозрить ВИЧ-инфекцию?",Кандидозный стоматит; ОРВИ; Назофарингит; Общий анализ крови
tech2,279,СПИД-центр. Кейс 017,Антиспид–017 Сударева 2,ВИЧ — кейсы СПИД-центра,15,15,15 11,публичный,2024-09-08,"Пациент Женщина, 35 лет обратилась на прием к участковому терапевту.",Назначьте лабораторное и инструментальное обследование на амбулаторном этапе; Какие из анамнестических и данных объективного осмотра позволяют заподозрить ВИЧ-инфекцию?,Кандидозный стоматит; Волосатая лейкоплакия; Злокачественное новообразование; Общий анализ крови
tech2,278,СПИД-центр. Кейс 016,Антиспид–016 Сударева_1,ВИЧ — кейсы СПИД-центра,12,12,15 11,публичный,2024-09-08,Пациент Мужчина 65 лет обратился на прием к участковому терапевту для получения заключения на оперативное вмешательство по направлению от офтальмолога.,,Незрелая катаракта правого глаза; Анемия легкой степени; Тромбоцитопения; Сообщить пациенту о положительном результате анализа на ВИЧ-инфекцию
tech2,277,СПИД-центр. Кейс 001,Антиспид–001 Ботвинова_м01,ВИЧ — кейсы СПИД-центра,17,17,15 11,публичный,2024-09-05,"Пациент Женщина, 36 лет, обратилась к участковому терапевту по месту жительства повторно.","Рекомендуемые обследования на амбулаторном этапе; Какие анамнестические, физикальные, лабораторные и инструментальные данные позволяют заподозрить ВИЧ-инфекцию?",Внебольничная пневмония; Орофагиальный кандидоз; Общий анализ крови; Общий анализ мочи
tech2,276,СПИД-центр. Кейс 015,Антиспид–015 Тибилова_5,ВИЧ — кейсы СПИД-центра,15,15,15 11,публичный,2024-09-04,Пациент В приемный покой обратился 9-летний ребенок с мамой.,Назначьте лабораторное и инструментальное обследование по cito; Рекомендации,ВИЧ-инфекция; Острый аппендицит; Общий анализ крови; Общий анализ мочи
tech2,275,СПИД-центр. Кейс 014,Антиспид–014 Тибилова_4,ВИЧ — кейсы СПИД-центра,13,13,15 11,публичный,2024-09-04,Пациент В приемный покой инфекционной больницы обратился 10-летний ребенок с опекуном.,"Назначьте лабораторное и инструментальное обследование на амбулаторном этапе; Какие из анамнестических, физикальных, лабораторных, инструментальных данных позволяют заподозрить у пациента ВИЧ-инфекцию?",Опоясывающий герпес; ВИЧ-инфекция; Зостериформный простой герпес; Общий анализ крови
tech2,274,СПИД-центр. Кейс 013,Антиспид–013 Тибилова_3,ВИЧ — кейсы СПИД-центра,15,15,15 11,публичный,2024-09-04,"Пациент Подросток 17 лет обратился к участковому педиатру с жалобами на повышение температуры, кашель.",Назначьте лабораторное и инструментальное обследование на амбулаторном этапе; С какого возраста разрешено обследовать детей на ВИЧ-инфекцию без согласия законных представителей?,ОРВИ; Острый бронхит; Внебольничная пневмония; Общий анализ крови
tech2,272,СПИД-центр. Кейс 012,Антиспид–012 Тибилова_2,ВИЧ — кейсы СПИД-центра,12,12,15 11,публичный,2024-09-04,Пациент На прием к участковому педиатру обратилась мама с 2-месячным ребенком для проведения вакцинации.,Назначьте лабораторное и инструментальное обследование на амбулаторном этапе; Рекомендации,Перинатальный контакт по ВИЧ-инфекции; Кандидоз ротовой полости; Общий анализ крови; Общий анализ мочи
tech2,271,СПИД-центр. Кейс 011,Антиспид–011 Тибилова_1,ВИЧ — кейсы СПИД-центра,12,12,15 11,публичный,2024-09-04,"Пациент На прием к участковому педиатру обратилась мама с двухлетним ребенком, недавно прибывшие из другого города.",Назначьте лабораторное и инструментальное обследование на амбулаторном этапе,Перинатальный контакт по ВИЧ-инфекции; ВИЧ-инфекция; ЦМВ-инфекция; Общий анализ крови
tech2,270,СПИД-центр. Кейс 007,Антиспид–007 Соболева_2,ВИЧ — кейсы СПИД-центра,15,15,15 11,публичный,2024-09-04,"Пациент Мужчина 40 лет, обратился к участковому терапевту по месту жительства третий раз за последний год.",Назначьте лабораторное и инструментальное обследование на амбулаторном этапе; Какие из состояний являются показанием к обследованию на ВИЧ у данного пациента?,Острая внебольничная правосторонняя пневмония; Общий анализ крови; Общий анализ мочи; Биохимический анализ крови
tech2,269,СПИД-центр. Кейс 009,Антиспид–009 Соболева_4,ВИЧ — кейсы СПИД-центра,8,8,15 11,публичный,2024-09-03,"Пациент Женщина, 72 года, обратилась к терапевту поликлиники по месту жительства за путёвкой в санаторий.",Должен ли терапевт поликлиники произвести коррекцию терапии по соматическому заболеванию с учётом лекарственных взаимодействий с АРВТ?,"Выдать пациентке направление на санаторно-курортное лечение; Да, должен"
tech2,268,СПИД-центр. Кейс 006,Антиспид–006 Соболева_1,ВИЧ — кейсы СПИД-центра,8,8,15 11,публичный,2024-09-03,"Пациент Мужчина, 44 года, обратился к хирургу поликлиники по месту жительства за направлением на плановую холецистэктомию.",На какую койку должен госпитализироваться пациент?,Выдать пациенту направление на госпитализацию; На соматические койки
tech2,267,020924 Тест внешних сценариев РЕД,Тест внешних сценариев на ПРОДе,Прочее,0,0,,"служебный, публичный",2024-09-02,,,
tech2,266,Тест внешний,Тест внешний,Прочее,0,0,,публичный,2024-08-30,,,
tech2,265,СМП 48 v2,ОКС без подъёма ST,СМП — скорая помощь,15,15,12,"версия 2, публичный",2024-08-26,"Пациент Мужчина, 64 года, во время завтрака на несколько секунд потерял сознание, жена вызвала скорую помощь.",,Острый коронарный синдром без подъема ST; Ацетилсалициловая кислота; Метопролол; Гепарин
tech2,264,СМП 47 v2,ОКС с подъемом ST,СМП — скорая помощь,15,15,12,"версия 2, публичный",2024-08-26,"Пациент Женщина, 67 лет, сегодня около 30 минут назад, мыла окна в своей квартире, возникли интенсивные сжимающие, ломящие боли за грудиной, слабость, головокру",,Острый коронарный синдром с подъемом сегмента ST; Метопролол; Морфин; Оксигенотерапия
tech2,263,СМП 46 v2,Нестабильная стенокардия,СМП — скорая помощь,15,15,12,"версия 2, публичный",2024-08-26,"Пациент Женщина, 58 лет, сегодня, в течение всего дня отмечает периодически возникающую давящую боль за грудиной с иррадиацией в левое плечо, возникающую в поко",,Нестабильная стенокардия; Морфин; Метопролол; Гепарин
tech2,262,СМП 45 v2,Острый панкреатит,СМП — скорая помощь,14,14,12,"версия 2, публичный",2024-08-26,"Пациент Мужчина, 47 лет, обратился за медицинской помощью с жалобами на боли в животе, рвоту после употребления алкоголя в течение недели.",,Острый панкреатит; Дротаверин; Нитроглицерин; Кеторолак
tech2,261,СМП 44 v2,Острый холецистит,СМП — скорая помощь,14,14,12,"версия 2, публичный",2024-08-26,"Пациент Женщина, 53 года, обратилась за медицинской помощью с жалобами на боли в животе, рвоту, подъем температуры.",,Острый калькулёзный холецистит; Атропин; Дротаверин; Метоклопрамид
tech2,260,СМП 43 v2,Острый аппендицит,СМП — скорая помощь,14,14,12,"версия 2, публичный",2024-08-26,"Пациент Мальчик, 10 лет, вернулся из школы с жалобами на боли в животе, тошноту. К вечеру боли не прошли, поднялась температура, мама вызвала скорую помощь.",,Острый аппендицит; Экстренная госпитализация
tech2,259,СМП 42 v2,Острая кишечная непроходимость,СМП — скорая помощь,14,14,12,"версия 2, публичный",2024-08-26,"Пациент Женщина, 76 лет, неработающая пенсионерка, в течение двух дней отмечает отсутствие аппетита, задержку стула и боли в животе.",,Острая кишечная непроходимость; Дротаверин; Госпитализация
tech2,258,СМП 41 v2,Синоатриальная блокада,СМП — скорая помощь,14,14,16 12,"версия 2, публичный",2024-08-26,"Пациент Мужчина, 76 лет, внезапно потерял сознание, родственники вызвали скорую помощь.",,"Синоатриальная блокада; Атропин; Оксигенотерапия; Инфузия натрия хлорида 0,9%"
tech2,257,СМП 40 v2,Острый коронарный синдром с подъемом ST,СМП — скорая помощь,15,15,16 12,"версия 2, публичный",2024-08-26,"Пациент Мужчина, 58 лет, около 20 минут назад, проснулся от интенсивных болей в животе. При попытке встать, возникла резкая слабость, покрылся холодным липким п",,Острый коронарный синдром с подъемом сегмента ST; Метопролол; Нитроглицерин; Морфин
tech2,256,СМП 39 v2,ОКС с подъемом ST,СМП — скорая помощь,15,15,16 12,"версия 2, публичный",2024-08-26,"Пациент Мужчина, 45 лет. В бассейне после плавания появилась давящая боль за грудиной, обратился к медсестре бассейна. Вызвана СМП.",,Острый коронарный синдром с подъемом сегмента ST; Метопролол; Нитроглицерин; Морфин
tech2,255,СМП 38 v2,Желудочно-кишечное кровотечение,СМП — скорая помощь,14,14,12,"версия 2, публичный",2024-08-26,"Пациент Мужчина, 56 лет, злоупотребляет алкоголем. Сегодня возникли боли в животе, рвота цвета «кофейной гущи», чёрный стул.",,"Желудочно-кишечное кровотечение; Транексамовая кислота; Инфузия натрия хлорида 0,9%; Госпитализация"
tech2,254,СМП 37 v2,Аневризма брюшной аорты,СМП — скорая помощь,15,15,12,"версия 2, публичный",2024-08-26,"Пациент Мужчина, 62 года. Около 20 минут назад, после физической нагрузки (поднимал тяжелый диван), возникла сильная, раздирающая боль в животе, резкая слабость",,"Расслаивающая аневризма брюшной аорты; Морфин; Оксигенотерапия; Инфузия натрия хлорида 0,9%"
tech2,253,СМП 36 v2,Аневризма грудной аорты,СМП — скорая помощь,15,15,12,"версия 2, публичный",2024-08-26,"Пациент Женщина, 69 лет, около 30 мин. назад, после стрессовой ситуации, повысилось давление до 200/100 мм рт.ст., появились нестерпимые раздирающие боли в груд",,Расслаивающая аневризма грудного отдела аорты; Морфин или фентанил; Оксигенотерапия; Метопролол
tech2,252,СМП 35 v2,Эукинетический гипертонический криз,СМП — скорая помощь,15,15,16 12,"версия 2, публичный",2024-08-26,"Пациент Мужчина, 53 года. Почувствовал себя плохо в конце рабочего дня (головная боль, головокружение). Самостоятельно добрался домой, обратился за медицинской ",,Гипертонический криз; Каптоприл; Моксонидин; Нифедипин
tech2,251,СМП 34 v2,ТЭЛА,СМП — скорая помощь,14,14,16 12,"версия 2, публичный",2024-08-26,"Пациент Мужчина, 63 года, без вредных привычек, несколько часов занимался переносом коробок и ящиков, а через некоторое время потерял сознание.",,Тромбэмболия легочной артерии; Гепарин 10000 ЕД; Допамин или добутамин; Оксигенотерапия
tech2,250,СМП 33 v2,Острый тромбоз вен нижних конечностей,СМП — скорая помощь,14,14,12,"версия 2, публичный",2024-08-26,"Пациент Женщина, 53 года, обратилась за медицинской помощью с жалобами на боли, отечность в левой ноге, общее недомогание в течение 3-х дней.",,Острый тромбоз вен нижних конечностей; Ацетилсалициловая кислота; Гепарин 10000 ЕД; Метамизол натрия/трамадол/морфин/фентанил
tech2,249,СМП 32 v2,Острый тромбоз артерий конечности,СМП — скорая помощь,14,14,12,"версия 2, публичный",2024-08-26,"Пациент Мужчина, 74 года. Пенсионер, обратился за медицинской помощью с жалобами на боли в левой ноге. С его слов травму не получал, боль появилась сутки назад ",,Острый тромбоз вен нижней конечности; Ацетилсалициловая кислота; Гепарин 10000 ЕД; Метамизол натрия/трамадол/морфин/фентанил
tech2,248,СМП 31 v2,Геморрагический инсульт,СМП — скорая помощь,14,14,12,"версия 2, публичный",2024-08-26,"Пациент Мужчина, 42 года. Почувствовал себя плохо после переноса тяжестей на даче, внезапно очень сильно заболела голова, была однократная рвота. После этого кр",,Острое нарушение мозгового кровообращения по геморрагическому типу; Оксигенотерапия; Магния сульфат 25%; Этилметилгидроксипиридина сукцинат (мексидол)
tech2,247,СМП 30 v2,Острая сердечная недостаточность. Отёк легких,СМП — скорая помощь,15,15,16 12,"версия 2, публичный",2024-08-26,"Пациент Женщина, 72 года. Сегодня стала отмечать «бульканье» в легких, трудность при дыхании, усиление одышки, чувство нехватки воздуха. Такое состояние отмечае",,Острая сердечная недостаточность. Отёк легких; Нитроглицерин; Фуросемид; Оксигенотерапия
tech2,246,СМП 29 v2,Преэклампсия,СМП — скорая помощь,14,14,12,"версия 2, публичный",2024-08-26,"Пациент Женщина, 30 лет. Срок беременности 23 недели. Жалобы на общее недомогание, подъём АД до 150/100 мм рт.ст., а так же появление отеков на верхних и на ниж",,Преэклампсия; Инфузия магния сульфат 25%; Нифедепин; Госпитализация
tech2,245,СМП 28 v2,Эпилептический статус,СМП — скорая помощь,14,14,12,"версия 2, публичный",2024-08-26,"Пациент Пригород, частный дом. Со слов жены, около получаса назад, лицо мужа посинело, взгляд застыл, он перестал реагировать на окружающее, захрипел, возникли ",,Эпилепсия. Эпилептический статус; Диазепам; Ингаляция увлажненным кислородом; Госпитализация
tech2,244,СМП 27 v2,Травматический шок,СМП — скорая помощь,14,14,12,"версия 2, публичный",2024-08-26,"Пациент Мужчина, 35 лет. При проведении отделочных работ на строительных лесах почувствовал головокружение, потерял равновесие и упал с высоты третьего этажа на",,"Закрытый перелом костей правой и левой голени, в нижней трети, со смещением. Травматический шок II степени; Иммобилизация нижних конечностей; Инфузия натрия хлорида 0,9%; Морфин или фентанил"
tech2,243,СМП 26 v2,Геморрагический шок,СМП — скорая помощь,14,14,12,"версия 2, публичный",2024-08-26,"Пациент Мужчина, 26 лет, с целью самоубийства наполнил ванну теплой водой, погрузился в неё и нанёс себе ножом раны на обоих предплечьях. Обнаружен матерью, без",,Резаные раны предплечий. Геморрагический шок III степени.; Наложение давящей повязки на раны; Инфузия раствора Рингера; В/в доступ в 2 вены
tech2,242,СМП 25 v2,Анафилактический шок,СМП — скорая помощь,14,14,12,"версия 2, публичный",2024-08-26,"Пациент Мужчина, 46 лет, через несколько минут после в/м инъекции цефотаксима, которую сделала жена потерял сознание.",,Анафилактический шок; Аминофиллин; Хлоропирамин; Адреналин
tech2,241,СМП 24 v2,Ожоговый шок,СМП — скорая помощь,13,13,12,"версия 2, публичный",2024-08-26,"Пациент Мужчина, 60 лет, около часа назад разжигал камин в дачном доме, плеснул на дрова жидкость для розжига, вспыхнул огонь и на мужчине загорелась куртка. Со",,"Термический ожог нескольких областей тела II-III степени, общей площадью 45%. Ожоговый шок.; Хлоропирамин; Морфин; Инфузия раствора Рингера"
tech2,240,СМП 23 v2,Отравление кокаином,СМП — скорая помощь,14,14,12,"версия 2, публичный",2024-08-26,"Пациент Мужчина, 28 лет. Зашёл в спорт бар, взял бокал пива и стал смотреть матч по боксу. Со слов официанта мужчина был спокоен и адекватен. Примерно через час",,"Отравление кокаином; Пропранолол; Инфузия натрия хлорида 0,9%; Диазепам"
tech2,239,СМП 22 v2,Отравление амфетамином,СМП — скорая помощь,14,14,12,"версия 2, публичный",2024-08-26,"Пациент Девушка, 25 лет, пришла с дискотеки около часа ночи, прошла в свою комнату, включила громкую музыку, начала танцевать. Через час начала кричать, что её ",,Отравление амфетамином; Пропранолол; Диазепам; Госпитализация
tech2,238,СМП 21 v2,Отравление фосфорорганическим соединением.,СМП — скорая помощь,14,14,12,"версия 2, публичный",2024-08-26,"Пациент Мужчина, 48 лет, решил потравить тараканов дома. Купил для этого дихлофос в ближайшем хозяйственном магазине. Распылил в разных местах в квартире, лег с",,Отравление фосфорорганическим соединением; Атропин; Дипироксим; Активированный уголь
tech2,237,СМП 20 v2,Полная поперечная АВ-блокада,СМП — скорая помощь,15,15,16 12,"версия 2, публичный",2024-08-26,"Пациент Женщина, 58 лет, внезапно упала, потеряла сознание на 30-40 секунд, непроизвольное мочеиспускание. Пришла в сознание, появилась обильная рвота. Ощущает ",,"АВ-блокада III степени (полная поперечная); Атропин; Допамин + натрия хлорид 0,9%; Ингаляция увлажненным кислородом"
tech2,236,СМП 19 v2,Двунаправленная веретенообразная желудочковая тахикардия,СМП — скорая помощь,15,15,16 12,"версия 2, публичный",2024-08-26,"Пациент Женщина, 42 года, внезапно почувствовала толчок в грудной клетке, сердцебиение, потемнение в глазах. Такое состояние впервые.",,"Двунаправленная веретенообразная желудочковая тахикардия (пируэт); Магния сульфат + натрия хлорид 0,9%; Госпитализация"
tech2,235,СМП 18 v2,Синусовая брадикардия,СМП — скорая помощь,14,14,16 12,"версия 2, публичный",2024-08-26,"Пациент Женщина, 62 года, в течение недели периодически ощущает слабость, нехватку воздуха, эпизоды головокружения, снижения АД, беспричинной утомляемости, сонл",,Синусовая брадикардия; Атропин; Госпитализация; Отменить метопролол
tech2,234,СМП 17 v2,Панкреонекроз,СМП — скорая помощь,14,14,12,"версия 2, публичный",2024-08-26,"Пациент Мужчина, 42 года, обратился за медицинской помощью с жалобами на боли в животе, рвоту, выраженную слабость через два дня после корпоративного праздника ",,"Острый панкреатит (панкреонекроз?); Дротаверин; Кеторолак; Инфузия натрия хлорида 0,9%"
tech2,233,СМП 16 v2,Отек Квинке,СМП — скорая помощь,14,14,12,"версия 2, публичный",2024-08-26,"Пациент Девушка 19 лет после употребления в пищу апельсинов почувствовала покраснение и зуд кожи, появление отеков на лице.",,Аллергический ангионевротический отёк (Квинке); Активированный уголь; Дифенгидрамин или клемастин; Преднизолон или дексаметазон
tech2,232,СМП 15 v2,Перитонит,СМП — скорая помощь,14,14,12,"версия 2, публичный",2024-08-26,"Пациент Женщина, 27 лет, в течение трех дней испытывает боли в животе с повышением температуры тела до 38,7°C. К врачу возможности обратиться не нашла, так как ",,"Перитонит; Дротаверин; Инфузия натрия хлорид 0,9%; Экстренная госпитализация"
tech2,231,СМП 14 v2,Отравление уксусной кислотой,СМП — скорая помощь,14,14,12,"версия 2, публичный",2024-08-26,"Пациент Мужчина 58 лет, в запое. 2ч 15 минут ночи. 15 минут назад на фоне сильного желания принять алкоголь схватил из холодильника бутылку с жидкостью и оборва",,"Отравление уксусной кислотой; Дротаверин; Инфузия натрия хлорида 0,9%; Преднизолон"
tech2,230,СМП 13 v2,Отравление метиловым спиртом,СМП — скорая помощь,14,14,12,"версия 2, публичный",2024-08-26,"Пациент Мужчина 52 года. Около 2-х часов назад, в гараже выпил алкогольный напиток. Почувствовал резкую головную боль и тошноту, вернулся домой и вызвал скорую ",,"Отравление метанолом; Инфузия натрия хлорида 0,9%; Зондовое промывание желудка; Экстренная госпитализация"
tech2,229,СМП 12 v2,Мезентериальный тромбоз,СМП — скорая помощь,14,14,12,"версия 2, публичный",2024-08-26,"Пациент Женщина 82 лет, около 40 мин назад внезапно появились сильные, нестерпимые боли в животе, эпизод жидкого стула с примесью кровянистой слизи, однократно ",,"Мезентериальный тромбоз; Экстренная госпитализация + инфузионная терапия (натрия хлорид 0,9%)"
tech2,228,СМП 11 v2,Острый стенозирующий ларинготрахеит,СМП — скорая помощь,14,14,12,"версия 2, публичный",2024-08-26,Пациент Родители мальчика 3-х лет проснулись ночью от хриплого плача и кашля ребенка. Обратились за медицинской помощью.,Выберите ингаляционную терапию через небулайзер:,"Острый стенозирующий ларинготрахеит; Будесонид + натрия хлорид 0,9%; Дексаметазон в/в или в/м; Преднизолон в/в или в/м"
tech2,227,СМП 10 v2,ОКС без подъема ST,СМП — скорая помощь,15,15,16 12,"версия 2, публичный",2024-08-26,"Пациент Женщина 68 лет в течение трех часов отмечает давящую боль за грудиной, чувство нехватки воздуха, одышку при физической нагрузке, слабость.",,Острый коронарный синдром без подъема ST; Ацетилсалициловая кислота; Метопролол; Гепарин
tech2,226,СМП 09 v2,ОКС с подъемом ST,СМП — скорая помощь,15,15,16 12,"версия 2, публичный",2024-08-26,"Пациент Мужчина 63 лет, проснулся ночью от внезапной жгучей боли за грудиной, отдающей в левое плечо и левую руку. Такие боли ранее не отмечались.",,Острый коронарный синдром с подъемом ST; Ацетилсалициловая кислота; Метопролол; Гепарин
tech2,225,СМП 08 v2,Гипокинетический гипертонический криз,СМП — скорая помощь,16,16,16 12,"версия 2, публичный",2024-08-26,"Пациент Женщина 74 лет, чувствует себя плохо в течение всего дня. Вскоре после пробуждения утром началась головная боль, шум в ушах, слабость, тошнота, была одн","Определите тип гипертонического криза; По прошествии часа АД пациентки составило 186/100 мм рт. ст., ЧСС 70 уд/мин.",Гипертонический криз; Гипертонический криз по гипокинетическому типу; Нифедипин per os; Госпитализация
tech2,224,СМП 07 v2,Гиперкинетический гипертонический криз,СМП — скорая помощь,16,16,16 12,"версия 2, публичный",2024-08-26,"Пациент Женщина 38 лет, почувствовала себя плохо на рабочем месте (работает завхозом в детском саду) после конфликта на работе. Сначала началась головная боль, ",По истечению 2-х часов,Гипертонический криз; Гипертонический криз по гиперкинетическому типу; Моксонидин; Пропранолол
tech2,223,СМП 06 v2,Фибрилляция предсердий,СМП — скорая помощь,15,15,16 12,"версия 2, публичный",2024-08-26,"Пациент Мужчина 45 лет, в течение нескольких часов ощущает дискомфорт в груди, ощущает неравномерное биение сердца",,"Фибрилляция предсердий; Амиодарон + глюкоза 5%; Новокаинамид + натрия хлорид 0,9%; Гепарин"
tech2,222,СМП 05 v2,Пароксизмальная желудочковая тахикардия,СМП — скорая помощь,16,16,16 12,"версия 2, публичный",2024-08-26,Пациент,Хотите провести вагусные пробы?,Наджелудочковая тахикардия; Да; Нет; Амиодарон + глюкоза 5%
tech2,221,СМП 04 v2,Ишемический инсульт,СМП — скорая помощь,15,15,12,"версия 2, публичный",2024-08-26,Пациент,,Острое нарушение мозгового кровообращения по ишемическому типу; Этилметилгидроксипиридина сукцинат (Мексидол/Нейрокс/Метуцинвел); Госпитализация
tech2,220,СМП 03 v2,Пароксизмальная желудочковая тахикардия,СМП — скорая помощь,16,16,16 12,"версия 2, публичный",2024-08-26,Пациент,Хотите провести вагусные пробы?,"Желудочковая тахикардия; Нет; [Амиодарон + глюкоза 5%]; [Новокаинамид + натрия хлорид 0,9%]"
tech2,219,СМП 02 v2,Гипогликемическая кома,СМП — скорая помощь,15,15,12,"версия 2, публичный",2024-08-26,Пациент,,"Гипогликемическая кома; Глюкоза, 40% раствор; Госпитализация"
tech2,218,СМП 01 v2,Гипергликемическая кома,СМП — скорая помощь,15,15,12,"версия 2, публичный",2024-08-26,Пациент,,"Гиперкликемическая кома; Инфузия натрия хлорида 0,9%; Госпитализация"
tech2,217,СПИД-центр. Кейс 008,Антиспид–008 Соболева_3,ВИЧ — кейсы СПИД-центра,18,18,15 11,публичный,2024-08-19,"Пациент Мужчина, 35 лет. 2 недели назад в хирургическом стационаре была проведена экстренная холецистэктомия. Взят анализ на АТ к ВИЧ - положительный. После вып",Какие у пациента присутствуют осложнения?; Химиопрофилактика вторичных заболеваний,ВИЧ-инфекция; 4А стадия; Фаза прогрессирования; вне АРВТ
tech2,216,СПИД-центр. Кейс 010,Антиспид–010 Соболева_5,ВИЧ — кейсы СПИД-центра,15,15,15 11,публичный,2024-08-05,"Пациент Мужчина, 30 лет, обратился к участковому терапевту по месту жительства.","Назначьте лабораторное и инструментальное обследование на амбулаторном этапе; Какие из анамнестических, физикальных, лабораторных, инструментальных данных позволяют заподозрить у пациента ВИЧ-инфекцию?",Лихорадка неясного генеза; Лимфопролиферативное заболевание; Токсоплазмоз; Общий анализ крови
tech2,193,Квиз-тест ОЗОН,Квиз-тест ОЗОН,Прочее,20,20,,публичный,2024-07-17,"Тонометр относится к группе медицинских изделий, не подлежащих обмену (возврату), если прибор надлежащего качества. Постановление Правительства РФ от 31.12.2020",Тонометр относится к группе:; Порядок отпуска изделий медицинской техники прописан:,"Медицинских изделий, не подлежащих обмену (возврату), если прибор надлежащего качества; В  стандартах обслуживания аптеки/аптечной сети; Зарегистрирован в Государственном реестре средств измерений; Проверить комплектность прибора, отсутствие видимых повреждений (сколов) и рабочее состояние прибора (накачать  манжету тонометра)"
tech2,189,Нет,Нет,Прочее,13,13,,выключен,2024-07-15,"Пациент Пациентке 27 лет, обратилась на прием к гинекологу на амбулаторный прием.",,Воспалительные болезни женских тазовых органов неуточненные (N73.9); ВИЧ-инфекция; Хронический сальпингит и оофорит; ИППП
tech2,172,Обратная связь,Оценка и обратная связь,Прочее,1,1,13 11 10 9 8 7,публичный,2024-06-18,"Оцените, пожалуйста, пройденные сценарии и оставьте ваши предложения, замечания и комментарии. Вы сможете заполнять эту форму много раз в любое время.",,
tech2,171,Инфекционные заболевания ТЕСТ,Антиспид Тест,Инфекционные болезни,52,52,7,публичный,2024-06-18,"Вам будет показано 10 тестовых вопросов, выбранных случайным образом из базы вопросов по данной тематике. Вы готовы? Начинаем!",2А стадия первичных проявлений при ВИЧ называется; 2Б стадия при ВИЧ характеризуется клиническими симптомами:,Скрытая; Фарингитом; Высыпаниями на коже и слизистых оболочках; Увеличением лимфатических узлов
tech2,170,СПИД-центр. Кейс 113,Антиспид–113 (Старый-10),ВИЧ — кейсы СПИД-центра,14,14,15 7,публичный,2024-06-18,"Пациент ВИЧ-инфицированная пациентка 40 лет, поступает в стационар в тяжелом состоянии.",,"ВИЧ-инфекция. Туберкулёзный менингит; ВИЧ-инфекция, стадия 4В, фаза прогрессирования на фоне АВРТ; Туберкулёзный менингит; Антиретровирусная терапия"
tech2,169,СПИД-центр. Кейс 112,Антиспид–112 (Старый-9),ВИЧ — кейсы СПИД-центра,14,14,15 7,публичный,2024-06-18,"Пациент Мужчина, 47 лет направлен на консультацию к врачу-инфекционисту. На приёме с мамой.",,"ВИЧ-инфекция. Лимфома головного мозга; ВИЧ-инфекция, стадия вторичных заболеваний 4В, фаза прогрессирования на фоне отсутствия АРВТ; Лимфома мозга первичная; Ко-тримоксазол (Бисептол)"
tech2,168,СПИД-центр. Кейс 111,Антиспид–111 (Старый-8),ВИЧ — кейсы СПИД-центра,14,14,15 7,публичный,2024-06-18,"Пациент Мужчина, 38 лет на приеме у врача-инфекциониста с мамой.",,"ВИЧ-инфекция. Лейкоэнцефалопатия; ВИЧ-инфекция, стадия вторичных заболеваний 4В, фаза прогрессирования на фоне отсутствия АРВТ; Прогрессирующая многоочаговая лейкоэнцефалопатия; Тенофовир + Ламивудин + Эфавиренз (600)"
tech2,167,СПИД-центр. Кейс 110,Антиспид–110 (Старый-7),ВИЧ — кейсы СПИД-центра,14,14,15 7,публичный,2024-06-18,"Пациент Женщина, 31 год поступила в стационар в состоянии средней степени тяжести.",,"ВИЧ-инфекция; Острая ВИЧ-инфекция, стадия первичных проявлений 2Б, без вторичных заболеваний.; Тенофовир + Ламивудин + Долутегравир; Тенофовир + Ламивудин + Эфавиренз 600"
tech2,166,СПИД-центр. Кейс 109,Антиспид–109 (Старый-6),ВИЧ — кейсы СПИД-центра,14,14,15 7,публичный,2024-06-18,"Пациент Женщина, 1981 г.р., состоит на диспансерный учете в центре СПИД. Обратился с жалобами на ухудшение состояния.",,"ВИЧ-инфекция/Острый гепатит А/B/С/D; ВИЧ инфекция, 3 стадия, субклиническая на фоне АВРТ; Острый гепатит C; Дасабувир; Омбитасвир + Паритапревир + Ритонавир"
tech2,165,СПИД-центр. Кейс 108,Антиспид–108 (Старый-5),ВИЧ — кейсы СПИД-центра,15,15,15 7,публичный,2024-06-18,"Пациент Мужчина,28 лет, состоит на диспансерный учете в центре СПИД. Обратился с жалобами на ухудшение состояния.",,ВИЧ-инфекция; Пневмоцистная пневмония; Туберкулёз; Да
tech2,164,СПИД-центр. Кейс 107,Антиспид–107 (Старый-4),ВИЧ — кейсы СПИД-центра,14,14,15 7,публичный,2024-06-18,"Пациент Женщина, 35 лет поступила в стационар в крайне тяжелом состоянии.",,"ВИЧ-инфекция, 4А стадия, прогрессирование, без АРВТ. Кандидоз слизистой ротовой полости. Кандидоз пищевода. Токсоплазмоз головного мозга. Лейкоэнцефалопатия; Кандидозный эзофагит; Церебральный токсоплазмоз; ВИЧ-инфекция, стадия вторичных заболеваний (4В) в фазе прогрессирования вне приема АВРТ"
tech2,163,СПИД-центр. Кейс 106,Антиспид–106 (Старый-3),ВИЧ — кейсы СПИД-центра,14,14,15 7,публичный,2024-06-18,"Пациент Мужчина С., 1970 г.р. обратился к врачу-инфекционисту.",,"ВИЧ-инфекция; Новообразование головного мозга; Токсоплазмоз головного мозга; ВИЧ-инфекция, стадия вторичных заболеваний"
tech2,162,СПИД-центр. Кейс 105,Антиспид–105 (Старый-2),ВИЧ — кейсы СПИД-центра,15,15,15 7,публичный,2024-06-18,"Пациент Пациент, 34 года, впервые обратился на прием в центр СПИДа.",Следует ли направить пациента в противотуберкулезный диспансер?,"ВИЧ-инфекция, Туберкулез; ВИЧ-инфекция; Туберкулез; Ко-тримоксазол"
tech2,161,Инфекционные заболевания. Кейс 1,Антиспид-01,Инфекционные болезни,17,17,7,публичный,2024-06-18,"Пациент Пациент С, 30 лет, женат, обратился к врачу-инфекционисту Центра СПИД.",Выберите обязательные консультации специалистов; Выберите все обязательные лабораторные методы исследования,"ВИЧ-инфекция; Прием (осмотр, консультация) врача-дерматовенеролога повторный; Прием (осмотр, консультация) врача-невролога повторный; Прием (осмотр, консультация) врача-терапевта или врача общей практики первичный"
tech2,155,Тестовый,Тестовый,Прочее,1,1,,публичный,2024-05-03,,,
tech2,154,Замбон Ситуационная задача №4 БАКАП,Медпред по Флуимуцил-Антибиотик ИТ,Фарм-компании (промо),23,23,,"выключен, публичный",2024-04-25,"Зима подходит к концу, вторая половина февраля. Вы медицинский представитель препарата Флуимуцил-антибиотик ИТ, пришли в коммерческий медицинский центр к врачу-",(1) Начало диалога; (2),
tech2,153,Замбон Ситуационная задача №3 БАКАП,Медпред по Анауран,Фарм-компании (промо),26,26,,"выключен, публичный",2024-04-25,"Вы медицинский представитель препарата Анауран, пришли в городскую поликлинику к детскому ЛОР-врачу поговорить о проблемах отита. Вы стучите в дверь кабинета и ",Апрель. Конец рабочего дня.; (2),
tech2,152,Замбон Ситуационная задача №2 БАКАП,Медпред по Флуимуцил,Фарм-компании (промо),65,65,,"выключен, публичный",2024-04-25,Вы медицинский представитель препарата Флуимуцил. Пришли в частный медицинский центр поговорить с терапевтом о методах лечения и ведения взрослых пациентов. Вы ,Разгар дождливой осень. Середина недели.; (2),
tech2,151,Замбон Ситуационная задача №1 БАКАП,Медпред по Ринофлуимуцил,Фарм-компании (промо),29,29,,"выключен, публичный",2024-04-25,Зима. Вы медицинский представитель препарата Ринофлуимуцил. Пришли в коммерческий медицинский центр поговорить с ЛОР-врачом о методах лечения и ведения взрослых,Начало визита; (2),
tech2,146,Замбон Ситуационная задача №4,Медпред по Флуимуцил-Антибиотик ИТ,Фарм-компании (промо),23,23,6,публичный,2024-04-16,"Зима подходит к концу, вторая половина февраля. Вы медицинский представитель препарата Флуимуцил-антибиотик ИТ, пришли в коммерческий медицинский центр к врачу-",(1) Начало диалога; (2),
tech2,145,Замбон Ситуационная задача №3,Медпред по Анауран,Фарм-компании (промо),26,26,6,публичный,2024-04-16,"Вы медицинский представитель препарата Анауран, пришли в городскую поликлинику к детскому ЛОР-врачу поговорить о проблемах отита. Вы стучите в дверь кабинета и ",Апрель. Конец рабочего дня.; (2),
tech2,144,Замбон Ситуационная задача №2,Медпред по Флуимуцил,Фарм-компании (промо),66,66,6,публичный,2024-04-16,Вы медицинский представитель препарата Флуимуцил. Пришли в частный медицинский центр поговорить с терапевтом о методах лечения и ведения взрослых пациентов. Вы ,Разгар дождливой осень. Середина недели.; (2),Буклет 3
tech2,143,Замбон Ситуационная задача №1,Медпред по Ринофлуимуцил,Фарм-компании (промо),30,30,6,публичный,2024-04-16,Зима. Вы медицинский представитель препарата Ринофлуимуцил. Пришли в коммерческий медицинский центр поговорить с ЛОР-врачом о методах лечения и ведения взрослых,Начало визита; (2),Вариант 2
tech2,142,Замбон Тест-4,Отит,Фарм-компании (промо),25,25,6,публичный,2024-04-16,"Вам будет показано 10 тестовых вопросов, выбранных случайным образом из базы вопросов по данной тематике. Вы готовы? Начинаем!",В зависимости от локализации отит может быть:; В зависимости от вида воспаления отит может быть:,Наружный; Средний; Гнойный; Экссудативный
tech2,141,Замбон Тест-3,Кашель,Фарм-компании (промо),22,22,6,публичный,2024-04-16,"Вам будет показано 10 тестовых вопросов, выбранных случайным образом из базы вопросов по данной тематике. Вы готовы? Начинаем!",Кашель может быть одним из симптомов заболеваний:; Для кашля характерны следующие особенности:,"ГЭРБ, отит; Сердечная недостаточность, плеврит; Возникает, если мукоцилиарный транспорт не обеспечивает эффективного очищения бронхиального дерева; Одна из самых частых причин обращения за медицинской помощью"
tech2,140,Замбон Тест-2,Аденоидит,Фарм-компании (промо),13,13,6,публичный,2024-04-16,"Вам будет показано 10 тестовых вопросов, выбранных случайным образом из базы вопросов по данной тематике. Вы готовы? Начинаем!","Особенности иммунитета у новорождённых детей:; Свойствами лимфоцитопоэтических органов с функцией иммунного барьера, характерной для слизистых оболочек обладают:",Незрелый врождённый и приобретённый иммунитет; Глоточная и нёбная миндалины; Недостаточность муконазального иммунитета; Низкая продукция интерферонов и низкая активность В-лимфоцитов
tech2,139,Замбон Тест-1,Риносинусит,Фарм-компании (промо),31,31,6,публичный,2024-04-16,"Вам будет показано 10 тестовых вопросов, выбранных случайным образом из базы вопросов по данной тематике. Вы готовы? Начинаем!",Какие процессы включает в себя ПОРОЧНЫЙ КРУГ процессов в пазухе при обтурации соустий?; Симптомы острого риносинусита должны полностью разрешаться:,"Образование в пазухе пониженного давления; Активизация вирусов и бактерий; Отечность слизистой оболочки полости носа; Венозный застой, транссудация жидкости"
tech2,138,Гипертонический криз,Помощь населению 13,Прочее,42,42,19 10,публичный,2024-04-16,"Ваша подруга, женщина 48 лет, стала жаловаться на общее недомогание, тяжесть в голове, дурноту. При измерении артериального давления автоматическим тонометром в",Что произошло; (2),"Снизить артериальное давление; Дать таблетку каптоприла или моксонидина или нифедипина; Продолжить наблюдать, контролировать АД; Положение полусидя"
tech2,137,Внутренние болезни 25,Хроническая болезнь почек,Внутренние болезни,23,23,9,публичный,2024-04-12,"Пациент Женщина, 72 года, обратилась в поликлинику по месту жительства к эндокринологу с жалобами на повышение уровня сахара, отеки лица, нижних конечностей, об",Укажите верные лечебные опции для данного заболевания,"Хроническая болезнь почек С 3б А3; Ангиопротекторы (Пентоксифиллин); Препараты для лечения гиперкалиемии (Инсулины короткого действия, Сальбутамол, Кальция глюконат); Ингибиторы АПФ или антагонисты рецепторов ангиотензина II"
tech2,135,Внутренние болезни 24,Острый инфаркт миокарда,Внутренние болезни,15,15,9,публичный,2024-04-12,"Пациент Мужчина, 62 года, обратился к терапевту в поликлинику с жалобами на дискомфорт в грудной клетке в течение недели.",Определите лечебные мероприятия проводимые на догоспитальном этапе,Острый инфаркт миокарда; Ацетилсалициловая кислота; Метопролол; Гепарин
tech2,134,Внутренние болезни 23,Хронический холецистит,Внутренние болезни,24,24,9,публичный,2024-04-12,"Пациент Женщина, 57 лет, направлена врачом общей практики в приемное отделение городской больницы с подозрением на острый холецистит. Осмотрена терапевтом и хир",Дайте рекомендации по питанию,"ЖКБ. Хронический калькульезный холецистит, фаза обострения; Снизить в пищевом рационе долю животных жиров; Исключить острые блюда; Частый дробный прием пищи (до 5-6 раз в день)"
tech2,133,Внутренние болезни 22,Анкилозирующий спондилит,Внутренние болезни,25,25,9,публичный,2024-04-12,"Пациент Мужчина, 47 лет. Пациент направлен к ревматологу на консультацию с жалобами на боль в спине в поясничном отделе, ягодицах и по задней поверхности бедра.",Выберите возможные схемы консервативной терапии,"Анкилозирующий спондилит, развернутая стадия, низкая активность, с внеаксиальными проявлениями, левосторонний коксит, HLA B-27- ассоциированный, ФК 1; [Кетопрофен или Мелоксикам] + Омепразолом + [Метилпреднизалон системно в течение 3 дней или Дипроспан локально 1 раз в  3 месяца]; Инфликсимаб 5 мг/кг однократно, затем через 2 недели 5 мг/кг, затем спустя 6 недель 5 мг/кг; Сульфасалазин  2 г в сут. или Метотрексат 15 мг в нед"
tech2,132,Внутренние болезни 21,Острая ревматическая лихорадка,Внутренние болезни,23,23,9,публичный,2024-04-12,"Пациент На прием к участковому педиатру обратилась мама с девочкой, 5 лет, с жалобами на вялость, головную боль, плохой аппетит, повышение температуры, боли в с",Выберите верные опции для консолидирующей терапии; Выберите верные опции для реиндукционной терапии:,"Острая ревматическая лихорадка. Мигрирующий олигоартрит. 1 ст.активности. НК-0,ФК-0; Лечение стационарное; [Амоксициллин или Цефалексин или Азитромицин или Линкомицин] + [Ибупрофен или Парацетамол]; Меркаптопурин, Метотрексат, Аспарагиназа"
tech2,131,Внутренние болезни 20,Остеоартроз коленного сустава,Внутренние болезни,23,23,9,публичный,2024-04-12,"Пациент Женщина, 58 лет, была направлена терапевтом на консультацию к ревматологу с жалобами на боль в левом коленном суставе.",Укажите верные лечебные опции для данного заболевания; Выберите верные опции для консолидирующей терапии,"Остеоартроз левого коленного сустава 2 степени.; НПВС (Ибупрофен, Диклофенак, Нимесулид, Мелоксикам, Целекоксиб, Парацетамол)НПВС (Ибупрофен, Диклофенак, Нимесулид, Мелоксикам, Целекоксиб, Парацетамол); Обезболивающие препараты из разных групп (Трамадол, Дулоксетин); Внутрисуставное введение глюкокортикоидов (Бетаметазон, Гидрокортизон, Триамциналон)"
tech2,130,Внутренние болезни 19,Железодефицитная анемия,Внутренние болезни,23,23,9,публичный,2024-04-12,"Пациент Девушка, 18 лет, обратилась на прием к участковому терапевту с жалобами на головокружение, слабость, выпадение волос, отслоение ногтей. Ухудшилась успев",Выберите верные опции для консолидирующей терапии; Выберите верные опции для реиндукционной терапии:,"Железодефицитная анемия средней степени тяжести вследствие кровопотери. АМК. Аденомиоз матки; Железа (III) гидроксид полимальтозат (перорально): 2 недели в месяц или через день в течение месяца 1-3 раза в день + поливитамины; Меркаптопурин, Метотрексат, Аспарагиназа; Дексаметазон, Аспарагиназа, Доксорубицин, Винкристин, Цитарабин, Циклофосфамид"
tech2,129,Внутренние болезни 18,Острый лейкоз,Внутренние болезни,23,23,9,публичный,2024-04-12,"Пациент Мальчик, 5 лет, с мамой направлен участковым педиатром для консульатции к врачу-гематологу. В течение месяца родители отмечают слабость, сонливость, гол",Выберите верные опции для индукционной терапии; Выберите верные опции для консолидирующей терапии,"Острый лимфобластный лейкоз, первая атака, острая фаза; Преднизолон или Дексаметазон, Винкристин, Даунорубицин, Аспарагиназа, Циклофосфамид, Цитарабин, Меркаптопурин + Трансплантация гемопоэтических стволовых клеток; Меркаптопурин, Метотрексат, Аспарагиназа; Дексаметазон, Аспарагиназа, Доксорубицин, Винкристин, Цитарабин, Циклофосфамид"
tech2,128,Внутренние болезни 17,Гломерулонефрит,Внутренние болезни,19,19,9,публичный,2024-04-12,"Пациент Мужчина, 50 лет, обратился к врачу-терапевту в поликлинику с жалобами на отеки на ногах и лице, одышку при доступной прежде повседневной нагрузке. Слабо",,"Острый гломерулонефрит, нефротический синдром; Диуретики (Фуросемид, Верошпирон); Антибактериальная терапия (Амоксициллин + Клавулановая кислота); Глюкокортикостериоды (Преднизолон, Метилпреднизолон)"
tech2,127,Внутренние болезни 16,Хроническая сердечная недостаточность,Внутренние болезни,19,19,9,публичный,2024-04-12,"Пациент Мужчина, 72 года, вызвал бригаду скорой помощи с жалобами на одышку. Доставлен в стационар.",,"Хроническая сердечная недостаточность; Антагонисты рецепторов ангиотензина II (AT1-подтип) в комбинациях (Валсартан/Сакубитрил) + Бета-адреноблокаторы (Метопролол, Бисопролол, Карведилол) + Антогонисты альдостерона (Спиронолактон, Эплеренон); Ингибиторы АПФ (эналаприл, лизиноприл,каптоприл,фозиноприл) + Бета-адреноблокаторы (Метопролол, Бисопролол, Карведилол) + Антогонисты альдостерона (Спиронолактон, эплеренон); Антагонисты рецепторов ангиотензина II (Лозартан, Валсартан, Телмисартан, Кандесартан) + Бета-адреноблокаторы (Метопролол, Бисопролол, Карведилол) + Антогонисты альдостерона (Спиронолактон, Эплеренон)"
tech2,126,Внутренние болезни 15,Сахарный диабет,Внутренние болезни,17,17,9,публичный,2024-04-12,"Пациент Мужчина, 72 года, обратился в поликлинику с жалобами на боли и чувство онемения в ногах, зуд кожных покровов.",,"Сахарный диабет 2 типа. Диабетическая полинейропатия, преимущественно нижних конечностей. Целевой уровень HbA1с< 8,0%; Монотерапия - бигуаниды (Метформин); Бигуаниды (Метформин) + иНГЛТ-2 (Дапаглифлозин, Канаглифлозин, Эмпаглифлозин, Ипраглифлозин, Эртуглифлозин); Эмпаглифлозин, Ипраглифлозин, Эртуглифлозин) Бигуаниды (Метформин) + аГПП-1 (Эксенатид, Лираглутид, Ликсисенатид, Дулаглутид, Семаглутид)."
tech2,125,Внутренние болезни 14,ХОБЛ,Внутренние болезни,20,20,9,публичный,2024-04-12,"Пациент Мужчина, 58 лет, поступил в стационар с жалобами на повышение температуры тела до 38ºС, и одышку.",,"Хроническая обструктивная болезнь лёгких; Отказ от курения; Бронходилатирующая терапия (Ипратропия бромид, Фенотерола гидробромид); Антибиотики (Амоксициллин, Азитромицин, Цефиксим)"
tech2,124,Внутренние болезни 13,Пиелонефрит,Внутренние болезни,24,24,9,публичный,2024-04-12,"Пациент Женщина, 45 лет, обратилась на прием к участковому терапевту в поликлинику с жалобами на повышение температуры, слабость, головную боль, учащенное мочеи",,"Острый неосложненный правосторонний пиелонефрит, активная стадия, без нарушения функции почек; Фторхинолоны (Левофлоксацин, Ципрофлоксацин); Объём выпиваемой жидкости не менее 2000–2500 мл/сут."
tech2,123,Внутренние болезни 12,Фибрилляция предсердий,Внутренние болезни,19,19,9,публичный,2024-04-12,"Пациент Женщина, 67 лет, обратилась в поликлинику по месту жительства с жалобами на перебои в работе сердца, приступы учащенного сердцебиения.",,"Пароксизмальная фибрилляция предсердий; Пероральные антикоагулянты (Апиксабан, Ривороксабан, Дабигатран, Варфарин); Бета-адреноблокаторы (Метопролол, Бисопролол, Карведилол); Блокаторы кальциевых каналов (Верапамил, Дилтиазем)"
tech2,122,Внутренние болезни 11,Желчно-каменная болезнь,Внутренние болезни,20,20,9,публичный,2024-04-12,"Пациент Женщина, 58 лет, с жалобами на сильные боли в правом подреберье доставлена скорой помощью в стационар для консультации хирурга, терапевта.",,"Желчно-каменная болезнь, калькулезный холецистит в стадии обострения, холангит; Анальгетики (Анальгин, Баралгин) при болях; Диета с дробным питанием (5-6 р/сут); Лапароскопическая холецистэктомия"
tech2,121,Внутренние болезни 10,Ревматоидный артрит,Внутренние болезни,20,20,9,публичный,2024-04-12,"Пациент Женщина, 54 года, обратилась к ревматологу в поликлинику по месту жительства с жалобами на боль, припухлость, ограничение движений в суставах кистей.",,"Ревматоидный артрит серопозитивный, ранняя стадия, активность 3, неэрозивный (рентгенологическая стадия I), АЦЦП позитивный, ФК 2; сБПВП (метотрексат) + тсБПВП (барицитиниб, тофацитиниб, упададициниб); сБПВП (метотрексат) + ГКС (преднизолон, метилпреднизолон); сБПВП (метотрексат) + сБПВП (сульфазалазин, гидроксихлорохин)"
tech2,120,Внутренние болезни 09,Язвенный колит,Внутренние болезни,20,20,9,публичный,2024-04-12,"Пациент Мужчина, 42 года, обратился в поликлинику к врачу-гастроэнтерологу с жалобами на дискомфорт в животе и прожилки крови в стуле.",,"Язвенный колит, впервые выявленный, тотальное поражение, легкой степени тяжести, минимальной активности; Препараты 5-АСК перорально (Месалазин 4 г в сутки); Препараты 5-АСК ректально (свечи с Месалазином 2 г в сутки); Препараты железа (Мальтофер, Тотема, Феррум Лек)"
tech2,116,Внутренние болезни 08,Эозинофильный эзофагит,Внутренние болезни,20,20,9,публичный,2024-04-12,"Пациент Мужчина, 35 лет, обратился в поликлинику к врачу-гастроэнтерологу с жалобами на застревание пищи в пищеводе.",,"Эозинофильный эзофагит; Ингибиторы протонной помпы (Омепразол 20 мг утром за 30 мин до еды) длительно; Топические кортикостероиды (Будесонид суспензия для ингаляций 0,5 мг/мл (2х2мл) на 10 мл кленового сиропа, после приема препарата в течение 30 минут не есть и не пить); Элиминационная диета (исключить аллергены)"
tech2,115,Внутренние болезни 07,Цирроз,Внутренние болезни,18,18,9,публичный,2024-04-12,"Пациент Мужчина, 45 лет, на амбулаторном приёме в поликлинике у врача- гастроэнтеролога.",,"Цирроз печени алиментарной этиологии класс В по Чайлд-Пью 9 баллов. Синдром портальной гипертензии: варикозное расширение вен пищевода 2 степени, спленомегалия, асцит 2 степени. Печеночная энцефалопатия 1 степени.; Отказ от алкоголя; Диета с ограничением соли до 3 г/сут, ограничением животных белков; Диуретики (фуросемид, спиронолактон)"
tech2,114,Внутренние болезни 06,Гастрит,Внутренние болезни,20,20,9,публичный,2024-04-12,"Пациент Женщина, 55 лет, на амбулаторном приёме в поликлинике у врача-терапевта.",Выберите препараты 1 линии для эрадикации Helicobacter pylori; Выберите препараты 2-й линии для эрадикации Helicobacter pylori,"Хронический гастрит с наличием эрозий и атрофии, ассоциированный с Helicobacter pylori, обострение; Амоксициллин; Кларитромицин; Рабепразол или эзомепразол"
tech2,113,Внутренние болезни 05,ГЭРБ,Внутренние болезни,19,19,9,публичный,2024-04-12,"Пациент Женщина, 72 года, на амбулаторном приёме в поликлинике у врача-терапевта.",Выберете длительность терапии ингибиторами протонной помпы у данной пациентки,"Гастроэзофагеальная рефлюксная болезнь в стадии эрозивного эзофагита степень В по Лос-Анджелесской классификации. Скользящая грыжа пищеводного отверстия диафрагмы; Ингибиторы протонной помпы (омепразол, рабепразол); Антациды (альмагель, маалокс); Прокинетики (метоклопрамид, домперидон, цизаприд)"
tech2,112,Внутренние болезни 04,Бронхиальная астма,Внутренние болезни,20,20,9,публичный,2024-04-12,"Пациент Девушка, 26 лет, обратилась в поликлинику по месту жительства с жалобами на заложенность в грудной клетке, приступообразный кашель, свистящее дыхание, о",Укажите наиболее оптимальные схемы терапии при данном обострении бронхиальной астмы,"Бронхиальная астма аллергическая, легкое персистирующее течение, обострение средней степени тяжести; Ингаляционные ГКС( будесонид, бекламетазон, мометазон, флутиказон); Короткодействующие бета2-агонисты(сальбутамол, фенотерол); Длительнодействующие бета2-агонисты( вилантерол, салметерол, форметерол)"
tech2,111,Внутренние болезни 03,Инфекционный эндокардит,Внутренние болезни,21,21,9,публичный,2024-04-12,"Пациент Мужчина, 36 лет, доставлен бригадой скорой помощи в стационар с подозрением на инфекционное заболевания (пневмония?).",,"Инфекционный эндокардит; Антибиотики (оксациллин, цефазолин, ванкомицин); Антимикотики препарты (ко тримоксазол + клиндамицин)"
tech2,110,Внутренние болезни 02,Гипертоническая болезнь,Внутренние болезни,19,19,9,публичный,2024-04-12,"Пациент Женщина, 52 года, обратилась в поликлинику по месту жительства с жалобами на общую слабость, повышенную утомляемость, головные боли.",Выберите рациональные комбинации антигипертензивных препаратов для стартовой терапии,Гипертоническая болезнь II стадии. Гиперлипидемия. ГЛЖ. Ожирение I ст . Риск 3 Целевое АД <130/80 мм.рт.ст.; Антагонисты кальция + диуретик; Бета-адреноблокатор + диуретик; Блокатор рецепторов ангиотензина + антагонисты кальция
tech2,109,Внутренние болезни 01,Внебольничная пневмония,Внутренние болезни,16,16,9,публичный,2024-04-12,"Пациент К участковому терапевту обратилась женщина, 59 лет, с жалобами на заложенность носа, кашель, боли в грудной клетке и повышение температуры тела.",,Внебольничная пневмония; Гипертоническая болезнь; ИБС. Стенокардия напряжения; Амоксициллин
tech2,108,Температура у ребёнка,Помощь населению 12,Прочее,53,53,19 10,публичный,2024-04-08,"В течение дня у ребёнка 7 лет наблюдался насморк, периодически чихание. К вечеру стало беспокоить общее недомогание, слабость, разбитость, поднялась температура",Что произошло; (2),"Дать жаропонижающее средство; Дать парацетамол или ибупрофен; Обтереть ребёнка водой комнатной температуры, холод на лоб; Обильное питьё"
tech2,107,Случай с пожилым родственником,Помощь населению 11,Прочее,52,52,19 10,публичный,2024-04-08,"С утра после сна вы обнаруживаете у родственника, 62 лет, необычное состояние: пытается что-то сказать, но речь невнятная, слова произносит невпопад, пытается в",Что произошло; (2),Вызвать скорую помощь; Инсульт; Не снижать АД; Горизонтальное положение с приподнятой головой
tech2,106,Случай у магазине (судороги),Помощь населению 10,Прочее,49,49,19 10,публичный,2024-04-08,Вы стоите в очереди на кассе в магазине. Внезапно один из покупателей 40 лет падает и у него начинаются судороги. Сотрудники магазина вызывают скорую помощь. Мо,Что произошло; (2),Положить что-нибудь мягкое под голову; Расстегнуть стесняющую одежду; Придать человеку устойчивое боковое положение
tech2,105,Отравление уксусной кислотой,Помощь населению 09,Прочее,24,24,19 10,публичный,2024-04-08,"Один ваш сосед из квартиры напротив злоупотребляет алкоголем. В данный момент, находясь в запое и в поисках алкоголя он случайно выпил из флакона с уксусной кис",Что произошло; (2),Прополоскать рот водой без заглатывания; Дать внутрь Альмагель или Маалокс; Дать рассосать кубики льда
tech2,104,Укус змеи,Помощь населению 08,Прочее,48,48,19 10,публичный,2024-04-08,"В компании друзей вы пошли в небольшой поход с ночевкой в лес, расположенный рядом с городом. Во время весёлого продвижения по лесу к месту стоянки один из друз",Что произошло; (2),"Снять обувь с поражённой конечности; Уложить пострадавшего друга, максимально ограничить движения в ноге; Продезинфицировать рану любым антисептиком; Дать антигистаминное средство (Лоратадин, Супрастин и т.д.)"
tech2,103,Ожог,Помощь населению 07,Прочее,45,45,19 10,публичный,2024-04-08,"Вы с друзьями захотели отдохнуть и пожарить шашлык. Вечером приехали на дачу, один из товарищей начал разжигать костёр, используя жидкость для розжига, когда вн",Что произошло; (2),"Сбить друга с ног, укутать горящую руку курткой; Как можно скорее подставить руку под струю холодной воды; Не вскрывать пузыри; Наложить чистую сухую повязку"
tech2,102,Нападение собаки,Помощь населению 06,Прочее,21,21,19 10,публичный,2024-04-08,"Ясным летним днём вы гуляете по парку, как вдруг подбегает довольно крупная собака настроенная явно агрессивно: скалит зубы, лает и рычит. На ней есть ошейник, ",Что произошло; (2),"Твердым голосом отдайте команды, типа: «Место!», «Стоять!», «Сидеть!», «Уйди» или «Фу!»; Имитировать поднятие с земли условного предмета и бросок им в сторону собаки; Обмотать плащом или пиджаком руку, приготовив ее на случай атаки животного, одновременно отступая медленно и полубоком к укрытию; Разобраться с хозяином собаки потом"
tech2,101,Укус клеща,Помощь населению 05,Прочее,26,26,19 10,публичный,2024-04-08,"Вы решили прогуляться по весеннему лесу. Придя домой почувствовали небольшой дискомфорт, зуд в области живота справа от пупка. Когда рассмотрели место зуда побл",Что произошло; (2),Обработать место укуса этиловым спиртом или одеколоном; Удалить клеща с помощью нитки; Поместить клеща в стеклянный флакон с плотной крышкой и положить влажную марлевую салфетку; Поместить флакон в холодильник и отнести в лабораторию в течение 2-х суток
tech2,99,Случай в походе,Помощь населению 04,Прочее,32,32,19 10,публичный,2024-04-08,Ирина и ее друзья прибыли на базу отдыха и решили отправиться в поход в горы с самого утра. Группа молодых людей весело стартовала. В процессе похода они не зам,Что произошло; (2),"Отвести Ирину в ближайшее тёплое помещение, как можно скорее; Поменять одежду на теплую и сухую; Укутать Ирину подручными средствами (обычное одеяло); Укрыть Ирину спасательным одеялом серебристой стороной к телу"
tech2,98,Женщине стало плохо в автобусе,Помощь населению 03,Прочее,43,43,19 10,публичный,2024-04-08,"С утра граждане едут на работу в душном автобусе. Внезапно женщина, примерно 40 лет, прилично одетая, падает в обморок.",Что произошло; (2),"Проверить пульс и дыхание; Проверить зрачки; Расстегнуть воротник и стесняющую одежду; Открыть окна, обеспечить доступ свежего воздуха"
tech2,97,Случай в парке,Помощь населению 02,Прочее,62,62,19 10,публичный,2024-04-08,В обед вы вышли с коллегами прогуляться в парке. В глубине парка вы встречаете молодого человека. Он заметно нервничает,(2); (3),"Проверить пульс и дыхание; Горизонтальное положение, ноги поднять; Проверить карманы молодого человека; Брызнуть водой на лицо, расстегнуть воротник"
tech2,95,Случай с разбитым градусником,Помощь населению 01,Прочее,71,71,19 10,публичный,2024-04-07,"Лиля, 20-летняя студентка медицинского университета, решила проверить свою температуру, почувствовав некую слабость. Она достала ртутный градусник из медицинско",(1-2) Начало 2; (2*),"Открыть окно и проветрить помещение (не создавая сквозняк); В резиновых перчатках собрать ртуть слегка размоченным водой листком бумаги, самые мелкие шарики ртути собрать лейкопластырем; Собранную ртуть (а также бумагу, пластырь) поместить в ёмкость с водой и плотно закрыть; Обработать место разлива раствором марганцовки или раствором мыла и соды"
tech2,93,АИГ 25,Склероатрофический лихен,Акушерство и гинекология,19,19,8,публичный,2024-04-07,"Пациент Женщина, 55 лет, обратилась к гинекологу с жалобами на сухость, зуд вульвы, усиливающийся по ночам в течение года.",,"Лишай склеротический и атрофический; Системно назначают витамины А и Е; Ферментные препараты (Лидаза, Ронидаза, Химотрипсин, Лонгидаза); Мази НПВС (Индометацин) и полипотентные кортикостероидные мази (Клобетазола пропионат)"
tech2,92,АИГ 24,Эктопия,Акушерство и гинекология,19,19,8,публичный,2024-04-07,"Пациент Девушка, 19 лет, обратилась к гинекологу в женскую консультацию для планового осмотра.",,Эрозия и эктропион шейки матки; Наблюдение
tech2,91,АИГ 23,Трихомониаз,Акушерство и гинекология,19,19,8,публичный,2024-04-07,"Пациент Женщина, 21 год, обратилась к гинекологу с жалобами на обильные светлые пенистые выделения из половых путей, зуд в области вульвы.",,"Урогенитальный трихомониаз; Синтетические антибактериальные средства (производные имидазола или нитроимидазола), обследование и лечение полового партнера"
tech2,90,АИГ 22,Герпетические инфекции,Акушерство и гинекология,19,19,8,публичный,2024-04-07,"Пациент Женщина, 33 года, обратилась к гинекологу с жалобами на зуд, появление высыпаний на вульве 2 дня назад.",,"Герпетические инфекции половых органов и мочеполового тракта, первичные; Системная противовирусная терапия препаратами нуклеозидов и нуклеотиды (Ацикловир, Валацикловир, Фамцикловир)"
tech2,89,АИГ 21,Хламидийная инфекция,Акушерство и гинекология,19,19,8,публичный,2024-04-07,"Пациент Женщина, 28 лет, обратилась к гинекологу самостоятельно с жалобами на дискомфорт во влагалище после незащищенного полового акта с новым партнером.",,Хламидийные инфекции нижних отделов мочеполового тракта (вагинит); Антибиотик широкого спектра действия из группы тетрациклинов
tech2,88,АИГ 20,Рвота беременных,Акушерство и гинекология,19,19,8,публичный,2024-04-07,"Пациент Женщина, 25 лет, обратилась в женскую консультацию с жалобами на постоянную тошноту, рвоту до 4 раз в сутки. Срок беременности: 9-10 недель.",,"Рвота беременных легкая или умеренная; Лечебно-охранительный режим, диета, динамическое наблюдение амбулаторно"
tech2,87,АИГ 19,Полип цервикального канала,Акушерство и гинекология,19,19,8,публичный,2024-04-07,"Пациент Женщина, 42 года, обратилась к гинекологу для планового осмотра. Жалоб нет.",,"Полип цервикального канала; Гистерорезектоскопия, полипэктомия"
tech2,86,АИГ 18,Киста желтого тела,Акушерство и гинекология,19,19,8,публичный,2024-04-07,"Пациент Женщина, 26 лет, обратилась к гинекологу с жалобами на периодические тянущие боли в правой подвздошной области.",,Киста желтого тела; Наблюдение с УЗИ контролем в динамике
tech2,85,АИГ 17,Цистит при беременности,Акушерство и гинекология,19,19,8,публичный,2024-04-07,"Пациент Женщина, 24 года, срок беременности 10 недель. Экстренно обратилась к врачу женской консультации с жалобами на учащенное болезненное мочеиспускание в те",,Инфекция мочевого пузыря при беременности; Объём выпиваемой жидкости 2000–2500 мл/сут; Производные фосфоновой кислоты (Фосфомицин)
tech2,84,АИГ 16,ЦИН,Акушерство и гинекология,19,19,8,публичный,2024-04-07,"Пациент Женщина, 35 лет, обратилась к гинекологу в женскую консультацию с жалобами на периодические скудные кровянистые выделения после полового акта.",,Умеренная цервикальная дисплазия (CIN II); Эксцизия зоны трансформации шейки матки с последующим выскабливанием цервикального канала с иммуномодуляторами
tech2,83,АИГ 15,Угрожающий выкидыш,Акушерство и гинекология,19,19,8,публичный,2024-04-07,"Пациент Женщина, 27 лет, самостоятельно обратилась в приемный покой с жалобами на постоянные тянущие боли внизу живота, кровянистые выделения из половых путей. ",,"Угрожающий выкидыш; Гестагенные препараты (Дидрогестерона, Прогестерона)"
tech2,82,АИГ 14,ИЦН,Акушерство и гинекология,19,19,8,публичный,2024-04-07,"Пациент Женщина, 30 лет, срок беременности 24-25 недель. При плановом посещении акушера-гинеколога, предъявила жалобы на периодические тянущие боли внизу живота",,"Истмико-цервикальная недостаточность, требующая предоставления медицинской помощи матери; Введение акушерского разгружающего пессария + препараты прогестерона вагинально по 200 мг/сутки"
tech2,81,АИГ 13,Анэмбриония,Акушерство и гинекология,19,19,8,публичный,2024-04-07,"Пациент Женщина, 25 лет, самостоятельно обратилась в приемный покой с жалобами на постоянные тянущие боли внизу живота. Со слов, беременность 8 недель.",,"Погибшее плодное яйцо и непузырный занос; Медикаментозное опорожнение полости матки (Мифепристон, а затем Мизопростол)"
tech2,80,АИГ 12,Сальпингит и оофорит,Акушерство и гинекология,19,19,8,публичный,2024-04-07,"Пациент Женщина, 29 лет, обратилась к гинекологу в женскую консультацию с жалобами на боли внизу живота, повышение температуры тела до 37,8°С.",,Острый правосторонний сальпингит и оофорит; Антибактериальная терапия (включая противопротозойную терапию)
tech2,79,АИГ 11,Разрыв маточной трубы,Акушерство и гинекология,19,19,8,публичный,2024-04-07,"Пациент Женщина, 26 лет, доставлена бригадой скорой помощи в приемный покой с жалобами на резкие боли внизу живота, возникшие после полового акта.",,Разрыв маточной трубы; Экстренное оперативное вмешательство
tech2,78,АИГ 10,Абсцесс бартолиновой железы,Акушерство и гинекология,19,19,8,публичный,2024-04-07,"Пациент Женщина, 30 лет, обратилась к гинекологу в женскую консультацию с жалобами на резкие боли в области промежности, уплотнения в области левой половой губы",,Абсцесс бартолиновой железы; Вскрытие и дренирование
tech2,77,АИГ 09,Бесплодие,Акушерство и гинекология,19,19,8,публичный,2024-04-07,"Пациент Женщина, 30 лет, обратилась к акушеру-гинекологу самостоятельно с жалобами на отсутствие беременности при регулярной половой жизни без предохранения в т",,"Женское бесплодие трубного происхождения; Лапароскопия, адгезиолизис"
tech2,76,АИГ 08,Эндометриоз,Акушерство и гинекология,19,19,8,публичный,2024-04-07,"Пациент Женщина, 35 лет, обратилась к гинекологу в женскую консультацию с жалобами на болезненные менструации, периодическую боль при половом акте. Планирует бе",,Эндометриоз матки; Монотерапия прогестагенами в циклическом режиме
tech2,75,АИГ 07,Бактериальный вагиноз,Акушерство и гинекология,19,19,8,публичный,2024-04-07,"Пациент Женщина, 24 года, обратилась к гинекологу самостоятельно с жалобами на обильные светлые выделения из половых путей с неприятным запахом в течение 5 дней",,Другие невоспалительные болезни влагалища (бактериальный вагиноз); Препараты группы нитроимидазола производные и клиндамицин для интравагинального применения
tech2,73,АИГ 06,Аномальные маточные кровотечения,Акушерство и гинекология,19,19,8,публичный,2024-04-07,"Пациент Женщина, 28 лет, обратилась к гинекологу с жалобами на обильные кровянистые выделения более 10 дней, общую слабость.",,Аномальное маточное кровотечение( АМК - гиперплазия); Гистерорезектоскопия
tech2,72,АИГ 05,Цистоцеле,Акушерство и гинекология,19,19,8,публичный,2024-04-07,"Пациент Женщина, 46 лет, обратилась к гинекологу в женскую консультацию с жалобами на дискомфорт во влагалище, чувство инородного тела во влагалище.",,Цистоцеле; Оперативное лечение - в объеме передней кольпоррафии
tech2,71,АИГ 04,Полип эндометрия,Акушерство и гинекология,19,19,8,публичный,2024-04-07,"Пациент Женщина, 40 лет, обратилась к гинекологу самостоятельно с жалобами на скудные кровянистые межменструальные выделения.",,"Полип эндометрия; Гистерорезектоскопия, полипэктомия и биопсия эндометрия"
tech2,70,АИГ 03,Лейомиома матки,Акушерство и гинекология,19,19,8,публичный,2024-04-07,"Пациент Женщина, 38 лет, обратилась к гинекологу в женскую консультацию с жалобами на обильные болезненные менструации, периодические скудные кровянистые выделе",,"Подслизистая лейомиома матки; Гистерорезектоскопия, удаление миоматозного узла"
tech2,69,АИГ 02,Климактерический синдром,Акушерство и гинекология,19,19,8,публичный,2024-04-07,"Пациент Женщина, 52 года, направлена терапевтом на консультацию к гинекологу с жалобами на периодическое чувство жара, слабость, бессонницу.",,Климактерический синдром средней степени тяжести; Менопаузальная гормональная терапия (Прогестагены и эстрогены в комбинации)
tech2,68,АИГ 01,Дисплазия молочных желез,Акушерство и гинекология,19,19,8,публичный,2024-04-07,"Пациент Женщина, 42 года, обратилась к гинекологу в женскую консультацию с жалобами на боли в молочных железах, возникающие за несколько дней до менструации.",,Диффузная доброкачественная дисплазия молочных желез; Применение лекарственных препаратов на основе Прутняка обыкновенного (Циклодинон)
tech2,62,Тест стилей,Тест стилей,Прочее,1,1,,публичный,2024-04-05,,,
tech2,61,СМП 48,ОКС без подъёма ST,СМП — скорая помощь,15,15,5,публичный,2024-04-05,"Пациент Мужчина, 64 года, во время завтрака на несколько секунд потерял сознание, жена вызвала скорую помощь.",,Острый коронарный синдром без подъемом ST; Ацетилсалициловая кислота; Метопролол; Гепарин
tech2,60,СМП 47,ОКС с подъемом ST,СМП — скорая помощь,15,15,5,публичный,2024-04-05,"Пациент Женщина, 67 лет, сегодня около 30 минут назад, мыла окна в своей квартире, возникли интенсивные сжимающие, ломящие боли за грудиной, слабость, головокру",,Острый коронарный синдром с подъемом сегмента ST; Метопролол; Морфин; Гепарин
tech2,59,СМП 46,Нестабильная стенокардия,СМП — скорая помощь,15,15,5,публичный,2024-04-05,"Пациент Женщина, 58 лет, сегодня, в течение всего дня отмечает периодически возникающую давящую боль за грудиной с иррадиацией в левое плечо, возникающую в поко",,Нестабильная стенокардия; Морфин; Метопролол; Гепарин
tech2,58,СМП 45,Острый панкреатит,СМП — скорая помощь,15,15,5,публичный,2024-04-05,"Пациент Мужчина, 47 лет, обратился за медицинской помощью с жалобами на боли в животе, рвоту после употребления алкоголя в течение недели.",,Острый панкреатит; Дротаверин; Нитроглицерин; Кеторолак
tech2,57,СМП 44,Острый холецистит,СМП — скорая помощь,15,15,5,публичный,2024-04-05,"Пациент Женщина, 53 года, обратилась за медицинской помощью с жалобами на боли в животе, рвоту, подъем температуры.",,Острый калькулёзный холецистит; Атропин; Дротаверин; Метоклопрамид
tech2,56,СМП 43,Острый аппендицит,СМП — скорая помощь,15,15,5,публичный,2024-04-05,"Пациент Мальчик, 10 лет, вернулся из школы с жалобами на боли в животе, тошноту. К вечеру боли не прошли, поднялась температура, мама вызвала скорую помощь.",,Острый аппендицит; Экстренная госпитализация
tech2,55,СМП 42,Острая кишечная непроходимость,СМП — скорая помощь,15,15,5,публичный,2024-04-05,"Пациент Женщина, 76 лет, неработающая пенсионерка, в течение двух дней отмечает отсутствие аппетита, задержку стула и боли в животе.",,Острая кишечная непроходимость; Дротаверин
tech2,54,СМП 41,Синоатриальная блокада,СМП — скорая помощь,15,15,5,публичный,2024-04-05,"Пациент Мужчина, 76 лет, внезапно потерял сознание, родственники вызвали скорую помощь.",,"Синоатриальная блокада; Атропин; Оксигенотерапия; Инфузия натрия хлорида 0,9%"
tech2,53,СМП 40,Острый коронарный синдром с подъемом ST,СМП — скорая помощь,15,15,5,публичный,2024-04-05,"Пациент Мужчина, 58 лет, около 20 минут назад, проснулся от интенсивных болей в животе. При попытке встать, возникла резкая слабость, покрылся холодным липким п",,Острый коронарный синдром с подъемом сегмента ST; Метопролол; Нитроглицерин; Морфин
tech2,52,СМП 39,ОКС с подъемом ST,СМП — скорая помощь,15,15,5,публичный,2024-04-05,"Пациент Мужчина, 45 лет. В бассейне после плавания появилась давящая боль за грудиной, обратился к медсестре бассейна. Вызвана СМП.",,Острый коронарный синдром с подъемом сегмента ST; Метопролол; Нитроглицерин; Морфин
tech2,51,СМП 38,Желудочно-кишечное кровотечение,СМП — скорая помощь,15,15,5,публичный,2024-04-05,"Пациент Мужчина, 56 лет, злоупотребляет алкоголем. Сегодня возникли боли в животе, рвота цвета «кофейной гущи», чёрный стул.",,"Желудочно-кишечное кровотечение; Транексамовая кислота; Инфузия натрия хлорида 0,9%"
tech2,50,СМП 37,Аневризма брюшной аорты,СМП — скорая помощь,15,15,5,публичный,2024-04-05,"Пациент Мужчина, 62 года. Около 20 минут назад, после физической нагрузки (поднимал тяжелый диван), возникла сильная, раздирающая боль в животе, резкая слабость",,"Расслаивающая аневризма брюшной аорты; Морфин; Оксигенотерапия; Инфузия натрия хлорида 0,9%"
tech2,49,СМП 36,Аневризма грудной аорты,СМП — скорая помощь,15,15,5,публичный,2024-04-05,"Пациент Женщина, 69 лет, около 30 мин. назад, после стрессовой ситуации, повысилось давление до 200/100 мм рт.ст., появились нестерпимые раздирающие боли в груд",,Расслаивающая аневризма грудного отдела аорты; Морфин или фентанил; Оксигенотерапия; Метопролол
tech2,48,СМП 35,Эукинетический гипертонический криз,СМП — скорая помощь,15,15,5,публичный,2024-04-05,"Пациент Мужчина, 53 года. Почувствовал себя плохо в конце рабочего дня (головная боль, головокружение). Самостоятельно добрался домой, обратился за медицинской ",,Гипертонический криз; Каптоприл; Магния сульфат 25%; Моксонидин
tech2,47,СМП 34,ТЭЛА,СМП — скорая помощь,15,15,5,публичный,2024-04-05,"Пациент Мужчина, 63 года, без вредных привычек, несколько часов занимался переносом коробок и ящиков, а через некоторое время потерял сознание.",,"Тромбэмболия легочной артерии; Аминофиллин 2,4%; Гепарин 10000 ЕД; Допамин или добутамин"
tech2,46,СМП 33,Острый тромбоз вен нижних конечностей,СМП — скорая помощь,15,15,5,публичный,2024-04-05,"Пациент Женщина, 53 года, обратилась за медицинской помощью с жалобами на боли, отечность в левой ноге, общее недомогание в течение 3-х дней.",,Острый тромбоз вен нижних конечностей; Ацетилсалициловая кислота; Гепарин 10000 ЕД; Метамизол натрия/трамадол/морфин/фентанил
tech2,45,СМП 32,Острый тромбоз артерий конечности,СМП — скорая помощь,15,15,5,публичный,2024-04-05,"Пациент Мужчина, 74 года. Пенсионер, обратился за медицинской помощью с жалобами на боли в левой ноге. С его слов травму не получал, боль появилась сутки назад ",,Острый тромбоз артерий нижней конечности; Ацетилсалициловая кислота; Гепарин 10000 ЕД; Метамизол натрия/трамадол/морфин/фентанил
tech2,44,СМП 31,Геморрагический инсульт,СМП — скорая помощь,15,15,5,публичный,2024-04-05,"Пациент Мужчина, 42 года. Почувствовал себя плохо после переноса тяжестей на даче, внезапно очень сильно заболела голова, была однократная рвота. После этого кр",,Острое нарушение мозгового кровообращения по геморрагическому типу; Оксигенотерапия; Магния сульфат 25%; Этилметилгидроксипиридина сукцинат (мексидол)
tech2,43,СМП 30,Острая сердечная недостаточность. Отёк легких,СМП — скорая помощь,15,15,5,публичный,2024-04-05,"Пациент Женщина, 72 года. Сегодня стала отмечать «бульканье» в легких, трудность при дыхании, усиление одышки, чувство нехватки воздуха. Такое состояние отмечае",,Острая сердечная недостаточность. Отёк легких; Нитроглицерин; Морфин; Фуросемид
tech2,42,СМП 29,Преэклампсия,СМП — скорая помощь,15,15,5,публичный,2024-04-05,"Пациент Женщина, 30 лет. Срок беременности 23 недели. Жалобы на общее недомогание, подъём АД до 150/100 мм рт.ст., а так же появление отеков на верхних и на ниж",,Преэклампсия; Инфузия магния сульфат 25%; Нифедепин; Госпитализация
tech2,41,СМП 28,Эпилептический статус,СМП — скорая помощь,15,15,5,публичный,2024-04-05,"Пациент Пригород, частный дом. Со слов жены, около получаса назад, лицо мужа посинело, взгляд застыл, он перестал реагировать на окружающее, захрипел, возникли ",,Эпилепсия. Эпилептический статус; Диазепам; Ингаляция увлажненным кислородом; Госпитализация
tech2,40,СМП 27,Травматический шок,СМП — скорая помощь,15,15,5,публичный,2024-04-05,"Пациент Мужчина, 35 лет. При проведении отделочных работ на строительных лесах почувствовал головокружение, потерял равновесие и упал с высоты третьего этажа на",,"Закрытый перелом костей правой и левой голени, в нижней трети, со смещением. Травматический шок II степени; Иммобилизация нижних конечностей; Инфузия натрия хлорида 0,9%; Морфин или фентанил"
tech2,39,СМП 26,Геморрагический шок,СМП — скорая помощь,15,15,5,публичный,2024-04-05,"Пациент Мужчина, 26 лет, с целью самоубийства наполнил ванну теплой водой, погрузился в неё и нанёс себе ножом раны на обоих предплечьях. Обнаружен матерью, без",,Резаные раны предплечий. Геморрагический шок III степени.; Наложение давящей повязки на раны; Инфузия раствора Рингера; В/в доступ в 2 вены
tech2,38,СМП 25,Анафилактический шок,СМП — скорая помощь,15,15,5,публичный,2024-04-05,"Пациент Мужчина, 46 лет, через несколько минут после в/м инъекции цефотаксима, которую сделала жена потерял сознание.",,Анафилактический шок; Аминофиллин; Хлоропирамин; Адреналин
tech2,37,СМП 24,Ожоговый шок,СМП — скорая помощь,15,15,5,публичный,2024-04-05,"Пациент Мужчина, 60 лет, около часа назад разжигал камин в дачном доме, плеснул на дрова жидкость для розжига, вспыхнул огонь и на мужчине загорелась куртка. Со",,"Термический ожог нескольких областей тела II-III степени, общей площадью 45%. Ожоговый шок.; Хлоропирамин; Морфин; Инфузия раствора Рингера"
tech2,36,СМП 23,Отравление кокаином,СМП — скорая помощь,15,15,5,публичный,2024-04-05,"Пациент Мужчина, 28 лет. Зашёл в спорт бар, взял бокал пива и стал смотреть матч по боксу. Со слов официанта мужчина был спокоен и адекватен. Примерно через час",,"Отравление кокаином; Пропранолол; Инфузия натрия хлорида 0,9%; Диазепам"
tech2,35,СМП 22,Отравление амфетамином,СМП — скорая помощь,15,15,5,публичный,2024-04-05,"Пациент Девушка, 25 лет, пришла с дискотеки около часа ночи, прошла в свою комнату, включила громкую музыку, начала танцевать. Через час начала кричать, что её ",,Отравление амфетамином; Пропранолол; Диазепам
tech2,34,СМП 21,Отравление фосфорорганическим соединением.,СМП — скорая помощь,15,15,5,публичный,2024-04-05,"Пациент Мужчина, 48 лет, решил потравить тараканов дома. Купил для этого дихлофос в ближайшем хозяйственном магазине. Распылил в разных местах в квартире, лег с",,Отравление фосфорорганическим соединением; Атропин; Активированный уголь; Калия и магния аспарагинат
tech2,33,СМП 20,Полная поперечная АВ-блокада,СМП — скорая помощь,15,15,5,публичный,2024-04-05,"Пациент Женщина, 58 лет, внезапно упала, потеряла сознание на 30-40 секунд, непроизвольное мочеиспускание. Пришла в сознание, появилась обильная рвота. Ощущает ",,"АВ-блокада III степени (полная поперечная); Атропин; Допамин + натрия хлорид 0,9%; Ингаляция увлажненным кислородом"
tech2,32,СМП 19,Двунаправленная веретенообразная желудочковая тахикардия,СМП — скорая помощь,15,15,5,публичный,2024-04-05,"Пациент Женщина, 42 года, внезапно почувствовала толчок в грудной клетке, сердцебиение, потемнение в глазах. Такое состояние впервые.",,"Двунаправленная веретенообразная желудочковая тахикардия (пируэт); Магния сульфат + натрия хлорид 0,9%"
tech2,31,СМП 18,Синусовая брадикардия,СМП — скорая помощь,15,15,5,публичный,2024-04-05,"Пациент Женщина, 62 года, в течение недели периодически ощущает слабость, нехватку воздуха, эпизоды головокружения, снижения АД, беспричинной утомляемости, сонл",,Синусовая брадикардия; Атропин; Отменить метопролол
tech2,30,СМП 17,Панкреонекроз,СМП — скорая помощь,15,15,5,публичный,2024-04-05,"Пациент Мужчина, 42 года, обратился за медицинской помощью с жалобами на боли в животе, рвоту, выраженную слабость через два дня после корпоративного праздника ",,"Острый панкреатит (панкреонекроз?); Дротаверин; Кеторолак; Инфузия натрия хлорида 0,9%"
tech2,29,СМП 16,Отек Квинке,СМП — скорая помощь,15,15,5,публичный,2024-04-05,"Пациент Девушка 19 лет после употребления в пищу апельсинов почувствовала покраснение и зуд кожи, появление отеков на лице.",,Аллергический ангионевротический отёк (Квинке); Активированный уголь; Дифенгидрамин или клемастин; Преднизолон или дексаметазон
tech2,28,СМП 15,Перитонит,СМП — скорая помощь,15,15,5,публичный,2024-04-05,"Пациент Женщина, 27 лет, в течение трех дней испытывает боли в животе с повышением температуры тела до 38,7°C. К врачу возможности обратиться не нашла, так как ",,"Перитонит; Дротаверин; Инфузия натрия хлорид 0,9%; Экстренная госпитализация"
tech2,27,СМП 14,Отравление уксусной кислотой,СМП — скорая помощь,15,15,5,публичный,2024-04-05,"Пациент Мужчина 58 лет, в запое. 2ч 15 минут ночи. 15 минут назад на фоне сильного желания принять алкоголь схватил из холодильника бутылку с жидкостью и оборва",,"Отравление уксусной кислотой; Дротаверин; Инфузия натрия хлорида 0,9%; Инфузия натрия гидрокорбоната"
tech2,26,СМП 13,Отравление метиловым спиртом,СМП — скорая помощь,15,15,5,публичный,2024-04-05,"Пациент Мужчина 52 года. Около 2-х часов назад, в гараже выпил алкогольный напиток. Почувствовал резкую головную боль и тошноту, вернулся домой и вызвал скорую ",,"Отравление метанолом; Инфузия натрия хлорида 0,9%; Инфузия натрия гидрокорбоната; Зондовое промывание желудка"
tech2,25,СМП 12,Мезентериальный тромбоз,СМП — скорая помощь,15,15,5,публичный,2024-04-05,"Пациент Женщина 82 лет, около 40 мин назад внезапно появились сильные, нестерпимые боли в животе, эпизод жидкого стула с примесью кровянистой слизи, однократно ",,"Мезентериальный тромбоз; Экстренная госпитализация + инфузионная терапия (натрия хлорид 0,9%)"
tech2,24,СМП 11,Острый стенозирующий ларинготрахеит,СМП — скорая помощь,16,16,5,публичный,2024-04-05,Пациент Родители мальчика 3-х лет проснулись ночью от хриплого плача и кашля ребенка. Обратились за медицинской помощью.,Выберите ингаляционную терапию через небулайзер:,"Острый стенозирующий ларинготрахеит; Будесонид + натрия хлорид 0,9%; Дексаметазон в/в или в/м; Преднизолон в/в или в/м"
tech2,23,СМП 10,ОКС без подъема ST,СМП — скорая помощь,15,15,5,публичный,2024-04-05,"Пациент Женщина 68 лет в течение трех часов отмечает давящую боль за грудиной, чувство нехватки воздуха, одышку при физической нагрузке, слабость.",,Острый коронарный синдром без подъема ST; Ацетилсалициловая кислота; Метопролол; Гепарин
tech2,22,СМП 09,ОКС с подъемом ST,СМП — скорая помощь,15,15,5,публичный,2024-04-05,"Пациент Мужчина 63 лет, проснулся ночью от внезапной жгучей боли за грудиной, отдающей в левое плечо и левую руку. Такие боли ранее не отмечались.",,Острый коронарный синдром с подъемом ST; Ацетилсалициловая кислота; Метопролол; Гепарин
tech2,21,СМП 08,Гипокинетический гипертонический криз,СМП — скорая помощь,15,15,5,публичный,2024-04-05,"Пациент Женщина 74 лет, чувствует себя плохо в течение всего дня. Вскоре после пробуждения утром началась головная боль, шум в ушах, слабость, тошнота, была одн",,Гипертонический криз по гипокинетическому типу; Каптоприл; Фуросемид; Урапидил
tech2,20,СМП 07,Гиперкинетический гипертонический криз,СМП — скорая помощь,15,15,5,публичный,2024-04-05,"Пациент Женщина 38 лет, почувствовала себя плохо на рабочем месте (работает завхозом в детском саду) после конфликта на работе. Сначала началась головная боль, ",,Гипертонический криз по гиперкинетическому типу; Клонидин; Метопролол; Моксонидин
tech2,19,СМП 06,Фибрилляция предсердий,СМП — скорая помощь,15,15,5,публичный,2024-04-05,"Пациент Мужчина 45 лет, в течение нескольких часов ощущает дискомфорт в груди, ощущает неравномерное биение сердца",,"Фибрилляция предсердий; [Амиодарон + глюкоза 5%] + гепарин; [Новокаинамид + натрия хлорид 0,9%] + гепарин"
tech2,18,СМП 05,Пароксизмальная желудочковая тахикардия,СМП — скорая помощь,15,15,5,публичный,2024-04-05,Пациент,,"Наджелудочковая тахикардия; Верапамил + натрия хлорид 0,9%; Новокаинамид + натрия хлорид 0,9%; Пропранолол + натрия хлорид 0,9%"
tech2,17,СМП 04,Ишемический инсульт,СМП — скорая помощь,15,15,5,публичный,2024-04-05,Пациент,,Острое нарушение мозгового кровообращения по ишемическому типу; Этилметилгидроксипиридина сукцинат (Мексидол/Нейрокс/Метуцинвел)
tech2,16,СМП 03,Пароксизмальная желудочковая тахикардия,СМП — скорая помощь,15,15,5,публичный,2024-04-05,Пациент,,"Желудочковая тахикардия; [Амиодарон + глюкоза 5%] + гепарин +госпитализация; [Новокаинамид + натрия хлорид 0,9%] + гепарин + госпитализация; [Лидокаин + натрия хлорид 0,9%] + гепарин + госпитализация"
tech2,15,СМП 02,Гипогликемическая кома,СМП — скорая помощь,15,15,5,публичный,2024-04-05,Пациент,,"Гипогликемическая кома; Глюкоза, 40% раствор"
tech2,14,СМП 01,Гипергликемическая кома,СМП — скорая помощь,15,15,5,публичный,2024-04-05,Пациент,,"Гиперкликемическая кома; Инфузия натрия хлорида 0,9%"
tech2,11,testScenario,Тестовый сценарий,Прочее,4,4,,публичный,2023-11-02,,ЗАголовок,ОТвет1
tech2,10,drreddys12,Интерактивный клинический случай № 6. «Грудная жаба» душит?,Фарм-компании (промо),9,8,,публичный,2023-03-02,,,
tech2,9,drreddys11,Интерактивный клинический случай № 5. «Кинжальные боли»,Фарм-компании (промо),9,8,,публичный,2023-02-28,,,
tech2,8,drreddys10,Интерактивный клинический случай №4. «Полиморбидная пациентка»,Фарм-компании (промо),9,8,,публичный,2023-02-21,,,
tech2,7,drreddys9,Интерактивный клинический случай № 6 “Допрыгался”,Фарм-компании (промо),9,8,,публичный,2023-02-21,,,
tech2,6,drreddys8,"Интерактивный клинический случай № 5 “Боль проходит, онемение - нет”",Фарм-компании (промо),9,8,,публичный,2023-02-21,,,
tech2,5,drreddys7,Интерактивный клинический случай №4. “Полет лыжника”,Фарм-компании (промо),9,8,,публичный,2023-02-21,,,
tech2,4,mk4,2 обучение медицина катастроф,Прочее,2,2,,,2023-02-19,,,
tech2,3,mk3,1 обучение медицина катастроф,Прочее,18,18,,,2023-02-19,,,
tech2,2,mk2,2 тест медицина катастроф,Прочее,72,71,,,2023-02-19,,,
tech2,1,mk1,1 тест медицина катастроф,Прочее,71,71,,,2023-02-19,,,
dev2,1321,"2026 Генетика ДПО. Синдром тестикулярной феминизации (CAIS): генетика, диагностика, тактика","Ремедиационный тест по клиническому случаю 2 (НПД): синдром тестикулярной феминизации (CAIS). Охватывает генетику, патогенез, диагностику и ведение.",Генетика,12,12,132,публичный,2026-06-18,Какой тип наследования характерен для синдрома полной нечувствительности к андрогенам (CAIS)?,Вопрос 1 из 10; Вопрос 2 из 10,"X-сцепленный рецессивный; 46,XY; X-хромосома; Соответствует нормальному мужскому уровню"
dev2,1320,2026 Генетика ДПО. НПД: Случай 2 — синдром тестикулярной феминизации,"Клинический сценарий по программе ДПО «Пренатальная диагностика» (Эвоген, 2026).",Генетика,23,23,132,публичный,2026-06-17,Клиника генетики и репродуктивной медицины. Направлена девочка 15 лет с нарушением половой дифференцировки (НПД): паховая грыжа слева и первичная аменорея. Фено,Лабораторные исследования; Инструментальные исследования,Б. Синдром тестикулярной феминизации (CAIS); Кариотип; Тестостерон (ожидается на мужском уровне); Молекулярно-генетический анализ гена AR (рецептор андрогенов)
dev2,1319,2026 Генетика ДПО. НПД: Случай 1 — адреногенитальный синдром,"Клинический сценарий по программе ДПО «Пренатальная диагностика» (Эвоген, 2026).",Генетика,23,23,132,публичный,2026-06-17,Клиника генетики и репродуктивной медицины. Направлен ребёнок 5 лет с нарушением половой дифференцировки (НПД) для уточнения диагноза и тактики ведения. Кариоти,Лабораторные исследования; Инструментальные исследования,"В. Адреногенитальный синдром; 17-OH-прогестерон (резко повышен при АГС); Тестостерон, ДГЭА-С; Кариотип"
dev2,1318,2026 Генетика ДПО. НФ1: консультирование семьи с АД-заболеванием,НФ1: консультирование семьи с АД-заболеванием,Генетика,23,23,132,публичный,2026-06-17,"Супруги Н., 28 и 30 лет, обратились в кабинет медико-генетического консультирования. Муж страдает нейрофиброматозом 1 типа (НФ1), подтверждённым клинически и мо",Лабораторные исследования; Инструментальные исследования,Нейрофиброматоз 1 типа (НФ1) у отца; риск передачи 50%; Молекулярно-генетический анализ гена NF1 у плода (ДНК из хориоцитов); Консультация офтальмолога с биомикроскопией; Клинический анализ крови
dev2,1315,2026 Генетика ДПО. Пренатальная диагностика и периконцепционная профилактика,"Клинический сценарий по программе ДПО «Пренатальная диагностика» (Эвоген, 2026).",Акушерство и гинекология,5,5,132,публичный,2026-06-16,НИПТ (неинвазивное пренатальное тестирование) — особенности метода:,Вопрос 1 из 3; Вопрос 2 из 3,"Анализирует внеклеточную фетоплацентарную ДНК (вфДНК) в крови матери; Имеет чувствительность >99% для трисомий 21, 18, 13; Не является диагностическим — при положительном результате нужна верификация кариотипом; Биопсия ворсин хориона (БВХ) — 10–13 нед"
dev2,1314,2026 Генетика ДПО. МГК и профилактика наследственной патологии,"Клинический сценарий по программе ДПО «Пренатальная диагностика» (Эвоген, 2026).",Генетика,4,4,132,публичный,2026-06-16,При носительстве АР-болезни обоими родителями риск больного ребёнка составляет:,Вопрос 1 из 2; Вопрос 2 из 2,25%; ПГТ-М в рамках ЭКО с переносом здоровых эмбрионов; Пренатальная ДНК-диагностика (БВХ 10–13 нед); Расширенный преконцепционный скрининг носительства
dev2,1313,2026 Генетика ДПО. Лабораторные методы генетической диагностики,"Клинический сценарий по программе ДПО «Пренатальная диагностика» (Эвоген, 2026).",Генетика,6,6,132,публичный,2026-06-16,Клиническими показаниями для проведения хромосомного анализа являются:,Вопрос 1 из 4; Вопрос 2 из 4,Умственная отсталость; Нарушения развития; Врождённые пороки развития; При нормальном стандартном кариотипе у ребёнка с задержкой развития и дисморфиями
dev2,1312,2026 Генетика ДПО. Нарушения полового развития: дифдиагноз,"Клинический сценарий по программе ДПО «Пренатальная диагностика» (Эвоген, 2026).",Генетика,6,6,132,публичный,2026-06-16,Какой тип наследования характерен для классической формы адреногенитального синдрома (дефицит 21-гидроксилазы)?,Вопрос 1 из 4; Вопрос 2 из 4,"Аутосомно-рецессивный; 17-OH-прогестерон (резко повышен); Мутации гена CYP21A2; Пожизненный приём глюкокортикоидов (гидрокортизон в детстве, преднизолон у взрослых)"
dev2,1311,2026 Генетика ДПО. Мультифакториальные болезни и ВПС плода,"Клинический сценарий по программе ДПО «Пренатальная диагностика» (Эвоген, 2026).",Генетика,4,4,132,публичный,2026-06-16,Какие из заболеваний относятся к мультифакториальным?,Вопрос 1 из 2; Вопрос 2 из 2,"Изолированные врождённые пороки сердца; Дефекты нервной трубки; Расщелина губы и нёба; Риск для родственников I степени выше, чем популяционный"
dev2,1310,2026 Генетика ДПО. Моногенные болезни: аллели и FISH-метод,"Клинический сценарий по программе ДПО «Пренатальная диагностика» (Эвоген, 2026).",Генетика,6,6,132,публичный,2026-06-16,Риск развития заболевания у ребёнка при установленном диагнозе аутосомно-доминантного заболевания у отца составляет:,Вопрос 1 из 4; Вопрос 2 из 4,50%; Две копии; ПЦР с подсчётом CAG-повторов в гене HTT (БВХ или амниоцентез); ПГТ-М (преимплантационное тестирование на моногенные) при ЭКО
dev2,1309,2026 Генетика ДПО. Хромосомные болезни: кариотип и показания,"Клинический сценарий по программе ДПО «Пренатальная диагностика» (Эвоген, 2026).",Генетика,5,5,132,публичный,2026-06-16,Понятие «кариотип» подразумевает набор хромосом:,Вопрос 1 из 3; Вопрос 2 из 3,Диплоидной (соматической) клетки; Умственная отсталость; Нарушения развития; Врождённые пороки развития
dev2,1308,2026 Генетика ДПО. Основы наследственности: геном и АД-риск,"Клинический сценарий по программе ДПО «Пренатальная диагностика» (Эвоген, 2026).",Генетика,5,5,132,публичный,2026-06-16,Риск развития заболевания у ребёнка при установленном диагнозе аутосомно-доминантного заболевания у отца составляет:,Вопрос 1 из 3; Вопрос 2 из 3,Совокупность всего генетического материала в клетке; 50%; Аутосомно-доминантный
dev2,1307,2026 Генетика ДПО. Итоговая аттестация по программе ДПО,"Клинический сценарий по программе ДПО «Пренатальная диагностика» (Эвоген, 2026).",Генетика,8,8,132,публичный,2026-06-16,"Итоговая аттестация по программе ДПО «Пренатальная диагностика в акушерстве и гинекологии» (Эвоген, 2026). Тест охватывает все 4 модуля программы. Проверяются к",Вопрос 1 из 6; Вопрос 2 из 6,"Диплоидной (соматической) клетки; Две копии; Соматической клетки, находящейся на стадии метафазы; Наличие сверхчисленной маркерной хромосомы"
dev2,1306,"2026 Генетика ДПО. Пренатальная диагностика: НИПТ, амниоцентез, тактика","Клинический сценарий по программе ДПО «Пренатальная диагностика» (Эвоген, 2026).",Акушерство и гинекология,23,23,132,публичный,2026-06-16,"Беременная Р., 38 лет, 12 недель. Комбинированный скрининг I триместра: риск трисомии 21 = 1:80, NT=3,2 мм. НИПТ назначен как неинвазивный следующий шаг. Цель: ",Лабораторные исследования; Инструментальные исследования,Высокий риск анеуплоидии плода — показан НИПТ или инвазивная диагностика; НИПТ (внеклеточная ДНК плода из крови матери); Группа крови и резус-фактор; TORCH-серология
dev2,1305,2026 Генетика ДПО. МГК до беременности: семья с повышенным риском НП,"Клинический сценарий по программе ДПО «Пренатальная диагностика» (Эвоген, 2026).",Генетика,23,23,132,публичный,2026-06-16,"Супруги В., 29 и 31 год, планируют первую беременность. У жены сестра страдает спинальной мышечной атрофией (СМА I типа). Обратились на МГК для оценки риска и п",Лабораторные исследования; Инструментальные исследования,"Оба супруга — носители СМА (АР-наследование); риск больного ребёнка 25%; ДНК-анализ SMN1 (MLPA) у обоих родителей; Преконцепционный скрининг на муковисцидоз (CFTR); Общий анализ крови, биохимия — скрининг перед ЭКО"
dev2,1304,2026 Генетика ДПО. Алгоритм выбора метода: от кариотипа к ХМА и FISH,"Клинический сценарий по программе ДПО «Пренатальная диагностика» (Эвоген, 2026).",Генетика,23,23,132,публичный,2026-06-16,"Ребёнок Т., 3 года. Задержка психомоторного развития, умеренная умственная отсталость, дисморфные черты лица. Кариотип: 46,XY — патологии не выявлено. Направлен",Лабораторные исследования; Инструментальные исследования,Микроделеционный/микродупликационный синдром — необходим ХМА (стандартный кариотип не выявляет CNV <5–10 Мб); ХМА (хромосомный микроматричный анализ — SNP-array); WES (полноэкзомное секвенирование) при отрицательном ХМА; Метаболический скрининг мочи
dev2,1303,2026 Генетика ДПО. Нарушения половой дифференцировки: дифдиагноз двух случаев,"Клинический сценарий по программе ДПО «Пренатальная диагностика» (Эвоген, 2026).",Генетика,23,23,,публичный,2026-06-16,Клиника генетики и репродуктивной медицины. Два консультативных случая нарушений половой дифференцировки (НПД). Оба пациента направлены для уточнения диагноза и,Лабораторные исследования; Инструментальные исследования,"В. Адреногенитальный синдром; 17-OH-прогестерон (резко повышен при АГС); Тестостерон, ДГЭА-С; Кариотип"
dev2,1302,2026 Генетика ДПО. Изолированный ВПС плода: исключение хромосомного синдрома,"Клинический сценарий по программе ДПО «Пренатальная диагностика» (Эвоген, 2026).",Генетика,23,23,132,публичный,2026-06-16,"Беременная Д., 26 лет, 20 недель. На плановом УЗИ II триместра выявлен дефект межжелудочковой перегородки плода (ДМЖП) 5 мм. Другие структурные аномалии не опре",Лабораторные исследования; Инструментальные исследования,Изолированный ДМЖП мультифакториального генеза; хромосомный синдром следует исключить; Кариотипирование плода (амниоцентез); ХМА плода (хромосомный микроматричный анализ); Консультация детского кардиохирурга
dev2,1301,2026 Генетика ДПО. Болезнь Гентингтона: риск АД-заболевания у потомства,"Клинический сценарий по программе ДПО «Пренатальная диагностика» (Эвоген, 2026).",Генетика,23,23,132,публичный,2026-06-16,"Мужчина П., 30 лет, с подтверждённым диагнозом болезни Гентингтона (CAG-экспансия 44 повтора в гене HTT). Жена беременна 10 недель. Обратились на МГК: просят оц",Лабораторные исследования; Инструментальные исследования,Болезнь Гентингтона у отца; риск наследования 50% для каждого ребёнка; ДНК-анализ гена HTT у плода (подсчёт CAG-повторов); Контрольная ДНК-диагностика HTT у мужа (подтверждение 44 повторов); Общий анализ крови и биохимия беременной (плановое сопровождение)
dev2,1300,2026 Генетика ДПО. Трисомия 21: тактика при высоком риске по скринингу I триместра,"Клинический сценарий по программе ДПО «Пренатальная диагностика» (Эвоген, 2026).",Генетика,23,23,132,публичный,2026-06-16,"Беременная К., 38 лет, 12 недель. Комбинированный скрининг I триместра: воротниковое пространство плода 4,5 мм (норма <3,0 мм), биохимия: PAPP-A 0,4 МоМ, св.β-Х",Лабораторные исследования; Инструментальные исследования,Высокий риск трисомии 21 у плода по результатам скрининга I триместра; НИПТ (внеклеточная фетальная ДНК) как высокоспецифичный неинвазивный шаг; Кариотипирование плода после инвазивной процедуры (БВХ или амниоцентез); Группа крови и резус-фактор перед инвазивной процедурой
dev2,1299,2026 Генетика ДПО. НФ1: консультирование семьи с АД-заболеванием,"Клинический сценарий по программе ДПО «Пренатальная диагностика» (Эвоген, 2026).",Генетика,1,1,,публичный,2026-06-16,,,
dev2,1298,2026 Генетика. Преконцепционный скрининг носительства: выявление носителей СМА,"Клинический сценарий по медицинской генетике: пренатальная диагностика, хромосомный анализ, ПГТ, NGS. Основан на УМП Эвоген 2026.",Генетика,23,0,131,публичный,2026-06-15,"Молодая пара (женщина 26 лет, мужчина 28 лет) обратилась к генетику перед планированием первой беременности. Хотят пройти полный генетический скрининг носительс",Лабораторные исследования; Инструментальные исследования,"Носительство СМА у женщины. Следующий шаг — обязательное тестирование партнёра на носительство SMN1; Анализ SMN1 у партнёра (MLPA или NGS) — обязательно; Расширенный преконцепционный скрининг у обоих на другие АР-болезни (МВ, СМА, СГА и пр.); Дополнительных инструментальных исследований не требуется"
dev2,1297,2026 Генетика. ПГТ-А при привычном невынашивании в рамках ЭКО,"Клинический сценарий по медицинской генетике: пренатальная диагностика, хромосомный анализ, ПГТ, NGS. Основан на УМП Эвоген 2026.",Генетика,23,0,131,публичный,2026-06-15,"Женщина 38 лет, три неудачных попытки ЭКО: две биохимические беременности и одна замершая на 8 нед. Эмбриологи ранее переносили эмбрионы «хорошего морфологическ",Лабораторные исследования; Инструментальные исследования,Повторные неудачи ЭКО на фоне снижённого резерва и возраста 38 лет. Высокая вероятность анеуплоидий эмбрионов. Показан ПГТ-А; Кариотипирование обоих супругов (исключить структурные перестройки); Расширенное генетическое обследование мужа (AZF-локус при олигозооспермии); ПГТ-А эмбрионов методом NGS на 5–6 день развития (трофэктодерма)
dev2,1296,2026 Генетика. ХМА: копийные варианты у ребёнка с задержкой развития,"Клинический сценарий по медицинской генетике: пренатальная диагностика, хромосомный анализ, ПГТ, NGS. Основан на УМП Эвоген 2026.",Генетика,23,0,131,публичный,2026-06-15,"Мальчик 2 лет направлен к генетику с задержкой психомоторного развития: ходит с 18 мес, не говорит, аутистические черты поведения. Кариотип 46,XY — норма. Педиа",Лабораторные исследования; Инструментальные исследования,"Задержка психомоторного развития с аутистическими чертами. Нормальный кариотип. Показан ХМА (SNP-array) для исключения субмикроскопических CNV; ХМА (SNP-array высокого разрешения) из крови ребёнка; Скрининг наследственных болезней обмена (органические кислоты, аминокислоты); Кровь на ДНК для банкирования (на будущее)"
dev2,1295,2026 Генетика. Кариотип плода: показания при УЗ-маркёрах,"Клинический сценарий по медицинской генетике: пренатальная диагностика, хромосомный анализ, ПГТ, NGS. Основан на УМП Эвоген 2026.",Генетика,23,0,131,публичный,2026-06-15,"Женщина 27 лет, беременность 15 нед. На УЗИ выявлен единственный «мягкий маркёр» — эхогенный фокус в левом желудочке сердца плода. Скрининг I триместра — риск T",Лабораторные исследования; Инструментальные исследования,"Беременность 15 нед. Изолированный мягкий маркёр (эхогенный фокус ЛЖ). При исходном низком риске T21 — наблюдение, экспертное УЗИ в 18–21 нед; НИПТ (уточняющий тест при пограничном риске); Экспертное УЗИ в 18–21 нед: детальная анатомия плода, оценка других маркёров; Беременность 20 нед. Регресс изолированного мягкого маркёра. Низкий риск по НИПТ. Наблюдение в норме."
dev2,1294,2026 Генетика. Основы НИПТ: показания и интерпретация,"Клинический сценарий по медицинской генетике: пренатальная диагностика, хромосомный анализ, ПГТ, NGS. Основан на УМП Эвоген 2026.",Генетика,23,0,131,публичный,2026-06-15,"Женщина 36 лет, беременность 11 нед. Обратилась за консультацией — хочет пройти неинвазивный пренатальный тест (НИПТ). Цель сценария — проверить базовое пониман",Лабораторные исследования; Инструментальные исследования,"Беременность 11 нед. Возраст 36 лет — показание к НИПТ как скрининговому тесту на анеуплоидии; НИПТ — анализ внеклеточной фетальной ДНК из венозной крови матери; Свободный β-ХГЧ + PAPP-A (биохимия I триместра в составе комбинированного скрининга); УЗИ в 11–14 нед: измерение ТВП, носовая косточка, анатомия плода"
dev2,1293,2026 Генетика. NGS-панель при наследственной тромбофилии и привычном невынашивании,"Клинический сценарий по медицинской генетике: пренатальная диагностика, хромосомный анализ, ПГТ, NGS. Основан на УМП Эвоген 2026.",Генетика,23,0,131,публичный,2026-06-15,Женщина 33 лет обратилась с привычным невынашиванием беременности: 3 самопроизвольных выкидыша в I и II триместре. При стандартном обследовании патологии не выя,Лабораторные исследования; Инструментальные исследования,"Привычное невынашивание. Наследственная тромбофилия под вопросом. Показана NGS-панель тромбофилии (FV Leiden, FII 20210G>A, MTHFR и др.); NGS-панель «Наследственная тромбофилия» (FV, FII, MTHFR, PAI-1, PROC, PROS1, ATIII); Гомоцистеин (повторно + витамин B12, фолаты, B6); Активность протеинов C и S, антитромбина III (функциональные тесты)"
dev2,1292,2026 Генетика. ПГТ-М у пары — носителей муковисцидоза,"Клинический сценарий по медицинской генетике: пренатальная диагностика, хромосомный анализ, ПГТ, NGS. Основан на УМП Эвоген 2026.",Генетика,23,0,131,публичный,2026-06-15,"Супружеская пара, 31 и 29 лет, обратились в репродуктивный центр. При преконцепционном скрининге у обоих выявлено носительство мутации c.1521_1523del (F508del) ",Лабораторные исследования; Инструментальные исследования,"Аутосомно-рецессивное носительство CFTR (F508del/норма у каждого). Показано ПГТ-М в рамках ЭКО для исключения больного эмбриона; Молекулярно-генетическое подтверждение мутации CFTR у обоих супругов (перед ПГТ обязательно); Расширенный преконцепционный скрининг: другие рецессивные мутации (SMA, СМА, фенилкетонурия и пр.); Спермограмма с морфологией (мужчины-носители CFTR могут иметь обструктивную азооспермию)"
dev2,1291,2026 Генетика. ХМА при множественных пороках развития у новорождённого,"Клинический сценарий по медицинской генетике: пренатальная диагностика, хромосомный анализ, ПГТ, NGS. Основан на УМП Эвоген 2026.",Генетика,23,0,131,публичный,2026-06-15,"Новорождённый мальчик, 3 суток жизни. Рождён от первой беременности, роды в 39 нед. Выявлены: задержка роста (масса 2350 г, рост 47 см), мышечная гипотония, дис",Лабораторные исследования; Инструментальные исследования,"Хромосомный микроделеционный синдром, требуется ХМА для уточнения; Хромосомный микроматричный анализ (ХМА/SNP-array) — выявление CNV по всему геному; Флюоресцентная гибридизация in situ (FISH) для синдрома DiGeorge (del 22q11.2); Общий анализ крови, биохимия (скрининг метаболических нарушений)"
dev2,1290,2026 Генетика. Кариотипирование при выявлении аномалии плода,"Клинический сценарий по медицинской генетике: пренатальная диагностика, хромосомный анализ, ПГТ, NGS. Основан на УМП Эвоген 2026.",Генетика,23,0,131,публичный,2026-06-15,"Женщина 29 лет, беременность 17 нед, направлена на медико-генетическую консультацию после УЗИ в 16 нед: выявлены «мягкие маркёры» хромосомной патологии. Цель — ",Лабораторные исследования; Инструментальные исследования,Беременность 17 нед. Наличие ≥2 «мягких маркёров» хромосомной патологии. Показан амниоцентез с кариотипированием; Амниоцентез с последующим стандартным кариотипированием плода (GTG-бэндинг); ХМА (хромосомный микроматричный анализ) на материале амниоцитов; Экспертное УЗИ (18–21 нед) — детальная анатомия плода
dev2,1289,2026 Генетика. НИПТ при скрининге первого триместра,"Клинический сценарий по медицинской генетике: пренатальная диагностика, хромосомный анализ, ПГТ, NGS. Основан на УМП Эвоген 2026.",Генетика,23,0,131,публичный,2026-06-15,"Женщина 35 лет, первобеременная, обратилась на консультацию после получения результатов комбинированного скрининга I триместра (10 нед 4 дня). Цель сценария — о",Лабораторные исследования; Инструментальные исследования,"Беременность 10–11 нед. Требуется НИПТ как уточняющий метод при пограничном риске по комбинированному скринингу; НИПТ (неинвазивное пренатальное тестирование) на трисомии 21, 18, 13; Свободный β-ХГЧ и PAPP-A (биохимия I триместра); Группа крови и резус-фактор, непрямой тест Кумбса"
dev2,1288,2026 Гепатология 312. Диспансеризация после лечения вирусных гепатитов B и C,"Клинический сценарий по вирусному гепатиту (диагностика, лечение, диспансеризация).",Гепатиты,23,23,130,публичный,2026-06-15,Два клинических случая — разбор тактики диспансерного наблюдения после успешного лечения: (1) пациент после достижения УВО12 при ХВГС с фиброзом F3; (2) пациент,Лабораторные исследования; Инструментальные исследования,Случай А: контроль УВО12 — наиболее ожидаемый следующий шаг; РНК ВГС (ПЦР) через 12 нед после конца лечения (УВО12) — случай А; HBV DNA и АЛТ — случай B (мониторинг на ЭТВ); АФП — скрининг ГЦК (оба случая с фиброзом F3 / на терапии ВГВ)
dev2,1287,2026 Гепатология 311. Выбор противовирусной терапии гепатита B первой линии,"Клинический сценарий по вирусному гепатиту (диагностика, лечение, диспансеризация).",Гепатиты,23,23,130,публичный,2026-06-15,"Женщина 44 лет с ХВГВ, HBeAg-отрицательная, иммуноактивная фаза, HBV DNA 58 000 МЕ/мл, АЛТ 2,5× N, F2 по эластографии. Функция почек и МПКТ в норме. Цель — выбр",Лабораторные исследования; Инструментальные исследования,"ХВГВ, HBeAg-отрицательный, иммуноактивная фаза — показана ПВТ; HBV DNA, HBeAg/anti-HBe — уточнение фазы; СКФ, фосфор, кальций — перед назначением ТДФ/ТАФ; АЛТ, АСТ, билирубин, МНО, альбумин"
dev2,1286,2026 Гепатология 310. Серологические маркёры гепатита B: интерпретация результатов,"Клинический сценарий по вирусному гепатиту (диагностика, лечение, диспансеризация).",Гепатиты,23,23,130,публичный,2026-06-15,"Мужчина 35 лет, при профилактическом обследовании получен ряд серологических маркёров ВГВ. Цель ремедиационного сценария — научиться правильно интерпретировать ",Лабораторные исследования; Инструментальные исследования,"Хроническая ВГВ-инфекция (HBsAg >6 мес); HBeAg и anti-HBe — определение фазы инфекции; HBV DNA (количественно) — активность репликации; АЛТ, АСТ — активность воспаления"
dev2,1285,2026 Гепатология 309. Лечение хронического гепатита C: выбор схемы ПППД,"Клинический сценарий по вирусному гепатиту (диагностика, лечение, диспансеризация).",Гепатиты,23,23,130,публичный,2026-06-15,"Мужчина 41 год, ХВГС генотип 1а подтверждён, фиброз F1 по эластографии, без цирроза, без коинфекций. Функция почек нормальная. Направлен гепатологом для назначе",Лабораторные исследования; Инструментальные исследования,"ХВГС, генотип 1а, фиброз F1, показано лечение ПППД; Функция печени: АЛТ, АСТ, билирубин, альбумин, МНО; HBsAg (исключить ВГВ перед назначением ПППД); Функция почек (СКФ) для выбора схемы"
dev2,1284,2026 Гепатология 308. Серологическая диагностика гепатита C: базовый сценарий,"Клинический сценарий по вирусному гепатиту (диагностика, лечение, диспансеризация).",Гепатиты,23,23,130,публичный,2026-06-15,Женщина 32 лет обратилась на плановый медосмотр. В крови обнаружены anti-HCV. Жалоб нет. Цель — разобрать алгоритм серологической диагностики ХВГС: какие маркёр,Лабораторные исследования; Инструментальные исследования,"Подозрение на ХВГС (anti-HCV положительные, необходима РНК ВГС); РНК ВГС (ПЦР, количественно) — обязательный следующий шаг; Генотип ВГС — только при подтверждённой РНК; АЛТ, АСТ — оценка активности воспаления"
dev2,1283,2026 Гепатология 307. Цирроз и гепатоцеллюлярная карцинома: скрининг и тактика,"Клинический сценарий по вирусному гепатиту (диагностика, лечение, диспансеризация).",Прочее,23,23,130,публичный,2026-06-15,"Мужчина 59 лет с подтверждённым циррозом печени в исходе ХВГВ (HBsAg+, HBV DNA подавлена на ЭТВ) наблюдается в гепатологическом центре. При очередном УЗИ-скрини",Лабораторные исследования; Инструментальные исследования,"Гепатоцеллюлярная карцинома (ГЦК) на фоне цирроза ВГВ; АФП (альфа-фетопротеин) — количественно; АЛТ, АСТ, ЩФ, ГГТП, билирубин, альбумин, МНО; HBV DNA (контроль вирусологического ответа на ЭТВ)"
dev2,1282,2026 Гепатология 306. Хронический вирусный гепатит B при хронической болезни почек,"Клинический сценарий по вирусному гепатиту (диагностика, лечение, диспансеризация).",Гепатиты,23,23,130,публичный,2026-06-15,"Мужчина 65 лет с хронической болезнью почек С3б (СКФ 32 мл/мин/1,73 м²) наблюдается у нефролога. При плановом обследовании выявлены HBsAg и повышение АЛТ. Цель ",Лабораторные исследования; Инструментальные исследования,"ХВГВ, HBeAg-отрицательный, иммуноактивная фаза, ХБП С3б; HBeAg, anti-HBe, HBV DNA (количественно); Биохимия печени: АЛТ, АСТ, билирубин, альбумин, МНО; Функция почек: СКФ, креатинин, мочевина, фосфор, кальций"
dev2,1281,2026 Гепатология 305. Хронический вирусный гепатит B: иммуноактивная фаза HBeAg-положительная,"Клинический сценарий по вирусному гепатиту (диагностика, лечение, диспансеризация).",Гепатиты,23,23,130,публичный,2026-06-15,Мужчина 28 лет обратился к гастроэнтерологу с жалобами на слабость и дискомфорт в правом подреберье. При обследовании выявлен HBsAg. Цель — определить фазу хрон,Лабораторные исследования; Инструментальные исследования,"Хронический вирусный гепатит B, иммуноактивная фаза (HBeAg+); HBeAg и anti-HBe; HBV DNA (количественно); АЛТ, АСТ, ГГТ, ЩФ, билирубин, альбумин, МНО"
dev2,1280,2026 Гепатология 304. Хронический вирусный гепатит C с декомпенсированным циррозом,"Клинический сценарий по вирусному гепатиту (диагностика, лечение, диспансеризация).",Гепатиты,23,23,130,публичный,2026-06-15,"Мужчина 52 лет поступает в гастроэнтерологическое отделение с нарастающим асцитом. В анамнезе ХВГС, известный 8 лет. Ранее за лечением не обращался. Цель — оцен",Лабораторные исследования; Инструментальные исследования,"Цирроз печени Child-Pugh C в исходе ХВГС с декомпенсацией (асцит, желтуха, ПЭ); РНК ВГС (количественно), генотип; Билирубин общий и прямой, МНО, альбумин, креатинин; Расчёт MELD-Na и Child-Pugh"
dev2,1279,2026 Гепатология 303. Хронический вирусный гепатит C с ВИЧ-коинфекцией,"Клинический сценарий по вирусному гепатиту (диагностика, лечение, диспансеризация).",Гепатиты,23,0,130,публичный,2026-06-15,"Женщина 38 лет направлена к инфекционисту из центра СПИД. Наблюдается по поводу ВИЧ-инфекции (стадия 3, CD4 410 кл/мкл, вирусная нагрузка ВИЧ неопределяема на А",Лабораторные исследования; Инструментальные исследования,"Хронический вирусный гепатит C в сочетании с ВИЧ-инфекцией; РНК ВГС (количественно) и генотип вируса; АЛТ, АСТ, ГГТП, ЩФ, билирубин, альбумин, МНО; CD4-лимфоциты и вирусная нагрузка ВИЧ (актуальные)"
dev2,1277,2026 Гепатология 302. Хронический вирусный гепатит B,"Клинический сценарий по вирусному гепатиту (диагностика, лечение, диспансеризация).",Гепатиты,23,23,129,публичный,2026-06-15,Мужчина 40 лет обратился к инфекционисту в связи с выявленным более 6 месяцев назад HBsAg и повышением АЛТ при диспансеризации. Цель сценария — установить фазу ,Лабораторные исследования; Инструментальные исследования,"Хронический вирусный гепатит B; HBsAg, HBeAg, anti-HBe, anti-HBc (фаза инфекции); ДНК ВГB (HBV DNA, ПЦР количественно); АЛТ, АСТ, билирубин, альбумин, ПТИ; anti-HDV и anti-HCV (коинфекции)"
dev2,1276,2026 Гепатология 301. Хронический вирусный гепатит C,"Клинический сценарий по вирусному гепатиту (диагностика, лечение, диспансеризация).",Гепатиты,22,0,129,публичный,2026-06-15,"Мужчина 45 лет направлен к инфекционисту после того, как при плановом обследовании перед плановой операцией были выявлены антитела к вирусу гепатита C. Цель сце",Лабораторные исследования; Инструментальные исследования,"Хронический вирусный гепатит C; Антитела к ВГС (anti-HCV IgG) с подтверждением; РНК ВГС (ПЦР, количественно) и генотипирование вируса; Биохимия: АЛТ, АСТ, билирубин, ЩФ, альбумин, креатинин"
dev2,1275,2026 Задание 70 Copy,2026 Липиды 8,Кардио-задания 2026,27,27,127,"копия, публичный",2026-06-11,Пациент Мужчина 48 лет обратился на амбулаторный приём к кардиологу по поводу профилактического осмотра.,Выберите необходимые лабораторные исследования; Выберите необходимые инструментальные исследования,"Атерогенная дислипидемия с низким ХС ЛВП и умеренно повышенными ТГ.; Липидный профиль (ОХС, ХС ЛНП, ХС ЛВП, ТГ, ХС неЛВП).; Глюкоза натощак, гликированный гемоглобин (HbA1c).; Креатинин, АЛТ, АСТ."
dev2,1274,2026 Задание 69 Copy,2026 Липиды 7,Кардио-задания 2026,27,27,127,"копия, публичный",2026-06-11,"Пациент Мужчина 38 лет, вегетарианец последние 6 лет, обратился к терапевту на профилактический осмотр. Активных жалоб не предъявляет.",Выберите необходимые лабораторные исследования; Выберите необходимые инструментальные исследования,Гипертриглицеридемия.; Липидный профиль.; Глюкоза крови и гликированный гемоглобин (HbA1c).; Тиреотропный гормон (ТТГ).
dev2,1273,2026 Задание 68 Copy,2026 Липиды 6,Кардио-задания 2026,27,27,127,"копия, публичный",2026-06-11,"Пациент Мужчина 25 лет, профессионально занимается бегом (лёгкая атлетика), обратился к врачу после планового медосмотра по месту работы. При скрининге обнаруже",Выберите необходимые лабораторные исследования; Выберите необходимые инструментальные исследования,"Семейная гиперхолестеринемия.; Полигенная гиперхолестеринемия.; Липидный профиль (общий холестерин, ХС ЛНП, ХС ЛВП, триглицериды).; Глюкоза крови."
dev2,1272,2026 Задание 67 Copy,2026 ХСН 6,Кардио-задания 2026,27,27,127,"копия, публичный",2026-06-11,"Пациент Пациент, мужчина 65 лет, с диагнозом хронической сердечной недостаточности со сниженной фракцией выброса (ХСНнФВ) обратился на амбулаторный приём к кард",Выберите необходимые лабораторные исследования; Выберите необходимые инструментальные исследования,"Хроническая сердечная недостаточность с желудочковыми нарушениями ритма.; Общий анализ крови, биохимический анализ крови (креатинин, калий, натрий).; Определение уровня натрийуретических пептидов (NT-proBNP).; ЭКГ в 12 отведениях."
dev2,1271,2026 Задание 66 Copy,2026 ХСН 5,Кардио-задания 2026,27,27,127,"копия, публичный",2026-06-11,"Пациент Пациент: Мужчина, 68 лет. Плановый амбулаторный прием у врача-кардиолога в поликлинике для диспансерного наблюдения и коррекции терапии по поводу ХСН.",Назначение лабораторных исследований; Назначение инструментальных исследований,"Гипертоническая болезнь I стадии. Артериальная гипертензия 1 степени. Риск 2 (умеренный).; Исследование уровня NT-proBNP в крови.; Общий и биохимический анализ крови (креатинин с рСКФ, калий, натрий).; Липидограмма, гликированный гемоглобин."
dev2,1270,2026 Задание 65 Copy,2026 ХСН 4,Кардио-задания 2026,27,27,127,"копия, публичный",2026-06-11,"Пациент Пациент: Мужчина, 65 лет. Плановый амбулаторный прием у врача-кардиолога для оценки состояния и коррекции терапии по поводу ХСН.",Назначение лабораторных исследований; Выберите необходимые инструментальные исследования на первичном этапе,"ИБС: Постинфарктный кардиосклероз. Хроническая сердечная недостаточность со сниженной фракцией выброса (ХСНнФВ), стадия 1, ФК II.; Исследование уровня NT-proBNP в крови.; Общий и биохимический анализ крови (креатинин с рСКФ, калий, натрий).; Липидограмма, гликированный гемоглобин."
dev2,1269,2026 Задание 64 Copy,2026 ХСН 3,Кардио-задания 2026,27,27,127,"копия, публичный",2026-06-11,"Пациент Пациент: Мужчина, 80 лет. Госпитализирован бригадой скорой медицинской помощи из-за внезапного начала учащенных сердцебиений, сопровождавшихся одышкой.",Назначение лабораторных исследований; Назначение инструментальных исследований,"Фибрилляция предсердий с высокой частотой желудочковых сокращений, осложненная острой декомпенсацией сердечной недостаточности (отек легких).; Исследование уровня натрийуретического пептида (BNP или NT-proBNP).; Исследование уровня тропонина I или T в крови.; Анализ крови биохимический (креатинин с рСКФ, калий, натрий)."
dev2,1268,2026 Задание 63 Copy,2026 ХСН 2,Кардио-задания 2026,27,27,127,"копия, публичный",2026-06-11,"Пациент Пациент: Мужчина, 60 лет. Доставлен бригадой скорой медицинской помощи (СМП) в приемное отделение кардиологического стационара.",Назначение лабораторных исследований; Назначение инструментальных исследований,"Острая декомпенсация хронической сердечной недостаточности на фоне тахисистолической формы фибрилляции предсердий.; Исследование уровня натрийуретического пептида (BNP или NT-proBNP).; Общий и биохимический анализы крови (креатинин с рСКФ, калий, натрий, печеночные ферменты, глюкоза).; Исследование уровня тропонина I или T."
dev2,1267,2026 Задание 62 Copy,2026 ХСН 1,Кардио-задания 2026,27,27,127,"копия, публичный",2026-06-11,"Пациент Пациент: Женщина, 70 лет. Доставлена бригадой скорой медицинской помощи (СМП) в приемное отделение кардиологического стационара с жалобами на одышку и с",Назначение лабораторных исследований; Назначение инструментальных исследований,"Острая декомпенсация хронической сердечной недостаточности, спровоцированная пароксизмом фибрилляции предсердий с высокой частотой желудочковых сокращений.; Исследование уровня натрийуретического пептида (BNP или NT-proBNP) в крови.; Анализ крови биохимический (креатинин с рСКФ, калий, натрий) и общий анализ крови.; Исследование уровня тропонина I или T в крови."
dev2,1266,2026 Задание 61 Copy,2026 ФП 8,Кардио-задания 2026,21,21,127,"копия, публичный",2026-06-11,"Пациент Мужчина, 50 лет, доставлен бригадой скорой помощи в приёмное отделение с жалобами на нерегулярное учащённое сердцебиение.",Выберите необходимые инструментальные исследования; Диспансеризация и дальнейшее ведение,Пароксизм фибрилляции предсердий на фоне синдрома WPW.; ЭКГ в 12 отведениях.; Трансторакальная эхокардиография (ЭхоКГ).; Пароксизмальная фибрилляция предсердий на фоне манифестирующего синдрома Вольфа-Паркинсона-Уайта. Гемодинамическая нестабильность.
dev2,1265,2026 Задание 60 Copy,2026 ФП 7,Кардио-задания 2026,27,27,127,"копия, публичный",2026-06-11,"Пациент Мужчина 38 лет, профессиональный велогонщик, обратился на амбулаторный приём к врачу-кардиологу.",Выберите необходимые лабораторные исследования; Выберите необходимые инструментальные исследования,"Пароксизмальная фибрилляция предсердий.; Общий (клинический) анализ крови.; Биохимический анализ крови (креатинин, АЛТ, АСТ, калий, натрий).; Анализ крови на гормоны щитовидной железы (ТТГ, св. Т4)."
dev2,1264,2026 Задание 59 Copy,2026 ФП 6,Кардио-задания 2026,27,27,127,"копия, публичный",2026-06-11,Пациент Пациент 68 лет на амбулаторном приёме у врача-терапевта.,Выберите необходимые лабораторные исследования; Выберите необходимые инструментальные исследования,"Фибрилляция предсердий, пароксизмальная форма.; Гипертоническая болезнь.; Ишемическая болезнь сердца (под вопросом).; Общий (клинический) анализ крови."
dev2,1263,2026 Задание 58 Copy,2026 ФП 5,Кардио-задания 2026,27,27,127,"копия, публичный",2026-06-11,"Пациент Пациентка, женщина, 48 лет, обратилась на амбулаторный прием к врачу-кардиологу.",Выберите необходимые лабораторные исследования; Выберите необходимые инструментальные исследования,"Пароксизмальная фибрилляция предсердий.; Тиреотоксикоз.; Общий анализ крови, биохимический анализ крови (креатинин, АЛТ, АСТ, калий, натрий).; Исследование уровня ТТГ и свободного Т4."
dev2,1262,2026 Задание 57 Copy,2026 ФП 4,Кардио-задания 2026,27,27,127,"копия, публичный",2026-06-11,"Пациент Мужчина, 78 лет. Амбулаторный прием у врача-кардиолога.",Выберите необходимые лабораторные исследования; Выберите необходимые инструментальные исследования,"Фибрилляция предсердий, персистирующая форма. Тахисистолический вариант.; Хроническая сердечная недостаточность 2А стадии, II ФК.; Общий анализ крови (гемоглобин, эритроциты, тромбоциты).; Биохимический анализ крови: креатинин (с расчетом СКФ по формуле Кокрофта-Голта), АЛТ, АСТ, калий, глюкоза."
dev2,1261,2026 Задание 56 Copy,2026 ФП 3,Кардио-задания 2026,27,27,127,"копия, публичный",2026-06-11,"Пациент Мужчина, 32 года. Амбулаторный прием у врача-кардиолога.",Выберите необходимые лабораторные исследования; Выберите необходимые инструментальные исследования,"Пароксизмальная фибрилляция предсердий.; Общий (клинический) анализ крови.; Биохимический анализ крови (креатинин, калий, натрий, АЛТ, АСТ, глюкоза).; Исследование уровня ТТГ и Т4 свободного в крови."
dev2,1260,2026 Задание 55 Copy,2026 ФП 2,Кардио-задания 2026,27,27,127,"копия, публичный",2026-06-11,"Пациент Пациент, мужчина, 78 лет, на амбулаторном приеме у кардиолога.",Выберите необходимые лабораторные исследования; Выберите необходимые инструментальные исследования,"Постоянная форма фибрилляции предсердий (ФП).; Общий анализ крови (с определением уровня гемоглобина и тромбоцитов).; Биохимический анализ крови (креатинин с расчетом КК, АСТ, АЛТ, билирубин).; Международное нормализованное отношение (МНО)."
dev2,1259,2026 Задание 54 Copy,2026 ФП 1,Кардио-задания 2026,27,27,127,"копия, публичный",2026-06-11,"Пациент Пациентка, 67 лет, обратилась на амбулаторный приём к врачу-кардиологу.",Выберите необходимые лабораторные исследования; Выберите необходимые инструментальные исследования,"Пароксизмальная фибрилляция предсердий.; Развернутый клинический анализ крови.; Биохимический анализ крови (креатинин, АЛТ, АСТ, билирубин, калий).; Коагулограмма (МНО)."
dev2,1258,2026 Задание 53 Copy,2026 НЖТ 5,Кардио-задания 2026,29,29,127,"копия, публичный",2026-06-11,"Пациент Пациент, мужчина 68 лет, обратился на плановый амбулаторный приём к врачу-кардиологу.",Выберите необходимые лабораторные исследования; Выберите необходимые инструментальные исследования на первичном этапе,"Трепетание предсердий.; Общий (клинический) анализ крови.; Биохимический анализ крови (креатинин, калий, натрий, глюкоза).; Исследование уровня тиреотропного гормона (ТТГ)."
dev2,1257,2026 Задание 52 Copy,2026 НЖТ 4,Кардио-задания 2026,27,27,127,"копия, публичный",2026-06-11,"Пациент Мужчина, 68 лет, доставлен бригадой скорой медицинской помощи в приёмное отделение с жалобами на внезапно возникшее учащённое сердцебиение.",Выберите необходимые лабораторные исследования; Выберите необходимые инструментальные исследования,"Трепетание предсердий.; АВ-узловая реципрокная тахикардия (АВУРТ).; Общий (клинический) анализ крови.; Биохимический анализ крови (креатинин, калий, натрий)."
dev2,1256,2026 Задание 51 Copy,2026 НЖТ 3,Кардио-задания 2026,20,20,127,"копия, публичный",2026-06-11,"Пациент Пациентка, женщина, 35 лет, доставлена в приемное отделение бригадой скорой медицинской помощи с жалобами на внезапное учащенное сердцебиение.",Выберите необходимые инструментальные исследования; Определите правильную последовательность действий для купирования приступа:,"Пароксизмальная АВ-узловая реципрокная тахикардия (АВУРТ).; Регистрация ЭКГ в 12 отведениях.; Пароксизмальная атриовентрикулярная узловая реципрокная тахикардия.; Вагусные приемы, при неэффективности — в/в введение трифосаденина (АТФ)."
dev2,1255,2026 Задание 50 Copy,2026 НЖТ 2,Кардио-задания 2026,27,27,127,"копия, публичный",2026-06-11,"Пациент Пациент: женщина, 32 года, на амбулаторном приёме у врача-терапевта.",Выберите необходимые лабораторные исследования; Выберите необходимые инструментальные исследования,"Пароксизмальная наджелудочковая тахикардия.; Общий (клинический) анализ крови.; Биохимический анализ крови (креатинин, калий, натрий, глюкоза).; Анализ крови на тиреотропный гормон (ТТГ)."
dev2,1254,2026 Задание 49 Copy,2026 НЖТ 1,Кардио-задания 2026,27,27,127,"копия, публичный",2026-06-11,"Пациент Пациент, мужчина 35 лет, доставлен бригадой скорой медицинской помощи в приёмное отделение с жалобами на внезапно возникшее сильное сердцебиение и голов",Выберите необходимые лабораторные исследования; Выберите необходимые инструментальные исследования,"Фибрилляция предсердий с антеградным проведением по дополнительному проводящему пути (синдром Вольфа-Паркинсона-Уайта).; Общий (клинический) анализ крови.; Исследование уровня креатинина, натрия, калия, глюкозы.; Исследование уровня тиреотропного гормона (ТТГ)."
dev2,1253,2026 Задание 47 Copy,2026 ИМпST 7,Кардио-задания 2026,25,25,127,"копия, публичный",2026-06-11,"Пациент Мужчина, 65 лет.",Выберите необходимые лабораторные исследования; Выберите необходимые инструментальные исследования,"ОКСпST нижне-задний, с возможным вовлечением ПЖ.; Тропонин I/T (экспресс).; Общий анализ крови.; Биохимия (мочевина, креатинин, АСТ, АЛТ, билирубин)."
dev2,1252,2026 Задание 46 Copy,2026 ИМпST 6,Кардио-задания 2026,25,25,127,"копия, публичный",2026-06-11,"Пациент Мужчина, 62 года.",Выберите необходимые лабораторные исследования; Выберите необходимые инструментальные исследования,"ОКСпST.; Тропонин I/T (экспресс).; Общий анализ крови.; Биохимия (мочевина, креатинин, глюкоза, АСТ, АЛТ, билирубин, липидный профиль)."
dev2,1251,2026 Задание 45 Copy,2026 ИМпST 5,Кардио-задания 2026,25,25,127,"копия, публичный",2026-06-11,"Пациент Мужчина, 65 лет.",Выберите необходимые лабораторные исследования; Выберите необходимые инструментальные исследования,"ОКСпST.; Тропонин I/T.; ОАК.; Биохимия (креатинин с рСКФ, глюкоза, калий)."
dev2,1250,2026 Задание 44 Copy,2026 ИМпST 4,Кардио-задания 2026,25,25,127,"копия, публичный",2026-06-11,"Пациент Мужчина, 67 лет.",Выберите необходимые лабораторные исследования; Выберите необходимые инструментальные исследования на первичном этапе,"ОКСпST.; Тропонин I/T.; ОАК.; Биохимия (креатинин с рСКФ, глюкоза, калий)."
dev2,1249,2026 Задание 43 Copy,2026 ИМпST 3,Кардио-задания 2026,25,25,127,"копия, публичный",2026-06-11,"Пациент Мужчина, 55 лет.",Выберите необходимые лабораторные исследования; Выберите необходимые инструментальные исследования на первичном этапе,"ОКСпST.; Тропонин I/T.; Общий анализ крови.; Биохимия (креатинин, глюкоза, калий, липидный профиль)."
dev2,1248,2026 Задание 42 Copy,2026 ИМпST 2,Кардио-задания 2026,25,25,127,"копия, публичный",2026-06-11,"Пациент Женщина, 72 года.",Выберите необходимые лабораторные исследования; Выберите необходимые инструментальные исследования,"ОКСпST.; Тропонин I/T.; Биохимия (креатинин с рСКФ, глюкоза, калий).; Общий анализ крови."
dev2,1247,2026 Задание 41 Copy,2026 ИМпST 1,Кардио-задания 2026,27,27,127,"копия, публичный",2026-06-11,"Пациент Мужчина, 68 лет.",Выберите необходимые лабораторные исследования; Выберите необходимые инструментальные исследования,ОКСпST.; Тропонин I/T.; Общий анализ крови.; Креатинин с рСКФ.
dev2,1246,2026 Задание 40 Copy,2026 ИМБОКА 7,Кардио-задания 2026,27,27,127,"копия, публичный",2026-06-11,"Пациент Мужчина, 58 лет. Госпитализирован с жалобами на длительную боль в грудной клетке.",Выберите необходимые лабораторные исследования; Выберите необходимые инструментальные исследования,ИМ без подъема ST.; Тропонин T или I (вч) в динамике (алгоритм 0/1 или 0/2 или 0/3 часа).; Общий клинический анализ крови.; 12-канальная ЭКГ.
dev2,1245,2026 Задание 39 Copy,2026 ОКСбпST 6,Кардио-задания 2026,27,27,127,"копия, публичный",2026-06-11,"Пациент Мужчина, 62 года. Доставлен бригадой скорой помощи с жалобами на интенсивную давящую боль за грудиной, иррадиирующую в левую руку, возникшую 2 часа наза",Выберите необходимые лабораторные исследования; Выберите необходимые инструментальные исследования,"ОКСбпST, тип 1.; Тропонин I/T (вч) с повторным определением через 1–3 часа.; Общий (клинический) анализ крови.; Биохимический анализ крови (креатинин с СКФ, электролиты, глюкоза, липидный профиль, печеночные ферменты)."
dev2,1244,2026 Задание 38 Copy,2026 ОКСбпST 5,Кардио-задания 2026,25,25,127,"копия, публичный",2026-06-11,"Пациент Мужчина, 62 года.",Выберите необходимые лабораторные исследования; Выберите необходимые инструментальные исследования,"Острый коронарный синдром без подъема сегмента ST (ОКСбпST).; Тропонин I или T (вч) в динамике.; Общий (клинический) анализ крови.; Биохимический анализ крови (креатинин с рСКФ, глюкоза, калий, липидный профиль)."
dev2,1243,2026 Задание 37 Copy,2026 ОКСбпST 4,Кардио-задания 2026,25,25,127,"копия, публичный",2026-06-11,"Пациент Женщина, 70 лет.",Выберите необходимые лабораторные исследования; Выберите необходимые инструментальные исследования,"Острый коронарный синдром без подъема сегмента ST (ОКСбпST).; Тропонин I или T (вч) в динамике (0–1 час или 0–2 часа).; ОАК и биохимический анализ крови (креатинин с рСКФ, глюкоза, калий, липидный профиль).; Коагулограмма (АЧТВ, МНО)."
dev2,1242,2026 Задание 36 Copy,2026 ОКСбпST 3,Кардио-задания 2026,25,25,127,"копия, публичный",2026-06-11,"Пациент Мужчина, 69 лет.",Выберите необходимые лабораторные исследования; Выберите необходимые инструментальные исследования,"Острый коронарный синдром без подъема сегмента ST (ОКСбпST).; Тропонин I или T (вч) в динамике (0–1 час).; Общий (клинический) анализ крови.; Биохимический анализ крови (креатинин с рСКФ, глюкоза, калий, липидный профиль)."
dev2,1241,2026 Задание 35 Copy,2026 ОКСбпST 2,Кардио-задания 2026,25,25,127,"копия, публичный",2026-06-11,"Пациент Женщина, 66 лет.",Выберите необходимые лабораторные исследования; Выберите необходимые инструментальные исследования,Острый коронарный синдром без подъема сегмента ST (ОКСбпST).; Тропонин I или T (вч) в динамике (0–1 час или 0–2 часа).; ОАК и биохимический анализ крови.; Натрийуретический пептид (BNP или NT-proBNP).
dev2,1240,2026 Задание 34 Copy,2026 ОКСбпST 1,Кардио-задания 2026,25,25,127,"копия, публичный",2026-06-11,"Пациент Женщина, 68 лет.",Выберите необходимые лабораторные исследования; Выберите необходимые инструментальные исследования,"Острый коронарный синдром без подъема сегмента ST (ОКСбпST).; Тропонин I или T (высокочувствительный) в динамике.; Общий (клинический) анализ крови.; Биохимический анализ крови (креатинин с рСКФ, глюкоза, калий, липидный профиль)."
dev2,1239,2026 Задание 33 Copy,2026 ИБС 5,Кардио-задания 2026,27,27,127,"копия, публичный",2026-06-11,"Пациент Мужчина, 62 года, на амбулаторном приёме у врача-кардиолога.",Выберите необходимые лабораторные исследования; Выберите необходимые инструментальные исследования,"Стабильная стенокардия напряжения.; Общий (клинический) анализ крови.; Анализ крови по оценке нарушений липидного обмена (ОХС, ХС-ЛПНП, ХС-ЛПВП, ТГ).; Исследование уровня креатинина в крови с расчётом СКФ."
dev2,1238,2026 Задание 32 Copy,2026 ИБС 4,Кардио-задания 2026,27,27,127,"копия, публичный",2026-06-11,Пациент Мужчина 58 лет обратился в поликлинику к врачу-кардиологу.,Выберите необходимые лабораторные исследования; Выберите необходимые инструментальные исследования,"Стабильная стенокардия напряжения, ФК II–III.; Общий анализ крови (Hb, лейкоциты, тромбоциты).; Глюкоза натощак, HbA1c.; Липидный профиль (ОХС, ХсЛНП, ТГ, ХсЛВП)."
dev2,1237,2026 Задание  31 Copy,2026 ИБС 3,Кардио-задания 2026,27,27,127,"копия, публичный",2026-06-11,"Пациент Мужчина, 65 лет, с анамнезом ишемической болезни сердца (ИБС), перенёс аортокоронарное шунтирование (АКШ) 3 года назад. Амбулаторный прием у кардиолога.",Выберите необходимые лабораторные исследования; Выберите необходимые инструментальные исследования,"Стабильная ишемическая болезнь сердца (ИБС), после аортокоронарного шунтирования, стенокардия напряжения II ФК.; Общий анализ крови.; Липидный профиль.; Гликированный гемоглобин."
dev2,1236,2026 Задание 30 Copy,2026 ИБС 2,Кардио-задания 2026,27,27,127,"копия, публичный",2026-06-11,Пациент Мужчина 58 лет обратился в поликлинику к врачу-кардиологу с жалобами на боли за грудиной при ходьбе по лестнице и на холоде; цель: провести обследование,Выберите необходимые лабораторные исследования; Выберите необходимые инструментальные исследования,"Стенокардия напряжения стабильная, ФК II; Общий (клинический) анализ крови развернутый (Hb, эритроциты, лейкоциты); Липидный профиль: ОХС, ХсЛНП, ХсЛВП, ТГ; расчет не-ЛВП; Глюкоза натощак, HbA1c; при неубедительных — ПГТТ"
dev2,1235,2026 Задание 29 Copy,2026 ИБС 1,Кардио-задания 2026,27,27,127,"копия, публичный",2026-06-11,"Пациент Описание случая: Пациент, мужчина 55 лет, обратился в поликлинику к врачу-терапевту с жалобами на боли в грудной клетке.",Выберите необходимые лабораторные исследования; Выберите необходимые инструментальные исследования,"Стабильная стенокардия напряжения, III функциональный класс.; Общий (клинический) анализ крови развернутый.; Биохимический анализ крови (включая липидный спектр, креатинин, глюкозу).; Исследование уровня тиреотропного гормона (ТТГ) в крови."
dev2,1234,2026 Задание 28 Copy,2026 ЖА 7,Кардио-задания 2026,27,27,127,"копия, публичный",2026-06-11,"Пациент Пациент: Мужчина, 32 года, программист. Направлен терапевтом на консультацию к кардиологу после эпизода потери сознания на улице.",Выберите необходимые исследования; Выберите необходимые инструментальные исследования на первичном этапе,"Гипертрофическая кардиомиопатия (ГКМП).; ЭКГ, Эхокардиография, суточное мониторирование ЭКГ по Холтеру, МРТ сердца с контрастированием, нагрузочный тест.; ЭКГ в 12 отведениях.; Суточное мониторирование АД (СМАД)."
dev2,1233,2026 Задание 27 Copy,2026 ЖА 6,Кардио-задания 2026,27,27,127,"копия, публичный",2026-06-11,"Пациент Пациент: Мужчина, 52 года, работает бухгалтером. Обратился к терапевту по настоянию жены с жалобами на громкий храп и эпизоды задержки дыхания во сне.",Выберите необходимые исследования; Выберите необходимые инструментальные исследования на первичном этапе,"Синдром обструктивного апноэ сна (СОАС) тяжелой степени. Артериальная гипертензия.; Полисомнография, ЭКГ, Холтеровское мониторирование ЭКГ, ЭхоКГ, общий и биохимический анализ крови, липидный профиль, гликированный гемоглобин.; ЭКГ в 12 отведениях.; Суточное мониторирование АД (СМАД)."
dev2,1232,2026 Задание 26 Copy,2026 ЖА 5,Кардио-задания 2026,27,27,127,"копия, публичный",2026-06-11,"Пациент Пациентка: Женщина, 28 лет, первая беременность, срок 22 недели. Обратилась на амбулаторный приём к кардиологу с жалобами на перебои в работе сердца.",Выберите необходимые исследования; Выберите необходимые инструментальные исследования на первичном этапе,"Частая желудочковая экстрасистолия, вероятно, идиопатическая, возникшая на фоне беременности.; ЭКГ, Холтеровское мониторирование ЭКГ, Эхокардиография, анализ крови на электролиты (калий, магний) и гормоны щитовидной железы (ТТГ).; ЭКГ в 12 отведениях.; Суточное мониторирование АД (СМАД)."
dev2,1231,2026 Задание 24 Copy,2026 ЖА 4,Кардио-задания 2026,27,27,127,"копия, публичный",2026-06-11,"Пациент Пациент: Мужчина, 25 лет, профессиональный баскетболист, направлен на консультацию кардиолога после эпизода потери сознания во время тренировки.",Выберите необходимые лабораторные исследования; Выберите необходимые инструментальные исследования,"Аритмогенная кардиомиопатия правого желудочка (АКПЖ).; ЭКГ покоя, сигнал-усредненная ЭКГ (СУ-ЭКГ), Холтеровское мониторирование, ЭхоКГ, МРТ сердца с контрастированием для оценки структуры и функции правого желудочка.; Аритмогенная кардиомиопатия правого желудочка. Неустойчивая желудочковая тахикардия. Синкопальное состояние. Высокий риск внезапной сердечной смерти.; Полное прекращение занятий спортом. Имплантация кардиовертера-дефибриллятора (ИКД). Назначение бета-адреноблокаторов."
dev2,1230,2026 Задание 23 Copy,2026 ЖА 3,Кардио-задания 2026,24,24,127,"копия, публичный",2026-06-11,"Пациент Пациент: Мужчина, 38 лет, доставлен бригадой скорой помощи в приемное отделение после эпизода потери сознания с судорогами во сне.",Выберите необходимые лабораторные исследования; Выберите необходимые инструментальные исследования,"Наследственная каналопатия: Синдром Бругада.; ЭКГ в 12 отведениях с регистрацией правых грудных отведений (V1-V2) в стандартных и высоких (2-3 межреберье) позициях, ЭхоКГ, суточное мониторирование ЭКГ, при необходимости — лекарственная провокационная проба с блокатором натриевых каналов (прокаинамид, аймалин).; Синдром Бругада, спонтанный 1-й тип ЭКГ. Синкопальная форма. Пароксизмы полиморфной ЖТ. Высокий риск ВСС.; Имплантация кардиовертера-дефибриллятора (ИКД) для вторичной профилактики ВСС. Информирование пациента о необходимости избегать провоцирующих факторов (лихорадка, обильный прием пищи, алкоголь) и ряда лекарственных препаратов."
dev2,1229,2026 Задание 22 Copy,2026 ЖА 2,Кардио-задания 2026,27,27,127,"копия, публичный",2026-06-11,"Пациент Пациент: Женщина, 28 лет, направлена на консультацию в кардиологический центр после повторного эпизода потери сознания.",Выберите необходимые лабораторные исследования; Выберите необходимые инструментальные исследования,"Наследственная каналопатия: Синдром удлиненного интервала QT (СУИQT).; ЭКГ в 12 отведениях с ручным расчетом QTc, ЭхоКГ, суточное мониторирование ЭКГ, проба с дозированной физической нагрузкой, молекулярно-генетическое тестирование на гены KCNQ1, KCNH2, SCN5A.; Врожденный синдром удлиненного интервала QT, 2-й генетический тип (мутация в гене KCNH2). Синкопальная форма. Пароксизмы полиморфной желудочковой тахикардии. Вторичная профилактика ВСС.; Пожизненный прием бета-адреноблокаторов (например, пропранолол или надолол) в максимально переносимой дозе + имплантация двухкамерного ИКД."
dev2,1228,2026 Задание 25 Copy,2026 ЖА 1,Кардио-задания 2026,27,27,127,"копия, публичный",2026-06-11,"Пациент Пациент: Мужчина, 68 лет, госпитализирован в блок интенсивной терапии.",Выберите необходимые лабораторные исследования; Выберите необходимые инструментальные исследования,"Мономорфная ЖТ, обусловленная механизмом re-entry в зоне постинфарктного рубца.; Определение уровня тропонинов.; Определение уровня калия и магния в сыворотке крови.; Исследование уровня натрийуретического пептида (BNP/NT-proBNP)."
dev2,1227,2026 Задание 21 Copy,2026 Липиды 5,Кардио-задания 2026,27,27,127,"копия, публичный",2026-06-11,"Пациент Мужчина, 58 лет. Плановый приём у эндокринолога/кардиолога.",Выберите необходимые лабораторные исследования; Выберите необходимые инструментальные исследования,"Атерогенная (диабетическая) дислипидемия.; Липидный профиль + ХС неЛВП.; HbA1c.; Креатинин (с СКФ), ОАМ с альбуминурией."
dev2,1226,2026 Задание 20 Copy,2026 Липиды 4,Кардио-задания 2026,27,27,127,"копия, публичный",2026-06-11,"Пациент Женщина, 82 года. Плановый амбулаторный приём у кардиолога.",Выберите необходимые лабораторные исследования; Выберите необходимые инструментальные исследования,"Гипертоническая болезнь I стадии. Артериальная гипертензия 1 степени. Риск 2 (умеренный).; Липидный профиль, ХС неЛВП.; Креатинин (с СКФ), мочевина.; HbA1c, глюкоза натощак."
dev2,1225,2026 Задание 19 Copy,2026 Липиды 3,Кардио-задания 2026,27,27,127,"копия, публичный",2026-06-11,"Пациент Девушка, 19 лет, студентка. Плановый осмотр для допуска к занятиям спортом.",Выберите необходимые лабораторные исследования; Выберите необходимые инструментальные исследования,"Подозрение на СГХС.; Липидный профиль.; АЛТ, АСТ, КФК.; ТТГ, глюкоза."
dev2,1224,2026 Задание 18 Copy,2026 Липиды 2,Кардио-задания 2026,27,27,127,"копия, публичный",2026-06-11,"Пациент Мужчина, 55 лет. Приёмное отделение стационара (доставлен СМП).",Выберите необходимые лабораторные исследования; Выберите необходимые инструментальные исследования,"Острый панкреатит на фоне тяжелой гипертриглицеридемии.; Липидный профиль.; Амилаза и липаза сыворотки.; ОАК, СРБ."
dev2,1223,2026 Задание 17 Copy,2026 Липиды 1,Кардио-задания 2026,27,27,127,"копия, публичный",2026-06-11,"Пациент Мужчина, 42 года. Амбулаторный приём у кардиолога.",Выберите необходимые лабораторные исследования; Выберите необходимые инструментальные исследования,"Семейная гиперхолестеринемия (СГХС).; Липидный профиль (ОХС, ХС ЛНП, ХС ЛВП, ТГ).; АЛТ, АСТ, КФК.; Глюкоза крови, креатинин (с расчетом СКФ)."
dev2,1222,2026 Задание 16 Copy,2026 Бради 6,Кардио-задания 2026,27,27,127,"копия, публичный",2026-06-11,"Пациент Женщина, 72 года. Обратилась на амбулаторный прием к кардиологу.",Выберите необходимые лабораторные исследования; Выберите необходимые инструментальные исследования,"Синдром слабости синусового узла (СССУ).; Симптоматическая брадикардия.; ОАК.; Биохимия (калий, натрий)."
dev2,1221,2026 Задание 15 Copy,2026 Бради 5,Кардио-задания 2026,27,27,127,"копия, публичный",2026-06-11,"Пациент Мужчина, 68 лет. Обратился на амбулаторный прием к кардиологу.",Выберите необходимые лабораторные исследования; Выберите необходимые инструментальные исследования,"СССУ, синдром тахикардии-брадикардии.; ОАК.; Биохимия (калий, натрий, креатинин, глюкоза).; ТТГ."
dev2,1220,2026 Задание 14 Copy,2026 Бради 4,Кардио-задания 2026,27,27,127,"копия, публичный",2026-06-11,"Пациент Женщина, 32 года, на 24-й неделе первой беременности. Обратилась к кардиологу.",Выберите необходимые лабораторные исследования; Выберите необходимые инструментальные исследования,"Дисфункция синусового узла (ДСУ).; Атриовентрикулярная блокада.; Общий анализ крови.; Биохимический анализ (калий, натрий, креатинин)."
dev2,1219,2026 Задание 13 Copy,2026 Бради 3,Кардио-задания 2026,27,27,127,"копия, публичный",2026-06-11,"Пациент Мужчина, 30 лет, профессиональный триатлонист. Обратился для планового ежегодного обследования.",Выберите необходимые лабораторные исследования; Выберите необходимые инструментальные исследования,Физиологическая синусовая брадикардия (спортивное сердце).; Дисфункция синусового узла (ДСУ).; Общий анализ крови.; Исследование уровня ТТГ.
dev2,1218,2026 Задание 12 Copy,2026 Бради 2,Кардио-задания 2026,27,27,127,"копия, публичный",2026-06-11,"Пациент Мужчина, 68 лет. Обратился на амбулаторный прием к врачу-кардиологу.",Выберите необходимые лабораторные исследования; Выберите необходимые инструментальные исследования,"Дисфункция синусового узла (ДСУ). Синдром тахикардии-брадикардии.; Предсердно-желудочковая блокада (ПЖБ) высокой степени.; Общий анализ крови.; Анализ крови биохимический (калий, натрий, креатинин)."
dev2,1217,2026 Задание 11 Copy,2026 Бради 1,Кардио-задания 2026,27,27,127,"копия, публичный",2026-06-11,"Пациент Мужчина, 55 лет. Обратился на амбулаторный прием к врачу-кардиологу.",Выберите необходимые лабораторные исследования; Выберите необходимые инструментальные исследования,"Преходящая предсердно-желудочковая блокада (ПЖБ).; Общий (клинический) анализ крови.; Электролиты (калий, натрий).; Исследование уровня тиреотропного гормона (ТТГ) в крови."
dev2,1216,2026 Задание 10 Copy,2026 АГ 10,Кардио-задания 2026,27,27,127,"копия, публичный",2026-06-11,"Пациент Мужчина, 48 лет. Обратился на плановый приём к врачу-терапевту для прохождения диспансеризации. Активных жалоб не предъявляет.",Выберите необходимые лабораторные исследования; Выберите необходимые инструментальные исследования,"Высокое нормальное артериальное давление.; Общий анализ крови.; Биохимический анализ крови (глюкоза, креатинин с расчетом СКФ, калий, натрий, мочевая кислота).; Липидограмма (ОХС, ЛПНП, ЛПВП, ТГ)."
dev2,1215,2026 Задание 9 Copy,2026 АГ 9,Кардио-задания 2026,27,27,127,"копия, публичный",2026-06-11,"Пациент Женщина, 45 лет, на амбулаторном приёме у врача-кардиолога с жалобами на стабильно высокие цифры артериального давления, несмотря на приём трёхкомпонент",Выберите необходимые лабораторные исследования; Выберите необходимые инструментальные исследования,Резистентная артериальная гипертензия.; Вторичная (симптоматическая) АГ на фоне первичного гиперальдостеронизма.; Определение соотношения альдостерон/ренин в плазме крови.; Исследование уровня калия и натрия в крови.
dev2,1214,2026 Задание 8 Copy,2026 АГ 8,Кардио-задания 2026,27,27,127,"копия, публичный",2026-06-11,"Пациент Пациентка К., 32 года, на 28-й неделе первой беременности. Поступила на амбулаторный прием к акушеру-гинекологу с жалобами.",Выберите необходимые лабораторные исследования; Выберите необходимые инструментальные исследования,"Гестационная артериальная гипертензия.; Преэклампсия.; Общий анализ мочи с определением белка.; Биохимический анализ крови (креатинин, мочевая кислота, АЛТ, АСТ)."
dev2,1213,2026 Задание 7 Copy,2026 АГ 7,Кардио-задания 2026,27,27,127,"копия, публичный",2026-06-11,"Пациент Мужчина, 75 лет. Плановый амбулаторный приём у кардиолога.",Выберите необходимые лабораторные исследования; Выберите необходимые инструментальные исследования,"Гипертоническая болезнь III стадии. Риск 4 (очень высокий).; Общий анализ крови, биохимический анализ крови (креатинин с СКФ, глюкоза, калий, натрий, мочевая кислота), липидограмма, анализ мочи с альбумин/креатинин.; ЭКГ в 12 отведениях, ЭхоКГ, дуплексное сканирование брахиоцефальных артерий.; Гипертоническая болезнь III стадии. АГ 2 степени. ИБС, постинфарктный кардиосклероз. ХСН I, ФК II. Атеросклероз БЦА. ХБП С3аА2. Дислипидемия. Риск 4 (очень высокий)."
dev2,1212,2026 Задание 6 Copy,2026 АГ 6,Кардио-задания 2026,27,27,127,"копия, публичный",2026-06-11,"Пациент Мужчина, 52 года. Жалобы на частые головные боли и утомляемость.",Выберите необходимые лабораторные исследования; Выберите необходимые инструментальные исследования,"Артериальная гипертензия 2-й степени.; Общий анализ крови.; Глюкоза крови (натощак), HbA1c.; Общий холестерин, ЛПНП/ЛПВП/ТГ."
dev2,1211,2026 Задание 5 Copy,2026 АГ 5,Кардио-задания 2026,27,27,127,"копия, публичный",2026-06-11,"Пациент Мужчина, 55 лет. Обратился на амбулаторный прием к врачу-терапевту.",Выберите необходимые лабораторные исследования; Выберите необходимые инструментальные исследования,"Гипертоническая болезнь II стадии.; Сахарный диабет 2 типа, стадия субкомпенсации.; Общий анализ крови, глюкоза натощак, HbA1c, липидный профиль, креатинин с расчетом СКФ, калий, натрий, мочевая кислота, анализ мочи с альбумин/креатинин.; ЭКГ в 12 отведениях, ЭхоКГ, СМАД, УЗИ почек и дуплексное сканирование почечных артерий, офтальмоскопия."
dev2,1210,2026 Задание 4 Copy,2026 АГ 4,Кардио-задания 2026,27,27,127,"копия, публичный",2026-06-11,"Пациент Мужчина, 68 лет, на плановом амбулаторном приёме у врача-кардиолога.",Выберите необходимые лабораторные исследования; Выберите необходимые инструментальные исследования,Резистентная артериальная гипертензия.; Определение соотношения альдостерон/ренин в плазме.; Гликированный гемоглобин (HbA1c).; Суточное мониторирование АД (СМАД).
dev2,1209,2026 Задание 3 Copy,2026 АГ 3,Кардио-задания 2026,25,25,127,"копия, публичный",2026-06-11,"Пациент Мужчина, 28 лет, профессиональный спортсмен (тяжелая атлетика). Обратился на плановый ежегодный медицинский осмотр.",Выберите необходимые лабораторные исследования; Выберите необходимые инструментальные исследования,"Гипертоническая болезнь.; Вторичная (симптоматическая) АГ.; Изолированная офисная АГ («гипертония белого халата»).; Общий (клинический) анализ крови, общий анализ мочи с определением отношения альбумин/креатинин."
dev2,1208,2026 Задание 2 Copy,2026 АГ 2,Кардио-задания 2026,27,27,127,"копия, публичный",2026-06-11,"Пациент Мужчина, 62 года. Обратился на плановый прием к кардиологу для коррекции антигипертензивной терапии.",Выберите необходимые лабораторные исследования; Выберите необходимые инструментальные исследования,"Гипертоническая болезнь.; Синдром обструктивного апноэ сна (СОАС).; Общий анализ крови и мочи.; Биохимический анализ крови (креатинин с расчетом СКФ, калий, натрий, глюкоза, мочевая кислота, липидный профиль)."
dev2,1207,2026 Задание 1 Copy,2026 АГ 1,Кардио-задания 2026,27,27,127,"копия, публичный",2026-06-11,"Пациент Женщина, 42 года, работает бухгалтером. Обратилась на приём к терапевту с жалобами на головные боли, направлена к кардиологу.",Выберите необходимые рутинные лабораторные исследования; Выберите необходимые инструментальные исследования на первичном этапе,"Гипертоническая болезнь I стадии. Артериальная гипертензия 1 степени. Риск 2 (умеренный).; Общий (клинический) анализ крови (гемоглобин, гематокрит).; Исследование уровня глюкозы в крови натощак и HbA1c.; Липидограмма (ОХС, ЛПНП, ЛПВП, ТГ)."
dev2,1206,2026 Задание 70,2026 Липиды 8,Кардио-задания 2026,27,27,126,публичный,2026-06-06,Пациент Мужчина 48 лет обратился на амбулаторный приём к кардиологу по поводу профилактического осмотра.,Выберите необходимые лабораторные исследования; Выберите необходимые инструментальные исследования,"Атерогенная дислипидемия с низким ХС ЛВП и умеренно повышенными ТГ.; Липидный профиль (ОХС, ХС ЛНП, ХС ЛВП, ТГ, ХС неЛВП).; Глюкоза натощак, гликированный гемоглобин (HbA1c).; Креатинин, АЛТ, АСТ."
dev2,1205,2026 Задание 69,2026 Липиды 7,Кардио-задания 2026,27,27,126,публичный,2026-06-06,"Пациент Мужчина 38 лет, вегетарианец последние 6 лет, обратился к терапевту на профилактический осмотр. Активных жалоб не предъявляет.",Выберите необходимые лабораторные исследования; Выберите необходимые инструментальные исследования,Гипертриглицеридемия.; Липидный профиль.; Глюкоза крови и гликированный гемоглобин (HbA1c).; Тиреотропный гормон (ТТГ).
dev2,1204,2026 Задание 68,2026 Липиды 6,Кардио-задания 2026,27,27,126,публичный,2026-06-06,"Пациент Мужчина 25 лет, профессионально занимается бегом (лёгкая атлетика), обратился к врачу после планового медосмотра по месту работы. При скрининге обнаруже",Выберите необходимые лабораторные исследования; Выберите необходимые инструментальные исследования,"Семейная гиперхолестеринемия.; Полигенная гиперхолестеринемия.; Липидный профиль (общий холестерин, ХС ЛНП, ХС ЛВП, триглицериды).; Глюкоза крови."
dev2,1203,2026 Задание 67,2026 ХСН 6,Кардио-задания 2026,27,27,126,публичный,2026-06-06,"Пациент Пациент, мужчина 65 лет, с диагнозом хронической сердечной недостаточности со сниженной фракцией выброса (ХСНнФВ) обратился на амбулаторный приём к кард",Выберите необходимые лабораторные исследования; Выберите необходимые инструментальные исследования,"Хроническая сердечная недостаточность с желудочковыми нарушениями ритма.; Общий анализ крови, биохимический анализ крови (креатинин, калий, натрий).; Определение уровня натрийуретических пептидов (NT-proBNP).; ЭКГ в 12 отведениях."
dev2,1202,2026 Задание 66,2026 ХСН 5,Кардио-задания 2026,27,27,126,публичный,2026-06-06,"Пациент Пациент: Мужчина, 68 лет. Плановый амбулаторный прием у врача-кардиолога в поликлинике для диспансерного наблюдения и коррекции терапии по поводу ХСН.",Назначение лабораторных исследований; Назначение инструментальных исследований,"Гипертоническая болезнь I стадии. Артериальная гипертензия 1 степени. Риск 2 (умеренный).; Исследование уровня NT-proBNP в крови.; Общий и биохимический анализ крови (креатинин с рСКФ, калий, натрий).; Липидограмма, гликированный гемоглобин."
dev2,1201,2026 Задание 65,2026 ХСН 4,Кардио-задания 2026,27,27,126,публичный,2026-06-06,"Пациент Пациент: Мужчина, 65 лет. Плановый амбулаторный прием у врача-кардиолога для оценки состояния и коррекции терапии по поводу ХСН.",Назначение лабораторных исследований; Выберите необходимые инструментальные исследования на первичном этапе,"ИБС: Постинфарктный кардиосклероз. Хроническая сердечная недостаточность со сниженной фракцией выброса (ХСНнФВ), стадия 1, ФК II.; Исследование уровня NT-proBNP в крови.; Общий и биохимический анализ крови (креатинин с рСКФ, калий, натрий).; Липидограмма, гликированный гемоглобин."
dev2,1200,2026 Задание 64,2026 ХСН 3,Кардио-задания 2026,27,27,126,публичный,2026-06-06,"Пациент Пациент: Мужчина, 80 лет. Госпитализирован бригадой скорой медицинской помощи из-за внезапного начала учащенных сердцебиений, сопровождавшихся одышкой.",Назначение лабораторных исследований; Назначение инструментальных исследований,"Фибрилляция предсердий с высокой частотой желудочковых сокращений, осложненная острой декомпенсацией сердечной недостаточности (отек легких).; Исследование уровня натрийуретического пептида (BNP или NT-proBNP).; Исследование уровня тропонина I или T в крови.; Анализ крови биохимический (креатинин с рСКФ, калий, натрий)."
dev2,1199,2026 Задание 63,2026 ХСН 2,Кардио-задания 2026,27,27,126,публичный,2026-06-06,"Пациент Пациент: Мужчина, 60 лет. Доставлен бригадой скорой медицинской помощи (СМП) в приемное отделение кардиологического стационара.",Назначение лабораторных исследований; Назначение инструментальных исследований,"Острая декомпенсация хронической сердечной недостаточности на фоне тахисистолической формы фибрилляции предсердий.; Исследование уровня натрийуретического пептида (BNP или NT-proBNP).; Общий и биохимический анализы крови (креатинин с рСКФ, калий, натрий, печеночные ферменты, глюкоза).; Исследование уровня тропонина I или T."
dev2,1198,2026 Задание 62,2026 ХСН 1,Кардио-задания 2026,27,27,126,публичный,2026-06-06,"Пациент Пациент: Женщина, 70 лет. Доставлена бригадой скорой медицинской помощи (СМП) в приемное отделение кардиологического стационара с жалобами на одышку и с",Назначение лабораторных исследований; Назначение инструментальных исследований,"Острая декомпенсация хронической сердечной недостаточности, спровоцированная пароксизмом фибрилляции предсердий с высокой частотой желудочковых сокращений.; Исследование уровня натрийуретического пептида (BNP или NT-proBNP) в крови.; Анализ крови биохимический (креатинин с рСКФ, калий, натрий) и общий анализ крови.; Исследование уровня тропонина I или T в крови."
dev2,1197,2026 Задание 61,2026 ФП 8,Кардио-задания 2026,21,21,126,публичный,2026-06-06,"Пациент Мужчина, 50 лет, доставлен бригадой скорой помощи в приёмное отделение с жалобами на нерегулярное учащённое сердцебиение.",Выберите необходимые инструментальные исследования; Диспансеризация и дальнейшее ведение,Пароксизм фибрилляции предсердий на фоне синдрома WPW.; ЭКГ в 12 отведениях.; Трансторакальная эхокардиография (ЭхоКГ).; Пароксизмальная фибрилляция предсердий на фоне манифестирующего синдрома Вольфа-Паркинсона-Уайта. Гемодинамическая нестабильность.
dev2,1196,2026 Задание 60,2026 ФП 7,Кардио-задания 2026,27,27,126,публичный,2026-06-06,"Пациент Мужчина 38 лет, профессиональный велогонщик, обратился на амбулаторный приём к врачу-кардиологу.",Выберите необходимые лабораторные исследования; Выберите необходимые инструментальные исследования,"Пароксизмальная фибрилляция предсердий.; Общий (клинический) анализ крови.; Биохимический анализ крови (креатинин, АЛТ, АСТ, калий, натрий).; Анализ крови на гормоны щитовидной железы (ТТГ, св. Т4)."
dev2,1195,2026 Задание 59,2026 ФП 6,Кардио-задания 2026,27,27,126,публичный,2026-06-06,Пациент Пациент 68 лет на амбулаторном приёме у врача-терапевта.,Выберите необходимые лабораторные исследования; Выберите необходимые инструментальные исследования,"Фибрилляция предсердий, пароксизмальная форма.; Гипертоническая болезнь.; Ишемическая болезнь сердца (под вопросом).; Общий (клинический) анализ крови."
dev2,1194,2026 Задание 58,2026 ФП 5,Кардио-задания 2026,27,27,126,публичный,2026-06-06,"Пациент Пациентка, женщина, 48 лет, обратилась на амбулаторный прием к врачу-кардиологу.",Выберите необходимые лабораторные исследования; Выберите необходимые инструментальные исследования,"Пароксизмальная фибрилляция предсердий.; Тиреотоксикоз.; Общий анализ крови, биохимический анализ крови (креатинин, АЛТ, АСТ, калий, натрий).; Исследование уровня ТТГ и свободного Т4."
dev2,1193,2026 Задание 57,2026 ФП 4,Кардио-задания 2026,27,27,126,публичный,2026-06-06,"Пациент Мужчина, 78 лет. Амбулаторный прием у врача-кардиолога.",Выберите необходимые лабораторные исследования; Выберите необходимые инструментальные исследования,"Фибрилляция предсердий, персистирующая форма. Тахисистолический вариант.; Хроническая сердечная недостаточность 2А стадии, II ФК.; Общий анализ крови (гемоглобин, эритроциты, тромбоциты).; Биохимический анализ крови: креатинин (с расчетом СКФ по формуле Кокрофта-Голта), АЛТ, АСТ, калий, глюкоза."
dev2,1192,2026 Задание 56,2026 ФП 3,Кардио-задания 2026,27,27,126,публичный,2026-06-06,"Пациент Мужчина, 32 года. Амбулаторный прием у врача-кардиолога.",Выберите необходимые лабораторные исследования; Выберите необходимые инструментальные исследования,"Пароксизмальная фибрилляция предсердий.; Общий (клинический) анализ крови.; Биохимический анализ крови (креатинин, калий, натрий, АЛТ, АСТ, глюкоза).; Исследование уровня ТТГ и Т4 свободного в крови."
dev2,1191,2026 Задание 55,2026 ФП 2,Кардио-задания 2026,27,27,126,публичный,2026-06-06,"Пациент Пациент, мужчина, 78 лет, на амбулаторном приеме у кардиолога.",Выберите необходимые лабораторные исследования; Выберите необходимые инструментальные исследования,"Постоянная форма фибрилляции предсердий (ФП).; Общий анализ крови (с определением уровня гемоглобина и тромбоцитов).; Биохимический анализ крови (креатинин с расчетом КК, АСТ, АЛТ, билирубин).; Международное нормализованное отношение (МНО)."
dev2,1190,2026 Задание 54,2026 ФП 1,Кардио-задания 2026,27,27,126,публичный,2026-06-06,"Пациент Пациентка, 67 лет, обратилась на амбулаторный приём к врачу-кардиологу.",Выберите необходимые лабораторные исследования; Выберите необходимые инструментальные исследования,"Пароксизмальная фибрилляция предсердий.; Развернутый клинический анализ крови.; Биохимический анализ крови (креатинин, АЛТ, АСТ, билирубин, калий).; Коагулограмма (МНО)."
dev2,1189,2026 Задание 53,2026 НЖТ 5,Кардио-задания 2026,29,29,126,публичный,2026-06-06,"Пациент Пациент, мужчина 68 лет, обратился на плановый амбулаторный приём к врачу-кардиологу.",Выберите необходимые лабораторные исследования; Выберите необходимые инструментальные исследования на первичном этапе,"Трепетание предсердий.; Общий (клинический) анализ крови.; Биохимический анализ крови (креатинин, калий, натрий, глюкоза).; Исследование уровня тиреотропного гормона (ТТГ)."
dev2,1188,2026 Задание 52,2026 НЖТ 4,Кардио-задания 2026,27,27,126,публичный,2026-06-06,"Пациент Мужчина, 68 лет, доставлен бригадой скорой медицинской помощи в приёмное отделение с жалобами на внезапно возникшее учащённое сердцебиение.",Выберите необходимые лабораторные исследования; Выберите необходимые инструментальные исследования,"Трепетание предсердий.; АВ-узловая реципрокная тахикардия (АВУРТ).; Общий (клинический) анализ крови.; Биохимический анализ крови (креатинин, калий, натрий)."
dev2,1187,2026 Задание 51,2026 НЖТ 3,Кардио-задания 2026,20,20,126,публичный,2026-06-06,"Пациент Пациентка, женщина, 35 лет, доставлена в приемное отделение бригадой скорой медицинской помощи с жалобами на внезапное учащенное сердцебиение.",Выберите необходимые инструментальные исследования; Определите правильную последовательность действий для купирования приступа:,"Пароксизмальная АВ-узловая реципрокная тахикардия (АВУРТ).; Регистрация ЭКГ в 12 отведениях.; Пароксизмальная атриовентрикулярная узловая реципрокная тахикардия.; Вагусные приемы, при неэффективности — в/в введение трифосаденина (АТФ)."
dev2,1186,2026 Задание 50,2026 НЖТ 2,Кардио-задания 2026,27,27,126,публичный,2026-06-06,"Пациент Пациент: женщина, 32 года, на амбулаторном приёме у врача-терапевта.",Выберите необходимые лабораторные исследования; Выберите необходимые инструментальные исследования,"Пароксизмальная наджелудочковая тахикардия.; Общий (клинический) анализ крови.; Биохимический анализ крови (креатинин, калий, натрий, глюкоза).; Анализ крови на тиреотропный гормон (ТТГ)."
dev2,1185,2026 Задание 49,2026 НЖТ 1,Кардио-задания 2026,27,27,126,публичный,2026-06-06,"Пациент Пациент, мужчина 35 лет, доставлен бригадой скорой медицинской помощи в приёмное отделение с жалобами на внезапно возникшее сильное сердцебиение и голов",Выберите необходимые лабораторные исследования; Выберите необходимые инструментальные исследования,"Фибрилляция предсердий с антеградным проведением по дополнительному проводящему пути (синдром Вольфа-Паркинсона-Уайта).; Общий (клинический) анализ крови.; Исследование уровня креатинина, натрия, калия, глюкозы.; Исследование уровня тиреотропного гормона (ТТГ)."
dev2,1184,2026 Задание 47,2026 ИМпST 7,Кардио-задания 2026,25,25,126,публичный,2026-06-06,"Пациент Мужчина, 65 лет.",Выберите необходимые лабораторные исследования; Выберите необходимые инструментальные исследования,"ОКСпST нижне-задний, с возможным вовлечением ПЖ.; Тропонин I/T (экспресс).; Общий анализ крови.; Биохимия (мочевина, креатинин, АСТ, АЛТ, билирубин)."
dev2,1183,2026 Задание 46,2026 ИМпST 6,Кардио-задания 2026,25,25,126,публичный,2026-06-06,"Пациент Мужчина, 62 года.",Выберите необходимые лабораторные исследования; Выберите необходимые инструментальные исследования,"ОКСпST.; Тропонин I/T (экспресс).; Общий анализ крови.; Биохимия (мочевина, креатинин, глюкоза, АСТ, АЛТ, билирубин, липидный профиль)."
dev2,1182,2026 Задание 45,2026 ИМпST 5,Кардио-задания 2026,25,25,126,публичный,2026-06-06,"Пациент Мужчина, 65 лет.",Выберите необходимые лабораторные исследования; Выберите необходимые инструментальные исследования,"ОКСпST.; Тропонин I/T.; ОАК.; Биохимия (креатинин с рСКФ, глюкоза, калий)."
dev2,1181,2026 Задание 44,2026 ИМпST 4,Кардио-задания 2026,25,25,126,публичный,2026-06-06,"Пациент Мужчина, 67 лет.",Выберите необходимые лабораторные исследования; Выберите необходимые инструментальные исследования на первичном этапе,"ОКСпST.; Тропонин I/T.; ОАК.; Биохимия (креатинин с рСКФ, глюкоза, калий)."
dev2,1180,2026 Задание 43,2026 ИМпST 3,Кардио-задания 2026,25,25,126,публичный,2026-06-06,"Пациент Мужчина, 55 лет.",Выберите необходимые лабораторные исследования; Выберите необходимые инструментальные исследования на первичном этапе,"ОКСпST.; Тропонин I/T.; Общий анализ крови.; Биохимия (креатинин, глюкоза, калий, липидный профиль)."
dev2,1179,2026 Задание 42,2026 ИМпST 2,Кардио-задания 2026,25,25,126,публичный,2026-06-06,"Пациент Женщина, 72 года.",Выберите необходимые лабораторные исследования; Выберите необходимые инструментальные исследования,"ОКСпST.; Тропонин I/T.; Биохимия (креатинин с рСКФ, глюкоза, калий).; Общий анализ крови."
dev2,1178,2026 Задание 41,2026 ИМпST 1,Кардио-задания 2026,27,27,126,публичный,2026-06-06,"Пациент Мужчина, 68 лет.",Выберите необходимые лабораторные исследования; Выберите необходимые инструментальные исследования,ОКСпST.; Тропонин I/T.; Общий анализ крови.; Креатинин с рСКФ.
dev2,1177,2026 Задание 40,2026 ИМБОКА 7,Кардио-задания 2026,27,27,126,публичный,2026-06-06,"Пациент Мужчина, 58 лет. Госпитализирован с жалобами на длительную боль в грудной клетке.",Выберите необходимые лабораторные исследования; Выберите необходимые инструментальные исследования,ИМ без подъема ST.; Тропонин T или I (вч) в динамике (алгоритм 0/1 или 0/2 или 0/3 часа).; Общий клинический анализ крови.; 12-канальная ЭКГ.
dev2,1176,2026 Задание 39,2026 ОКСбпST 6,Кардио-задания 2026,27,27,126,публичный,2026-06-06,"Пациент Мужчина, 62 года. Доставлен бригадой скорой помощи с жалобами на интенсивную давящую боль за грудиной, иррадиирующую в левую руку, возникшую 2 часа наза",Выберите необходимые лабораторные исследования; Выберите необходимые инструментальные исследования,"ОКСбпST, тип 1.; Тропонин I/T (вч) с повторным определением через 1–3 часа.; Общий (клинический) анализ крови.; Биохимический анализ крови (креатинин с СКФ, электролиты, глюкоза, липидный профиль, печеночные ферменты)."
dev2,1175,2026 Задание 38,2026 ОКСбпST 5,Кардио-задания 2026,25,25,126,публичный,2026-06-06,"Пациент Мужчина, 62 года.",Выберите необходимые лабораторные исследования; Выберите необходимые инструментальные исследования,"Острый коронарный синдром без подъема сегмента ST (ОКСбпST).; Тропонин I или T (вч) в динамике.; Общий (клинический) анализ крови.; Биохимический анализ крови (креатинин с рСКФ, глюкоза, калий, липидный профиль)."
dev2,1174,2026 Задание 37,2026 ОКСбпST 4,Кардио-задания 2026,25,25,126,публичный,2026-06-06,"Пациент Женщина, 70 лет.",Выберите необходимые лабораторные исследования; Выберите необходимые инструментальные исследования,"Острый коронарный синдром без подъема сегмента ST (ОКСбпST).; Тропонин I или T (вч) в динамике (0–1 час или 0–2 часа).; ОАК и биохимический анализ крови (креатинин с рСКФ, глюкоза, калий, липидный профиль).; Коагулограмма (АЧТВ, МНО)."
dev2,1173,2026 Задание 36,2026 ОКСбпST 3,Кардио-задания 2026,25,25,126,публичный,2026-06-06,"Пациент Мужчина, 69 лет.",Выберите необходимые лабораторные исследования; Выберите необходимые инструментальные исследования,"Острый коронарный синдром без подъема сегмента ST (ОКСбпST).; Тропонин I или T (вч) в динамике (0–1 час).; Общий (клинический) анализ крови.; Биохимический анализ крови (креатинин с рСКФ, глюкоза, калий, липидный профиль)."
dev2,1172,2026 Задание 35,2026 ОКСбпST 2,Кардио-задания 2026,25,25,126,публичный,2026-06-06,"Пациент Женщина, 66 лет.",Выберите необходимые лабораторные исследования; Выберите необходимые инструментальные исследования,Острый коронарный синдром без подъема сегмента ST (ОКСбпST).; Тропонин I или T (вч) в динамике (0–1 час или 0–2 часа).; ОАК и биохимический анализ крови.; Натрийуретический пептид (BNP или NT-proBNP).
dev2,1171,2026 Задание 34,2026 ОКСбпST 1,Кардио-задания 2026,25,25,126,публичный,2026-06-06,"Пациент Женщина, 68 лет.",Выберите необходимые лабораторные исследования; Выберите необходимые инструментальные исследования,"Острый коронарный синдром без подъема сегмента ST (ОКСбпST).; Тропонин I или T (высокочувствительный) в динамике.; Общий (клинический) анализ крови.; Биохимический анализ крови (креатинин с рСКФ, глюкоза, калий, липидный профиль)."
dev2,1170,2026 Задание 33,2026 ИБС 5,Кардио-задания 2026,27,27,126,публичный,2026-06-06,"Пациент Мужчина, 62 года, на амбулаторном приёме у врача-кардиолога.",Выберите необходимые лабораторные исследования; Выберите необходимые инструментальные исследования,"Стабильная стенокардия напряжения.; Общий (клинический) анализ крови.; Анализ крови по оценке нарушений липидного обмена (ОХС, ХС-ЛПНП, ХС-ЛПВП, ТГ).; Исследование уровня креатинина в крови с расчётом СКФ."
dev2,1169,2026 Задание 32,2026 ИБС 4,Кардио-задания 2026,27,27,126,публичный,2026-06-06,Пациент Мужчина 58 лет обратился в поликлинику к врачу-кардиологу.,Выберите необходимые лабораторные исследования; Выберите необходимые инструментальные исследования,"Стабильная стенокардия напряжения, ФК II–III.; Общий анализ крови (Hb, лейкоциты, тромбоциты).; Глюкоза натощак, HbA1c.; Липидный профиль (ОХС, ХсЛНП, ТГ, ХсЛВП)."
dev2,1168,2026 Задание  31,2026 ИБС 3,Кардио-задания 2026,27,27,126,публичный,2026-06-06,"Пациент Мужчина, 65 лет, с анамнезом ишемической болезни сердца (ИБС), перенёс аортокоронарное шунтирование (АКШ) 3 года назад. Амбулаторный прием у кардиолога.",Выберите необходимые лабораторные исследования; Выберите необходимые инструментальные исследования,"Стабильная ишемическая болезнь сердца (ИБС), после аортокоронарного шунтирования, стенокардия напряжения II ФК.; Общий анализ крови.; Липидный профиль.; Гликированный гемоглобин."
dev2,1167,2026 Задание 30,2026 ИБС 2,Кардио-задания 2026,27,27,126,публичный,2026-06-06,Пациент Мужчина 58 лет обратился в поликлинику к врачу-кардиологу с жалобами на боли за грудиной при ходьбе по лестнице и на холоде; цель: провести обследование,Выберите необходимые лабораторные исследования; Выберите необходимые инструментальные исследования,"Стенокардия напряжения стабильная, ФК II; Общий (клинический) анализ крови развернутый (Hb, эритроциты, лейкоциты); Липидный профиль: ОХС, ХсЛНП, ХсЛВП, ТГ; расчет не-ЛВП; Глюкоза натощак, HbA1c; при неубедительных — ПГТТ"
dev2,1166,2026 Задание 29,2026 ИБС 1,Кардио-задания 2026,27,27,126,публичный,2026-06-06,"Пациент Описание случая: Пациент, мужчина 55 лет, обратился в поликлинику к врачу-терапевту с жалобами на боли в грудной клетке.",Выберите необходимые лабораторные исследования; Выберите необходимые инструментальные исследования,"Стабильная стенокардия напряжения, III функциональный класс.; Общий (клинический) анализ крови развернутый.; Биохимический анализ крови (включая липидный спектр, креатинин, глюкозу).; Исследование уровня тиреотропного гормона (ТТГ) в крови."
dev2,1165,2026 Задание 28,2026 ЖА 7,Кардио-задания 2026,27,27,126,публичный,2026-06-06,"Пациент Пациент: Мужчина, 32 года, программист. Направлен терапевтом на консультацию к кардиологу после эпизода потери сознания на улице.",Выберите необходимые исследования; Выберите необходимые инструментальные исследования на первичном этапе,"Гипертрофическая кардиомиопатия (ГКМП).; ЭКГ, Эхокардиография, суточное мониторирование ЭКГ по Холтеру, МРТ сердца с контрастированием, нагрузочный тест.; ЭКГ в 12 отведениях.; Суточное мониторирование АД (СМАД)."
dev2,1164,2026 Задание 27,2026 ЖА 6,Кардио-задания 2026,27,27,126,публичный,2026-06-06,"Пациент Пациент: Мужчина, 52 года, работает бухгалтером. Обратился к терапевту по настоянию жены с жалобами на громкий храп и эпизоды задержки дыхания во сне.",Выберите необходимые исследования; Выберите необходимые инструментальные исследования на первичном этапе,"Синдром обструктивного апноэ сна (СОАС) тяжелой степени. Артериальная гипертензия.; Полисомнография, ЭКГ, Холтеровское мониторирование ЭКГ, ЭхоКГ, общий и биохимический анализ крови, липидный профиль, гликированный гемоглобин.; ЭКГ в 12 отведениях.; Суточное мониторирование АД (СМАД)."
dev2,1163,2026 Задание 26,2026 ЖА 5,Кардио-задания 2026,27,27,126,публичный,2026-06-06,"Пациент Пациентка: Женщина, 28 лет, первая беременность, срок 22 недели. Обратилась на амбулаторный приём к кардиологу с жалобами на перебои в работе сердца.",Выберите необходимые исследования; Выберите необходимые инструментальные исследования на первичном этапе,"Частая желудочковая экстрасистолия, вероятно, идиопатическая, возникшая на фоне беременности.; ЭКГ, Холтеровское мониторирование ЭКГ, Эхокардиография, анализ крови на электролиты (калий, магний) и гормоны щитовидной железы (ТТГ).; ЭКГ в 12 отведениях.; Суточное мониторирование АД (СМАД)."
dev2,1162,2026 Задание 24,2026 ЖА 4,Кардио-задания 2026,27,27,126,публичный,2026-06-06,"Пациент Пациент: Мужчина, 25 лет, профессиональный баскетболист, направлен на консультацию кардиолога после эпизода потери сознания во время тренировки.",Выберите необходимые лабораторные исследования; Выберите необходимые инструментальные исследования,"Аритмогенная кардиомиопатия правого желудочка (АКПЖ).; ЭКГ покоя, сигнал-усредненная ЭКГ (СУ-ЭКГ), Холтеровское мониторирование, ЭхоКГ, МРТ сердца с контрастированием для оценки структуры и функции правого желудочка.; Аритмогенная кардиомиопатия правого желудочка. Неустойчивая желудочковая тахикардия. Синкопальное состояние. Высокий риск внезапной сердечной смерти.; Полное прекращение занятий спортом. Имплантация кардиовертера-дефибриллятора (ИКД). Назначение бета-адреноблокаторов."
dev2,1161,2026 Задание 23,2026 ЖА 3,Кардио-задания 2026,24,24,126,публичный,2026-06-06,"Пациент Пациент: Мужчина, 38 лет, доставлен бригадой скорой помощи в приемное отделение после эпизода потери сознания с судорогами во сне.",Выберите необходимые лабораторные исследования; Выберите необходимые инструментальные исследования,"Наследственная каналопатия: Синдром Бругада.; ЭКГ в 12 отведениях с регистрацией правых грудных отведений (V1-V2) в стандартных и высоких (2-3 межреберье) позициях, ЭхоКГ, суточное мониторирование ЭКГ, при необходимости — лекарственная провокационная проба с блокатором натриевых каналов (прокаинамид, аймалин).; Синдром Бругада, спонтанный 1-й тип ЭКГ. Синкопальная форма. Пароксизмы полиморфной ЖТ. Высокий риск ВСС.; Имплантация кардиовертера-дефибриллятора (ИКД) для вторичной профилактики ВСС. Информирование пациента о необходимости избегать провоцирующих факторов (лихорадка, обильный прием пищи, алкоголь) и ряда лекарственных препаратов."
dev2,1160,2026 Задание 22,2026 ЖА 2,Кардио-задания 2026,27,27,126,публичный,2026-06-06,"Пациент Пациент: Женщина, 28 лет, направлена на консультацию в кардиологический центр после повторного эпизода потери сознания.",Выберите необходимые лабораторные исследования; Выберите необходимые инструментальные исследования,"Наследственная каналопатия: Синдром удлиненного интервала QT (СУИQT).; ЭКГ в 12 отведениях с ручным расчетом QTc, ЭхоКГ, суточное мониторирование ЭКГ, проба с дозированной физической нагрузкой, молекулярно-генетическое тестирование на гены KCNQ1, KCNH2, SCN5A.; Врожденный синдром удлиненного интервала QT, 2-й генетический тип (мутация в гене KCNH2). Синкопальная форма. Пароксизмы полиморфной желудочковой тахикардии. Вторичная профилактика ВСС.; Пожизненный прием бета-адреноблокаторов (например, пропранолол или надолол) в максимально переносимой дозе + имплантация двухкамерного ИКД."
dev2,1159,2026 Задание 25,2026 ЖА 1,Кардио-задания 2026,27,27,126,публичный,2026-06-06,"Пациент Пациент: Мужчина, 68 лет, госпитализирован в блок интенсивной терапии.",Выберите необходимые лабораторные исследования; Выберите необходимые инструментальные исследования,"Мономорфная ЖТ, обусловленная механизмом re-entry в зоне постинфарктного рубца.; Определение уровня тропонинов.; Определение уровня калия и магния в сыворотке крови.; Исследование уровня натрийуретического пептида (BNP/NT-proBNP)."
dev2,1158,2026 Задание 21,2026 Липиды 5,Кардио-задания 2026,27,27,126,публичный,2026-06-06,"Пациент Мужчина, 58 лет. Плановый приём у эндокринолога/кардиолога.",Выберите необходимые лабораторные исследования; Выберите необходимые инструментальные исследования,"Атерогенная (диабетическая) дислипидемия.; Липидный профиль + ХС неЛВП.; HbA1c.; Креатинин (с СКФ), ОАМ с альбуминурией."
dev2,1157,2026 Задание 20,2026 Липиды 4,Кардио-задания 2026,27,27,126,публичный,2026-06-06,"Пациент Женщина, 82 года. Плановый амбулаторный приём у кардиолога.",Выберите необходимые лабораторные исследования; Выберите необходимые инструментальные исследования,"Гипертоническая болезнь I стадии. Артериальная гипертензия 1 степени. Риск 2 (умеренный).; Липидный профиль, ХС неЛВП.; Креатинин (с СКФ), мочевина.; HbA1c, глюкоза натощак."
dev2,1156,2026 Задание 19,2026 Липиды 3,Кардио-задания 2026,27,27,126,публичный,2026-06-06,"Пациент Девушка, 19 лет, студентка. Плановый осмотр для допуска к занятиям спортом.",Выберите необходимые лабораторные исследования; Выберите необходимые инструментальные исследования,"Подозрение на СГХС.; Липидный профиль.; АЛТ, АСТ, КФК.; ТТГ, глюкоза."
dev2,1155,2026 Задание 18,2026 Липиды 2,Кардио-задания 2026,27,27,126,публичный,2026-06-06,"Пациент Мужчина, 55 лет. Приёмное отделение стационара (доставлен СМП).",Выберите необходимые лабораторные исследования; Выберите необходимые инструментальные исследования,"Острый панкреатит на фоне тяжелой гипертриглицеридемии.; Липидный профиль.; Амилаза и липаза сыворотки.; ОАК, СРБ."
dev2,1154,2026 Задание 17,2026 Липиды 1,Кардио-задания 2026,27,27,126,публичный,2026-06-06,"Пациент Мужчина, 42 года. Амбулаторный приём у кардиолога.",Выберите необходимые лабораторные исследования; Выберите необходимые инструментальные исследования,"Семейная гиперхолестеринемия (СГХС).; Липидный профиль (ОХС, ХС ЛНП, ХС ЛВП, ТГ).; АЛТ, АСТ, КФК.; Глюкоза крови, креатинин (с расчетом СКФ)."
dev2,1153,2026 Задание 16,2026 Бради 6,Кардио-задания 2026,27,27,126,публичный,2026-06-06,"Пациент Женщина, 72 года. Обратилась на амбулаторный прием к кардиологу.",Выберите необходимые лабораторные исследования; Выберите необходимые инструментальные исследования,"Синдром слабости синусового узла (СССУ).; Симптоматическая брадикардия.; ОАК.; Биохимия (калий, натрий)."
dev2,1152,2026 Задание 15,2026 Бради 5,Кардио-задания 2026,27,27,126,публичный,2026-06-06,"Пациент Мужчина, 68 лет. Обратился на амбулаторный прием к кардиологу.",Выберите необходимые лабораторные исследования; Выберите необходимые инструментальные исследования,"СССУ, синдром тахикардии-брадикардии.; ОАК.; Биохимия (калий, натрий, креатинин, глюкоза).; ТТГ."
dev2,1151,2026 Задание 14,2026 Бради 4,Кардио-задания 2026,27,27,126,публичный,2026-06-06,"Пациент Женщина, 32 года, на 24-й неделе первой беременности. Обратилась к кардиологу.",Выберите необходимые лабораторные исследования; Выберите необходимые инструментальные исследования,"Дисфункция синусового узла (ДСУ).; Атриовентрикулярная блокада.; Общий анализ крови.; Биохимический анализ (калий, натрий, креатинин)."
dev2,1150,2026 Задание 13,2026 Бради 3,Кардио-задания 2026,27,27,126,публичный,2026-06-06,"Пациент Мужчина, 30 лет, профессиональный триатлонист. Обратился для планового ежегодного обследования.",Выберите необходимые лабораторные исследования; Выберите необходимые инструментальные исследования,Физиологическая синусовая брадикардия (спортивное сердце).; Дисфункция синусового узла (ДСУ).; Общий анализ крови.; Исследование уровня ТТГ.
dev2,1149,2026 Задание 12,2026 Бради 2,Кардио-задания 2026,27,27,126,публичный,2026-06-06,"Пациент Мужчина, 68 лет. Обратился на амбулаторный прием к врачу-кардиологу.",Выберите необходимые лабораторные исследования; Выберите необходимые инструментальные исследования,"Дисфункция синусового узла (ДСУ). Синдром тахикардии-брадикардии.; Предсердно-желудочковая блокада (ПЖБ) высокой степени.; Общий анализ крови.; Анализ крови биохимический (калий, натрий, креатинин)."
dev2,1148,2026 Задание 11,2026 Бради 1,Кардио-задания 2026,27,27,126,публичный,2026-06-06,"Пациент Мужчина, 55 лет. Обратился на амбулаторный прием к врачу-кардиологу.",Выберите необходимые лабораторные исследования; Выберите необходимые инструментальные исследования,"Преходящая предсердно-желудочковая блокада (ПЖБ).; Общий (клинический) анализ крови.; Электролиты (калий, натрий).; Исследование уровня тиреотропного гормона (ТТГ) в крови."
dev2,1147,2026 Задание 10,2026 АГ 10,Кардио-задания 2026,27,27,126,публичный,2026-06-06,"Пациент Мужчина, 48 лет. Обратился на плановый приём к врачу-терапевту для прохождения диспансеризации. Активных жалоб не предъявляет.",Выберите необходимые лабораторные исследования; Выберите необходимые инструментальные исследования,"Высокое нормальное артериальное давление.; Общий анализ крови.; Биохимический анализ крови (глюкоза, креатинин с расчетом СКФ, калий, натрий, мочевая кислота).; Липидограмма (ОХС, ЛПНП, ЛПВП, ТГ)."
dev2,1146,2026 Задание 9,2026 АГ 9,Кардио-задания 2026,27,27,126,публичный,2026-06-06,"Пациент Женщина, 45 лет, на амбулаторном приёме у врача-кардиолога с жалобами на стабильно высокие цифры артериального давления, несмотря на приём трёхкомпонент",Выберите необходимые лабораторные исследования; Выберите необходимые инструментальные исследования,Резистентная артериальная гипертензия.; Вторичная (симптоматическая) АГ на фоне первичного гиперальдостеронизма.; Определение соотношения альдостерон/ренин в плазме крови.; Исследование уровня калия и натрия в крови.
dev2,1145,2026 Задание 8,2026 АГ 8,Кардио-задания 2026,27,27,126,публичный,2026-06-06,"Пациент Пациентка К., 32 года, на 28-й неделе первой беременности. Поступила на амбулаторный прием к акушеру-гинекологу с жалобами.",Выберите необходимые лабораторные исследования; Выберите необходимые инструментальные исследования,"Гестационная артериальная гипертензия.; Преэклампсия.; Общий анализ мочи с определением белка.; Биохимический анализ крови (креатинин, мочевая кислота, АЛТ, АСТ)."
dev2,1144,2026 Задание 7,2026 АГ 7,Кардио-задания 2026,27,27,126,публичный,2026-06-06,"Пациент Мужчина, 75 лет. Плановый амбулаторный приём у кардиолога.",Выберите необходимые лабораторные исследования; Выберите необходимые инструментальные исследования,"Гипертоническая болезнь III стадии. Риск 4 (очень высокий).; Общий анализ крови, биохимический анализ крови (креатинин с СКФ, глюкоза, калий, натрий, мочевая кислота), липидограмма, анализ мочи с альбумин/креатинин.; ЭКГ в 12 отведениях, ЭхоКГ, дуплексное сканирование брахиоцефальных артерий.; Гипертоническая болезнь III стадии. АГ 2 степени. ИБС, постинфарктный кардиосклероз. ХСН I, ФК II. Атеросклероз БЦА. ХБП С3аА2. Дислипидемия. Риск 4 (очень высокий)."
dev2,1143,2026 Задание 6,2026 АГ 6,Кардио-задания 2026,27,27,126,публичный,2026-06-06,"Пациент Мужчина, 52 года. Жалобы на частые головные боли и утомляемость.",Выберите необходимые лабораторные исследования; Выберите необходимые инструментальные исследования,"Артериальная гипертензия 2-й степени.; Общий анализ крови.; Глюкоза крови (натощак), HbA1c.; Общий холестерин, ЛПНП/ЛПВП/ТГ."
dev2,1142,2026 Задание 5,2026 АГ 5,Кардио-задания 2026,27,27,126,публичный,2026-06-06,"Пациент Мужчина, 55 лет. Обратился на амбулаторный прием к врачу-терапевту.",Выберите необходимые лабораторные исследования; Выберите необходимые инструментальные исследования,"Гипертоническая болезнь II стадии.; Сахарный диабет 2 типа, стадия субкомпенсации.; Общий анализ крови, глюкоза натощак, HbA1c, липидный профиль, креатинин с расчетом СКФ, калий, натрий, мочевая кислота, анализ мочи с альбумин/креатинин.; ЭКГ в 12 отведениях, ЭхоКГ, СМАД, УЗИ почек и дуплексное сканирование почечных артерий, офтальмоскопия."
dev2,1141,2026 Задание 4,2026 АГ 4,Кардио-задания 2026,27,27,126,публичный,2026-06-06,"Пациент Мужчина, 68 лет, на плановом амбулаторном приёме у врача-кардиолога.",Выберите необходимые лабораторные исследования; Выберите необходимые инструментальные исследования,Резистентная артериальная гипертензия.; Определение соотношения альдостерон/ренин в плазме.; Гликированный гемоглобин (HbA1c).; Суточное мониторирование АД (СМАД).
dev2,1140,2026 Задание 3,2026 АГ 3,Кардио-задания 2026,25,25,126,публичный,2026-06-06,"Пациент Мужчина, 28 лет, профессиональный спортсмен (тяжелая атлетика). Обратился на плановый ежегодный медицинский осмотр.",Выберите необходимые лабораторные исследования; Выберите необходимые инструментальные исследования,"Гипертоническая болезнь.; Вторичная (симптоматическая) АГ.; Изолированная офисная АГ («гипертония белого халата»).; Общий (клинический) анализ крови, общий анализ мочи с определением отношения альбумин/креатинин."
dev2,1139,2026 Задание 2,2026 АГ 2,Кардио-задания 2026,27,27,126,публичный,2026-06-06,"Пациент Мужчина, 62 года. Обратился на плановый прием к кардиологу для коррекции антигипертензивной терапии.",Выберите необходимые лабораторные исследования; Выберите необходимые инструментальные исследования,"Гипертоническая болезнь.; Синдром обструктивного апноэ сна (СОАС).; Общий анализ крови и мочи.; Биохимический анализ крови (креатинин с расчетом СКФ, калий, натрий, глюкоза, мочевая кислота, липидный профиль)."
dev2,1138,2026 Задание 1,2026 АГ 1,Кардио-задания 2026,27,27,126,публичный,2026-06-06,"Пациент Женщина, 42 года, работает бухгалтером. Обратилась на приём к терапевту с жалобами на головные боли, направлена к кардиологу.",Выберите необходимые рутинные лабораторные исследования; Выберите необходимые инструментальные исследования на первичном этапе,"Гипертоническая болезнь I стадии. Артериальная гипертензия 1 степени. Риск 2 (умеренный).; Общий (клинический) анализ крови (гемоглобин, гематокрит).; Исследование уровня глюкозы в крови натощак и HbA1c.; Липидограмма (ОХС, ЛПНП, ЛПВП, ТГ)."
dev2,1137,2026 Нейрохирургия 126. Мальформация Киари I,Нейрохирургический клинический сценарий. Case 34. '100 Case Reviews in Neurosurgery'.,Нейрохирургия,23,23,123,публичный,2026-05-31,"Клинический случай: девочка 14 лет с мальформацией Киари I и сирингомиелией. Цель теста — оценка симптомов, диагностики и лечения. Источник: Case 34, '100 Case ",Лабораторные исследования; Инструментальные исследования,Мальформация Киари I (Верный диагноз); Общий анализ крови; Биохимический анализ крови; Коагулограмма
dev2,1136,2026 Нейрохирургия 125. Идиопатическая внутричерепная гипертензия,Нейрохирургический клинический сценарий. Case 79. '100 Case Reviews in Neurosurgery'.,Нейрохирургия,23,23,123,публичный,2026-05-31,Клинический случай женщины 28 лет с нарастающей головной болью и снижением зрения. Цель теста — оценка и лечение идиопатической внутричерепной гипертензии. Исто,Лабораторные исследования; Инструментальные исследования,Идиопатическая внутричерепная гипертензия; Анализ ЦСЖ на глюкозу; Цитология ЦСЖ; Культура ЦСЖ на бактерии
dev2,1135,2026 Нейрохирургия 124. Мезиальный височный склероз,Нейрохирургический клинический сценарий. Case 76. '100 Case Reviews in Neurosurgery'.,Нейрохирургия,23,23,123,публичный,2026-05-31,Клинический случай: женщина 32 лет с фармакорезистентной эпилепсией и сложными парциальными припадками. Цель теста: оценка и лечение мезиального височного склер,Лабораторные исследования; Инструментальные исследования,Мезиальный височный склероз (Верный диагноз); Уровень антиэпилептических препаратов в крови; Общий анализ крови; Биохимический анализ крови
dev2,1134,2026 Нейрохирургия 123. Болезнь Паркинсона и глубокая стимуляция мозга,Нейрохирургический клинический сценарий. Case 74. '100 Case Reviews in Neurosurgery'.,Нейрохирургия,23,23,123,публичный,2026-05-31,"Мужчина 64 лет с болезнью Паркинсона на протяжении 10 лет. Основные симптомы: тремор покоя, ригидность, брадикинезия. Несмотря на максимальную дозу леводопы, на",Лабораторные исследования; Инструментальные исследования,Болезнь Паркинсона; Уровень витамина B12; Тиамин (витамин B1); Печеночные ферменты (LFTs)
dev2,1133,2026 Нейрохирургия 122. Невралгия тройничного нерва,Нейрохирургический клинический сценарий. Case 72. '100 Case Reviews in Neurosurgery'.,Нейрохирургия,23,23,123,публичный,2026-05-31,Клинический случай: Женщина 67 лет с интенсивными приступообразными болями в правой половине лица. Цель теста: определить правильный диагноз и тактику лечения. ,Лабораторные исследования; Инструментальные исследования,Невралгия тройничного нерва; Общий анализ крови; Биохимический анализ крови; Коагулограмма
dev2,1132,2026 Нейрохирургия 121. Метастатическое поражение позвоночника,Нейрохирургический клинический сценарий. Case 55. '100 Case Reviews in Neurosurgery'.,Нейрохирургия,23,23,123,публичный,2026-05-31,"Пациентка 63 лет с раком почки, жалуется на прогрессирующую боль в пояснице и слабость в ногах. МРТ выявило метастатическое поражение L2 с патологическим перело",Лабораторные исследования; Инструментальные исследования,Метастатическое поражение позвоночника (Верный диагноз); Общий анализ крови; С-реактивный белок (CRP); Скорость оседания эритроцитов (СОЭ)
dev2,1131,2026 Нейрохирургия 120. Эпидуральный абсцесс позвоночника,Нейрохирургический клинический сценарий. Case 54. '100 Case Reviews in Neurosurgery'.,Нейрохирургия,23,23,123,публичный,2026-05-31,Мужчина 48 лет с наркоманией и лихорадкой 39°C жалуется на нарастающую боль в грудном отделе позвоночника и слабость в ногах. МРТ с контрастированием выявило эп,Лабораторные исследования; Инструментальные исследования,Эпидуральный абсцесс позвоночника; Общий анализ крови; С-реактивный белок; Посев крови на стерильность
dev2,1130,2026 Нейрохирургия 119. Парамедианная грыжа диска L4–L5 с компрессией корешка L4,Нейрохирургический клинический сценарий. Case 52. '100 Case Reviews in Neurosurgery'.,Нейрохирургия,23,23,123,публичный,2026-05-31,Мужчина 52 лет с острой болью по наружной поверхности левой ноги и слабостью разгибателей стопы. Цель теста — определить правильную тактику диагностики и лечени,Лабораторные исследования; Инструментальные исследования,Парамедианная грыжа диска L4–L5 с компрессией корешка L4; Общий анализ крови; Коагулограмма; ЭКГ
dev2,1129,2026 Нейрохирургия 118. Синдром конского хвоста,Нейрохирургический клинический сценарий. Case 51. '100 Case Reviews in Neurosurgery'.,Нейрохирургия,23,23,123,публичный,2026-05-31,"Клинический случай: Мужчина 45 лет с острой болью в пояснице, иррадиирующей в обе ноги, задержкой мочеиспускания и онемением промежности. Цель теста: оценка диа",Лабораторные исследования; Инструментальные исследования,Синдром конского хвоста; Общий анализ крови; Биохимический анализ крови; Коагулограмма
dev2,1128,2026 Нейрохирургия 117. Шейная спондилотическая миелопатия,Нейрохирургический клинический сценарий. Case 50. '100 Case Reviews in Neurosurgery'.,Нейрохирургия,23,23,123,публичный,2026-05-31,Пациент 58 лет с жалобами на нарастающую слабость в руках и нарушение мелкой моторики в течение 6 месяцев. На МРТ выявлен многоуровневый стеноз шейного канала с,Лабораторные исследования; Инструментальные исследования,Шейная спондилотическая миелопатия; Общий анализ крови; Коагулограмма; Глюкоза крови
dev2,1127,2026 Нейрохирургия 116. Взрывной перелом L1 с ретропульсией,Нейрохирургический клинический сценарий. Case 45. '100 Case Reviews in Neurosurgery'.,Нейрохирургия,23,23,123,публичный,2026-05-31,"Клинический случай: Мужчина 40 лет, падение с высоты 3 м, боль в поясничном отделе, параплегия. Цель теста: оценка и лечение взрывного перелома L1. Источник: Ca",Лабораторные исследования; Инструментальные исследования,Взрывной перелом L1 с ретропульсией (Верный диагноз); Общий анализ крови; Биохимический анализ крови; Коагулограмма
dev2,1126,2026 Нейрохирургия 115. Подвывих шейного отдела позвоночника с компрессией спинного мозга,Нейрохирургический клинический сценарий. Case 42. '100 Case Reviews in Neurosurgery'.,Нейрохирургия,23,23,123,публичный,2026-05-31,"Мужчина 35 лет поступил после ДТП с жалобами на боль в шее, слабость и онемение в руках. КТ показала подвывих С5–С6 с нарушением колонны, а МРТ выявила компресс",Лабораторные исследования; Инструментальные исследования,Подвывих шейного отдела позвоночника с компрессией спинного мозга; Общий анализ крови; Коагулограмма; С-реактивный белок (CRP)
dev2,1125,2026 Нейрохирургия 114. Проникающее огнестрельное ранение головы,Нейрохирургический клинический сценарий. Case 38. '100 Case Reviews in Neurosurgery'.,Нейрохирургия,23,23,123,публичный,2026-05-31,"Пациент — мужчина 28 лет, поступил с огнестрельным проникающим ранением головы. Уровень сознания по шкале Глазго — 9 баллов. На КТ выявлено инородное тело метал",Лабораторные исследования; Инструментальные исследования,Проникающее огнестрельное ранение головы; Общий анализ крови; Коагулограмма; Биохимический анализ крови
dev2,1124,2026 Нейрохирургия 113. Хроническая субдуральная гематома,Нейрохирургический клинический сценарий. Case 41. '100 Case Reviews in Neurosurgery'.,Нейрохирургия,23,23,123,публичный,2026-05-31,"Пациент: мужчина 78 лет с деменцией и прогрессирующей слабостью в правой руке в течение 3 недель, а также пошатыванием при ходьбе. КТ показала изо-/гиподенсную ",Лабораторные исследования; Инструментальные исследования,Хроническая субдуральная гематома; Общий анализ крови; Коагулограмма; Тест на тромбоэластографию
dev2,1123,2026 Нейрохирургия 112. Эпидуральная гематома,Нейрохирургический клинический сценарий. Case 40. '100 Case Reviews in Neurosurgery'.,Нейрохирургия,23,23,123,публичный,2026-05-31,Мужчина 22 лет поступил после ДТП с потерей сознания и последующим 'светлым промежутком'. Цель теста — оценка и лечение эпидуральной гематомы. Источник: Case 40,Лабораторные исследования; Инструментальные исследования,Эпидуральная гематома; Общий анализ крови; Коагулограмма; Электролиты крови
dev2,1122,2026 Нейрохирургия 111. Метастазы в головной мозг,Нейрохирургический клинический сценарий. Case 31. '100 Case Reviews in Neurosurgery'.,Нейрохирургия,23,23,123,публичный,2026-05-31,Женщина 61 года с анамнезом рака молочной железы в ремиссии 4 года. Острое развитие правостороннего гемипареза. МРТ выявило три очага с перифокальным отёком и к,Лабораторные исследования; Инструментальные исследования,Метастазы в головной мозг; Общий анализ крови; Биохимический анализ крови; Онкомаркеры
dev2,1121,2026 Нейрохирургия 110. Глиобластома,Нейрохирургический клинический сценарий. Case 26. '100 Case Reviews in Neurosurgery'.,Нейрохирургия,23,23,123,публичный,2026-05-31,Пациент 67 лет с нарастающей головной болью и единственным генерализованным судорожным припадком. МРТ с контрастным усилением выявило гетерогенное образование в,Лабораторные исследования; Инструментальные исследования,Глиобластома; Общий анализ крови; Биохимический анализ крови; ПСА (простат-специфический антиген)
dev2,1120,2026 Нейрохирургия 109. Апоплексия гипофиза,Нейрохирургический клинический сценарий. Case 22. '100 Case Reviews in Neurosurgery'.,Нейрохирургия,23,23,123,публичный,2026-05-31,"Пациент, мужчина 41 года, поступил с жалобами на сильнейшую головную боль, диплопию и снижение остроты зрения. МРТ выявило кровоизлияние в аденому гипофиза, КТ ",Лабораторные исследования; Инструментальные исследования,Апоплексия гипофиза; Уровень кортизола; Уровень АКТГ; Уровень пролактина
dev2,1119,2026 Нейрохирургия 108. Менингиома крыла основной кости,Нейрохирургический клинический сценарий. Case 20. '100 Case Reviews in Neurosurgery'.,Нейрохирургия,23,23,123,публичный,2026-05-31,"Женщина 55 лет обратилась с жалобами на нарастающий левосторонний проптоз, снижение остроты зрения левого глаза и периодические головные боли. МРТ выявила менин",Лабораторные исследования; Инструментальные исследования,Менингиома крыла основной кости; Общий анализ крови; С-реактивный белок (CRP); Скорость оседания эритроцитов (СОЭ)
dev2,1118,2026 Нейрохирургия 107. Вестибулярная шваннома,Нейрохирургический клинический сценарий. Case 19. '100 Case Reviews in Neurosurgery'.,Нейрохирургия,23,23,123,публичный,2026-05-31,"Сценарий #107: Женщина 48 лет с прогрессирующей односторонней нейросенсорной тугоухостью, звоном в ухе и лёгким дисбалансом. МРТ выявила опухоль мостомозжечково",Лабораторные исследования; Инструментальные исследования,Вестибулярная шваннома (Верный диагноз); Аудиометрия; Тест на слуховые вызванные потенциалы; Электронейростимуляция
dev2,1117,2026 Нейрохирургия 106. Геморрагический инсульт в доминантном полушарии,Нейрохирургический клинический сценарий. Case 12. '100 Case Reviews in Neurosurgery'.,Нейрохирургия,23,23,123,публичный,2026-05-31,"Пациент, 62 года, поступил с острой моторной афазией и правосторонним гемипарезом. КТ выявила гиперденсный очаг 45 мл в области левых базальных ганглиев/скорлуп",Лабораторные исследования; Инструментальные исследования,Геморрагический инсульт в области левых базальных ганглиев; Общий анализ крови; Коагулограмма; Электролиты крови
dev2,1116,2026 Нейрохирургия 105. Твёрдо-мозговая артериовенозная фистула,Нейрохирургический клинический сценарий. Case 7. '100 Case Reviews in Neurosurgery'.,Нейрохирургия,23,23,123,публичный,2026-05-31,"Мужчина 58 лет с прогрессирующим пульсирующим шумом в правом ухе, нарастающей головной болью и эпизодами прикрытия глаз. Цель теста: оценка и лечение твёрдо-моз",Лабораторные исследования; Инструментальные исследования,Твёрдо-мозговая артериовенозная фистула; Общий анализ крови; Биохимический анализ крови; Коагулограмма
dev2,1115,2026 Нейрохирургия 104. Бессимптомная аневризма передней соединительной артерии,Нейрохирургический клинический сценарий. Case 4. '100 Case Reviews in Neurosurgery'.,Нейрохирургия,23,23,123,публичный,2026-05-31,"Мужчина 45 лет с бессимптомной аневризмой передней соединительной артерии, выявленной случайно при МРТ по поводу головной боли. Цель теста — оценка тактики веде",Лабораторные исследования; Инструментальные исследования,Бессимптомная аневризма передней соединительной артерии; Общий анализ крови; Коагулограмма; Биохимический анализ крови
dev2,1114,2026 Нейрохирургия 103. Разрыв аневризмы средней мозговой артерии,Нейрохирургический клинический сценарий. Case 3. '100 Case Reviews in Neurosurgery'.,Нейрохирургия,23,23,123,публичный,2026-05-31,"Пациентка 52 лет поступила с внезапной 'громоподобной' головной болью, тошнотой, рвотой и менингизмом. На КТ выявлено субарахноидальное кровоизлияние. Уровень с",Лабораторные исследования; Инструментальные исследования,Разрыв аневризмы средней мозговой артерии; Общий анализ крови; Коагулограмма; Электролиты крови
dev2,1113,2026 Нейрохирургия 102. Кавернозная мальформация головного мозга,Нейрохирургический клинический сценарий. Case 2. '100 Case Reviews in Neurosurgery'.,Нейрохирургия,23,0,128 123,публичный,2026-05-31,Мужчина 34 лет обратился в приёмное отделение с повторяющимися судорожными приступами. Цель сценария — провести дифференциальную диагностику внутримозгового обр,Лабораторные исследования; Инструментальные исследования,"Кавернозная мальформация головного мозга с симптоматической эпилепсией; Общий анализ крови; Коагулограмма (ПВ/МНО, АЧТВ, фибриноген); Биохимический анализ крови (глюкоза, электролиты, печёночные пробы, креатинин)"
dev2,1112,2026 Нейрохирургия 101. АВМ головного мозга,"Клинический сценарий: АВМ головного мозга у мужчины 35 лет с дебютом парциальных судорог. Диагностика, классификация по Spetzler-Martin, хирургическое лечение. Источник: 100 Case Reviews in Neurosurgery, Case 1.",Нейрохирургия,23,0,128 123,публичный,2026-05-31,"Мужчина, 35 лет, без значимых заболеваний в анамнезе. Поступил в нейрохирургическое отделение по экстренным показаниям с дебютом парциальных судорог и выраженны",Лабораторные исследования; Инструментальные исследования,"АВМ головного мозга левой теменно-затылочной области, Grade 3 по Spetzler-Martin; Общий анализ крови, коагулограмма (ПВ/МНО, АЧТВ, тромбоциты); Биохимия: глюкоза, натрий, калий, креатинин, АЛТ/АСТ; Уровень пролактина крови (для подтверждения истинного эпилептического приступа)"
dev2,1111,2026 АГ 4 copy copy v1.0,2026 АГ 4,Прочее,28,28,,"копия, публичный",2026-04-26,"Пациент Мужчина, 68 лет, на плановом амбулаторном приёме у врача-кардиолога.",Выберите необходимые лабораторные исследования; Выберите необходимые инструментальные исследования,Резистентная артериальная гипертензия.; Определение соотношения альдостерон/ренин в плазме.; Гликированный гемоглобин (HbA1c).; Суточное мониторирование АД (СМАД).
dev2,1110,2026 АГ 4 copy copy,2026 АГ 4,Прочее,23,23,,"выключен, копия, публичный",2026-04-26,"Пациент Мужчина, 68 лет, на плановом амбулаторном приёме у врача-кардиолога.",Выберите необходимые лабораторные исследования; Выберите необходимые инструментальные исследования,Резистентная артериальная гипертензия.; Определение соотношения альдостерон/ренин в плазме.; Гликированный гемоглобин (HbA1c).; Суточное мониторирование АД (СМАД).
dev2,1109,2026 СВТ 1 1.0 copy v1.0,2026 НЖТ 1,Прочее,27,27,,"копия, публичный",2026-04-26,"Пациент Пациент, мужчина 35 лет, доставлен бригадой скорой медицинской помощи в приёмное отделение с жалобами на внезапно возникшее сильное сердцебиение и голов",Выберите необходимые лабораторные исследования; Выберите необходимые инструментальные исследования,"Фибрилляция предсердий с антеградным проведением по дополнительному проводящему пути (синдром Вольфа-Паркинсона-Уайта).; Общий (клинический) анализ крови.; Исследование уровня креатинина, натрия, калия, глюкозы.; Исследование уровня тиреотропного гормона (ТТГ)."
dev2,1106,2026 ХСН 2 copy copy,2026 ХСН 2,Прочее,23,23,,"выключен, копия, публичный",2026-04-26,"Пациент Пациент: Мужчина, 60 лет. Доставлен бригадой скорой медицинской помощи (СМП) в приемное отделение кардиологического стационара.",Назначение лабораторных исследований; Назначение инструментальных исследований,"Острая декомпенсация хронической сердечной недостаточности на фоне тахисистолической формы фибрилляции предсердий.; Исследование уровня натрийуретического пептида (BNP или NT-proBNP).; Общий и биохимический анализы крови (креатинин с рСКФ, калий, натрий, печеночные ферменты, глюкоза).; Исследование уровня тропонина I или T."
dev2,1105,2026 АГ 2 copy copy v1.45,2026 АГ 2,Прочее,26,26,,"копия, публичный",2026-04-26,"Пациент Мужчина, 62 года. Обратился на плановый прием к кардиологу для коррекции антигипертензивной терапии.",Выберите необходимые лабораторные исследования; Выберите необходимые инструментальные исследования,"Гипертоническая болезнь.; Синдром обструктивного апноэ сна (СОАС).; Общий анализ крови и мочи.; Биохимический анализ крови (креатинин с расчетом СКФ, калий, натрий, глюкоза, мочевая кислота, липидный профиль)."
dev2,1063,2026 АГ 2 copy copy v1.15,2026 АГ 2,Прочее,26,26,,"копия, публичный",2026-04-24,"Пациент Мужчина, 62 года. Обратился на плановый прием к кардиологу для коррекции антигипертензивной терапии.",Выберите необходимые лабораторные исследования; Выберите необходимые инструментальные исследования,"Гипертоническая болезнь.; Синдром обструктивного апноэ сна (СОАС).; Общий анализ крови и мочи.; Биохимический анализ крови (креатинин с расчетом СКФ, калий, натрий, глюкоза, мочевая кислота, липидный профиль)."
dev2,1060,2026 АГ 2 copy copy,2026 АГ 2,Прочее,21,21,,"копия, публичный",2026-04-24,"Пациент Мужчина, 62 года. Обратился на плановый прием к кардиологу для коррекции антигипертензивной терапии.",Выберите необходимые лабораторные исследования; Выберите необходимые инструментальные исследования,"Гипертоническая болезнь.; Синдром обструктивного апноэ сна (СОАС).; Общий анализ крови и мочи.; Биохимический анализ крови (креатинин с расчетом СКФ, калий, натрий, глюкоза, мочевая кислота, липидный профиль)."
dev2,1058,2026 АГ 2 copy copy v1.12,2026 АГ 2,Прочее,26,26,,"копия, публичный",2026-04-24,"Пациент Мужчина, 62 года. Обратился на плановый прием к кардиологу для коррекции антигипертензивной терапии.",Выберите необходимые лабораторные исследования; Выберите необходимые инструментальные исследования,"Гипертоническая болезнь.; Синдром обструктивного апноэ сна (СОАС).; Общий анализ крови и мочи.; Биохимический анализ крови (креатинин с расчетом СКФ, калий, натрий, глюкоза, мочевая кислота, липидный профиль)."
dev2,1045,2026 АГ 2 copy copy v1.0,2026 АГ 2,Прочее,21,21,,"копия, публичный",2026-04-24,"Пациент Мужчина, 62 года. Обратился на плановый прием к кардиологу для коррекции антигипертензивной терапии.",Выберите необходимые лабораторные исследования; Выберите необходимые инструментальные исследования,"Гипертоническая болезнь.; Синдром обструктивного апноэ сна (СОАС).; Общий анализ крови и мочи.; Биохимический анализ крови (креатинин с расчетом СКФ, калий, натрий, глюкоза, мочевая кислота, липидный профиль)."
dev2,1043,2026 АГ 1 copy,2026 АГ 1,Прочее,23,23,,"копия, публичный",2026-04-24,"Пациент Женщина, 42 года, работает бухгалтером. Обратилась на приём к терапевту с жалобами на головные боли, направлена к кардиологу.",Выберите необходимые рутинные лабораторные исследования; Выберите необходимые инструментальные исследования на первичном этапе,"Гипертоническая болезнь I стадии. Артериальная гипертензия 1 степени. Риск 2 (умеренный).; Общий (клинический) анализ крови (гемоглобин, гематокрит).; Исследование уровня глюкозы в крови натощак и HbA1c.; Липидограмма (ОХС, ЛПНП, ЛПВП, ТГ)."
dev2,1040,2026 СВТ 1 1.0 copy,2026 НЖТ 1,Прочее,26,26,,"копия, публичный",2026-04-23,"Пациент Пациент, мужчина 35 лет, доставлен бригадой скорой медицинской помощи в приёмное отделение с жалобами на внезапно возникшее сильное сердцебиение и голов",Выберите необходимые лабораторные исследования; Выберите необходимые инструментальные исследования,"Фибрилляция предсердий с антеградным проведением по дополнительному проводящему пути (синдром Вольфа-Паркинсона-Уайта).; Общий (клинический) анализ крови.; Исследование уровня креатинина, натрия, калия, глюкозы.; Исследование уровня тиреотропного гормона (ТТГ)."
dev2,1039,2026 СВТ 1  copy,2026 НЖТ 1,Прочее,23,23,,"копия, публичный",2026-04-23,"Пациент Пациент, мужчина 35 лет, доставлен бригадой скорой медицинской помощи в приёмное отделение с жалобами на внезапно возникшее сильное сердцебиение и голов",Выберите необходимые лабораторные исследования; Выберите необходимые инструментальные исследования,"Фибрилляция предсердий с антеградным проведением по дополнительному проводящему пути (синдром Вольфа-Паркинсона-Уайта).; Общий (клинический) анализ крови.; Исследование уровня креатинина, натрия, калия, глюкозы.; Исследование уровня тиреотропного гормона (ТТГ)."
dev2,1036,2026 АГ 1 copy  Эталон,2026 АГ 1,Прочее,28,28,,"копия, публичный",2026-04-16,"Пациент Женщина, 42 года, работает бухгалтером. Обратилась на приём к терапевту с жалобами на головные боли, направлена к кардиологу.",Выберите необходимые рутинные лабораторные исследования; Выберите необходимые инструментальные исследования на первичном этапе,"Гипертоническая болезнь I стадии. Артериальная гипертензия 1 степени. Риск 2 (умеренный).; Общий (клинический) анализ крови (гемоглобин, гематокрит).; Исследование уровня глюкозы в крови натощак и HbA1c.; Липидограмма (ОХС, ЛПНП, ЛПВП, ТГ)."
dev2,1030,test copy,test: клинический кейс,Прочее,9,9,,"копия, служебный, публичный",2026-04-15,Работайте только с данными источника ниже. В этом режиме не добавляйте внешние факты и не достраивайте отсутствующие детали пациента. Короткая выдержка: === КЛИ,Шаг 1: первичная клиническая оценка; Шаг 2: интерпретация клинических данных,"Выделить только явно указанные факты и отделить их от предположений; Формулировать выводы в пределах доступных фактов, явно отмечая неопределённость; Сначала зафиксировать уровень доказательности и только затем делать осторожные выводы; Явная опора на факты источника и честное указание ограничений данных"
dev2,1029,Клинический случай copy,Клинический случай: клинический кейс,Прочее,10,10,,"копия, публичный",2026-04-15,"Клинический случай. Девочка 10 лет поступила в больницу с жалобами на утомляемость, тошноту, боли в животе и артралгию. Последние 2 года после перенесённой инфе",Триггер развития заболевания; Дифференциальная диагностика,Аутоиммунный гепатит 1 типа (АИГ-1); Недавно перенесённая ВЭБ-инфекция; ПЦР на гепатиты B и C; Анализ меди в моче и исследование на кольца Кайзера–Флейшера
dev2,1028,Клинический случай claude,Клинический случай: клинический кейс,Прочее,10,10,,публичный,2026-04-15,"Клинический случай. В больничный комплекс 15 мая 2022 года поступила ранее здоровая девочка 10 лет с жалобами на утомляемость, тошноту, боли в животе и артралги",Триггер развития АИГ,"Аутоиммунный гепатит 1 типа (АИГ-1); Недавно перенесённая инфекция ВЭБ; Преднизолон 1 мг/кг/сутки, через 2 недели добавлен азатиоприн; Полная нормализация активности трансаминаз"
dev2,1026,Клинический случай,Клинический случай: клинический кейс,Прочее,9,9,,публичный,2026-04-15,Работайте только с данными источника ниже. В этом режиме не добавляйте внешние факты и не достраивайте отсутствующие детали пациента. Короткая выдержка: === КЛИ,Шаг 1: первичная клиническая оценка; Шаг 2: интерпретация клинических данных,"Выделить только явно указанные факты и отделить их от предположений; Формулировать выводы в пределах доступных фактов, явно отмечая неопределённость; Сначала зафиксировать уровень доказательности и только затем делать осторожные выводы; Явная опора на факты источника и честное указание ограничений данных"
dev2,1025,АИГ-1 после ВЭБ у ребёнка,"Ювенильный аутоиммунный гепатит 1 типа, клинический случай",Акушерство и гинекология,14,14,,публичный,2026-04-15,"Пациент: девочка 10 лет, ранее практически здорова. Жалобы: утомляемость, тошнота, боли в животе, артралгия. Клиническая задача: провести дифференциальную диагн",Какие исследования приоритетны на первом этапе?,"ОАК и биохимический анализ крови (включая трансаминазы, билирубин, ГГТ, ЩФ, IgG); ПЦР на HBV и HCV; Скрининг на болезнь Вильсона (в т.ч. медь в моче) и осмотр глаз на кольца Кайзера—Флейшера; Панель аутоантител (ANA, SMA, LKM, AMA) и IgG"
dev2,1023,2026 АГ 1 copy Copy,2026 АГ 1,Прочее,26,26,,"копия, публичный",2026-04-15,"Пациент Женщина, 42 года, работает бухгалтером. Обратилась на приём к терапевту с жалобами на головные боли, направлена к кардиологу.",Выберите необходимые рутинные лабораторные исследования; Выберите необходимые инструментальные исследования на первичном этапе,"Гипертоническая болезнь I стадии. Артериальная гипертензия 1 степени. Риск 2 (умеренный).; Общий (клинический) анализ крови (гемоглобин, гематокрит).; Исследование уровня глюкозы в крови натощак и HbA1c.; Липидограмма (ОХС, ЛПНП, ЛПВП, ТГ)."
dev2,1020,Муцинозная карцинома добавочной молочной железы у мужчины: аксиллярное поражение и метастазы,"<p><strong>Клинический источник:</strong> Male accessory breast mucinous carcinoma: a case report and literature review. (2026)</p> <p><strong>Идентификатор источника:</strong> pubmed:41947000</p> <ul><li>PubMed: <a href=""https://pubmed.ncb",Прочее,11,11,116,публичный,2026-04-08,Клинический кейс. Мужчина 72 лет обратился в клинику с жалобой на образование в правой подмышечной области. При обследовании выявлено прогрессирующее увеличение,Эпидемиологический вопрос; Выбор диагностического метода,"0,3–0,6%; Патологическое исследование (гистопатология); Хирургическое лечение (удаление опухоли и лимфатических узлов); В 2025 году, через 4 года после первичного диагноза (2021)"
dev2,1019,Множественные очаги ишемии мозга при вторичном антифосфолипидном синдроме у онкологических пациентов [m1t1-cquv],<p><strong>Клинический источник:</strong> [Multiple foci of cerebral ischemia in cancer patients with secondary antiphospholipid syndrome]. (2026)</p> <p><strong>Идентификатор источника:</strong> pubmed:41943966</p> <ul><li>PubMed: <a href=,Генетика,11,11,113,публичный,2026-04-07,"Клинический источник: Публикация в журнале Zhurnal nevrologii i psikhiatrii imeni S.S. Korsakova (2026), DOI: 10.17116/jnevro202612603284. В данной публикации п","Выбор метода визуализации; Системные заболевания, ассоциированные с вторичным АФС",МРТ головного мозга; Системная красная волчанка; Лимфопролиферативные заболевания; ВИЧ-инфекция
dev2,1015,Множественные очаги ишемии мозга при вторичном антифосфолипидном синдроме у онкологических пациентов,<p><strong>Клинический источник:</strong> [Multiple foci of cerebral ischemia in cancer patients with secondary antiphospholipid syndrome]. (2026)</p> <p><strong>Идентификатор источника:</strong> pubmed:41943966</p> <ul><li>PubMed: <a href=,Генетика,11,11,113,публичный,2026-04-07,"Клинический источник: Публикация в журнале Zhurnal nevrologii i psikhiatrii imeni S.S. Korsakova (2026), DOI: 10.17116/jnevro202612603284. В данной публикации п","Выбор метода визуализации; Системные заболевания, ассоциированные с вторичным АФС",МРТ головного мозга; Системная красная волчанка; Лимфопролиферативные заболевания; ВИЧ-инфекция
dev2,1014,Гипертензивный криз у ребёнка 13 лет с первичной артериальной гипертензией,<p><strong>Клинический источник:</strong> First Attack Hypertensive Crisis in Children with Primary Hypertension: a Case Report</p> <p><strong>Идентификатор источника:</strong> crossref:10.47191/ijmscrs/v2-i11-18</p> <ul><li>PubMed: <a href,Прочее,10,10,110,публичный,2026-04-07,"Клинический случай из публикации: Мальчик 13 лет поступил в отделение неотложной помощи с жалобами на носовое кровотечение (эпистаксис), тошноту, рвоту и боль в",Жалобы при поступлении; Измерение артериального давления,Носовое кровотечение (эпистаксис); Тошнота; Рвота; Боль в животе
dev2,1013,Гипертензивный криз у ребёнка с первичной гипертензией: носовое кровотечение и неотложная помощь,<p><strong>Клинический источник:</strong> First Attack Hypertensive Crisis in Children with Primary Hypertension: a Case Report</p> <p><strong>Идентификатор источника:</strong> crossref:10.47191/ijmscrs/v2-i11-18</p> <ul><li>PubMed: <a href,Прочее,10,10,107,публичный,2026-04-07,"Клинический случай из публикации: В отделение неотложной помощи поступил мальчик 13 лет с жалобами на носовое кровотечение (эпистаксис), тошноту, рвоту и боль в",Уровень АД при поступлении; Клинические проявления при поступлении,180/110 мм рт. ст.; Носовое кровотечение (эпистаксис); Тошнота; Рвота
dev2,1012,Инсульт при феохромоцитоме: гипертензивный криз как первое проявление [m1t1-egnz],<p><strong>Клинический источник:</strong> Stroke secondary to hypertension as initial presentation in pheochromocytoma: a case report (2025)</p> <p><strong>Идентификатор источника:</strong> semanticscholar:21cf0bc2bb7b4a2a8f897e1b99078dee27,Прочее,11,11,104,публичный,2026-04-06,Клинический случай из публикации (2025) Представляем редкое и жизнеугрожающее осложнение: пациент 54 лет мужского пола поступил с острым инсультом и гипертониче,Результаты компьютерной томографии; Оценка систолической функции левого желудочка,Геморрагический инсульт (гиперденсное внутримозговое кровоизлияние); Фракция выброса 79%; Нормальный результат; Феохромоцитома
dev2,1008,Инсульт при феохромоцитоме: гипертензивный криз как первое проявление,<p><strong>Клинический источник:</strong> Stroke secondary to hypertension as initial presentation in pheochromocytoma: a case report (2025)</p> <p><strong>Идентификатор источника:</strong> semanticscholar:21cf0bc2bb7b4a2a8f897e1b99078dee27,Прочее,11,11,104,публичный,2026-04-06,Клинический случай из публикации (2025) Представляем редкое и жизнеугрожающее осложнение: пациент 54 лет мужского пола поступил с острым инсультом и гипертониче,Результаты компьютерной томографии; Оценка систолической функции левого желудочка,Геморрагический инсульт (гиперденсное внутримозговое кровоизлияние); Фракция выброса 79%; Нормальный результат; Феохромоцитома
dev2,1007,Определение и классификация артериальной гипертензии,"Кейсы еще не подобраны. Уточните контекст и ключевые слова для модуля ""Артериальная гипертензия: определение, эпидемиология и патогенез"", затем запустите поиск clinical cases.",Прочее,9,9,104,публичный,2026-04-06,Работайте только с данными источника ниже. В этом режиме не добавляйте внешние факты и не достраивайте отсутствующие детали пациента. Короткая выдержка: Кейсы е,Шаг 1: что точно известно из источника; Шаг 2: корректная интерпретация,"Выделить только явно указанные факты и отделить их от предположений; Формулировать выводы в пределах доступных фактов, явно отмечая неопределённость; Сначала зафиксировать уровень доказательности и только затем делать осторожные выводы; Явная опора на факты источника и честное указание ограничений данных"
dev2,1006,"Артериальная гипертензия: определение, эпидемиология и патогенез [m1t1-pepl]","Кейсы еще не подобраны. Уточните контекст и ключевые слова для модуля ""Артериальная гипертензия: определение, эпидемиология и патогенез"", затем запустите поиск clinical cases.",Прочее,0,0,101,публичный,2026-04-06,,,
dev2,997,"Артериальная гипертензия: определение, эпидемиология и патогенез [m1t1-ondy]","Кейсы еще не подобраны. Уточните контекст и ключевые слова для модуля ""Артериальная гипертензия: определение, эпидемиология и патогенез"", затем запустите поиск clinical cases.",Прочее,0,0,101,публичный,2026-04-06,,,
dev2,960,Тест 2: Артериальная Гипертония,Артериальная гипертензия (АГ) — синдром повышения систолического артериального давления (САД) ≥140 мм рт. ст. и/или диастолического артериального давления (ДАД) ≥90 мм рт. ст. Гипертоническая болезнь (ГБ) — хронически протекающее заболевани,Прочее,0,0,98,публичный,2026-04-06,,,
dev2,956,Гипертонический криз у подростка с первичной гипертонией: клинический случай,<p><strong>Клинический источник:</strong> First Attack Hypertensive Crisis in Children with Primary Hypertension: a Case Report</p> <p><strong>Идентификатор источника:</strong> crossref:10.47191/ijmscrs/v2-i11-18</p> <ul><li>PubMed: <a href,Прочее,13,13,98,публичный,2026-04-06,Клинический случай (источник: First Attack Hypertensive Crisis in Children with Primary Hypertension: a Case Report). Мальчик 13 лет поступил в отделение неотло,Факторы риска в клинической картине; Уровень артериального давления,"Избыточная масса тела (ИМТ 25,2); Положительный семейный анамнез гипертензии; 180/110 мм рт. ст.; Лабораторные анализы в пределах нормы"
dev2,946,Феохромоцитома у ребенка: управление артериальной гипертензией при опухоли надпочечника,<p><strong>Клинический источник:</strong> Neuraxial-Enhanced Hemodynamic Control in a Nine-Year-Old Child With Pheochromocytoma: A Case Report. (2026)</p> <p><strong>Идентификатор источника:</strong> europepmc:41909323</p> <ul><li>PubMed: <,Прочее,10,10,95,публичный,2026-04-06,"Клинический случай из публикации: Neuraxial-Enhanced Hemodynamic Control in a Nine-Year-Old Child With Pheochromocytoma: A Case Report (Cureus, 2026). Источник:",Тип артериальной гипертензии при феохромоцитоме; Симптомы феохромоцитомы,Вторичная (симптоматическая) артериальная гипертензия; Пароксизмальная (приступообразная) артериальная гипертензия; Головная боль; Профузная потливость
dev2,945,Опухолевая диссеминация при трансбронхиальной биопсии: механизмы и профилактика,"<p><strong>Клинический источник:</strong> Tumour Seeding After Transbronchial Biopsy: Mechanisms, Clinical Implications, and Prevention Strategies-A Narrative Review. (2026)</p> <p><strong>Идентификатор источника:</strong> pubmed:41936937</",Прочее,12,12,95,публичный,2026-04-06,"Клинический источник: Tumour Seeding After Transbronchial Biopsy: Mechanisms, Clinical Implications, and Prevention Strategies-A Narrative Review (2026). Опухол",Количество выявленных случаев опухолевого сидинга; Сроки развития опухолевого сидинга после процедуры,4 хорошо документированных случая; От одной недели до четырёх месяцев; Аденокарцинома; Плоскоклеточный рак
dev2,944,Амилоидоз с поражением ЖКТ: диагностические трудности при множественном органном вовлечении,<p><strong>Клинический источник:</strong> Amyloidosis with predominant gastrointestinal symptoms: a challenge for physicians and a burden for patients: a case report. (2026)</p> <p><strong>Идентификатор источника:</strong> pubmed:41937196</,Прочее,10,10,95,публичный,2026-04-06,"Клинический случай из публикации (PubMed:41937196) Мужчина 63 лет иранского происхождения обратился с жалобами на перемежающуюся диарею, диффузную абдоминальную",Диагностический метод для подтверждения амилоидоза; Эндоскопические находки в желудке,Печень; Биопсия жировой ткани брюшной полости; Множественные чистые язвы в антруме; Хроническая частично активная аксонально-доминирующая полирадикулонейропатия
dev2,943,"Артериальная гипертензия: определение, эпидемиология и патогенез","Кейсы еще не подобраны. Уточните контекст и ключевые слова для модуля ""Артериальная гипертензия: определение, эпидемиология и патогенез"", затем запустите поиск clinical cases.",Прочее,0,0,92,публичный,2026-04-03,,,
dev2,921,Инфаркт миокарда без обструкции коронарных артерий во время операции,<p><strong>Клинический источник:</strong> Myocardial infarction with non-obstructive coronary arteries in a patient undergoing nephrectomy under general anesthesia. (2026)</p> <p><strong>Идентификатор источника:</strong> pubmed:41930273</p>,Прочее,9,9,89,публичный,2026-04-03,Работайте только с данными источника ниже. В этом режиме не добавляйте внешние факты и не достраивайте отсутствующие детали пациента. Короткая выдержка: Клиниче,Шаг 1: что точно известно из источника; Шаг 2: корректная интерпретация,"Выделить только явно указанные факты и отделить их от предположений; Формулировать выводы в пределах доступных фактов, явно отмечая неопределённость; Сначала зафиксировать уровень доказательности и только затем делать осторожные выводы; Явная опора на факты источника и честное указание ограничений данных"
dev2,920,Абсцесс мозга после проникающего ранения черепа: хирургическое лечение и осложнения,<p><strong>Клинический источник:</strong> [Gunshot craniocerebral wound complicated by anaerobic brain abscess. Case report and literature review]. (2026)</p> <p><strong>Идентификатор источника:</strong> pubmed:41930433</p> <ul><li>PubMed:,Прочее,10,10,89,публичный,2026-04-03,Клинический случай из публикации (2026). 24-летний пациент поступил для специализированной медицинской помощи с проникающим слепым радиальным осколочным ранение,Возраст пациента; Локализация ранения,24 года; Левая затылочная область; Анаэробный абсцесс; К девятым суткам
dev2,682,Черновик кейса: раза в 2 года / 4 Назначение ингибиторов ГМК - КОА - редуктазы в максимально переносимых дозах в,"Кейсы еще не подобраны. Уточните контекст и ключевые слова для модуля ""раза в 2 года / 4 Назначение ингибиторов ГМК - КОА - редуктазы в максимально переносимых дозах в"", затем запустите поиск clinical cases.",Прочее,9,9,83,публичный,2026-04-02,Работайте только с данными источника ниже. В этом режиме не добавляйте внешние факты и не достраивайте отсутствующие детали пациента. Короткая выдержка: Кейсы е,Шаг 1: что точно известно из источника; Шаг 2: корректная интерпретация,"Выделить только явно указанные факты и отделить их от предположений; Формулировать выводы в пределах доступных фактов, явно отмечая неопределённость; Сначала зафиксировать уровень доказательности и только затем делать осторожные выводы; Явная опора на факты источника и честное указание ограничений данных"
dev2,681,Черновик кейса: Имеется лишь обоснование механизма действия вмешательства,"Кейсы еще не подобраны. Уточните контекст и ключевые слова для модуля ""Имеется лишь обоснование механизма действия вмешательства"", затем запустите поиск clinical cases.",Прочее,9,9,83,публичный,2026-04-02,Работайте только с данными источника ниже. В этом режиме не добавляйте внешние факты и не достраивайте отсутствующие детали пациента. Короткая выдержка: Кейсы е,Шаг 1: что точно известно из источника; Шаг 2: корректная интерпретация,"Выделить только явно указанные факты и отделить их от предположений; Формулировать выводы в пределах доступных фактов, явно отмечая неопределённость; Сначала зафиксировать уровень доказательности и только затем делать осторожные выводы; Явная опора на факты источника и честное указание ограничений данных"
dev2,656,Анализ факторов риска и их кластеров в 21 регионе за период 1990-2010,"Кейсы еще не подобраны. Уточните контекст и ключевые слова для модуля ""risk factors and risk factor clusters in 21 regions, 1990 – 2010: a systematic analysis for"", затем запустите поиск clinical cases.",Прочее,9,9,83,публичный,2026-04-02,Работайте только с данными источника ниже. В этом режиме не добавляйте внешние факты и не достраивайте отсутствующие детали пациента. Короткая выдержка: Кейсы е,Шаг 1: что точно известно из источника; Шаг 2: корректная интерпретация,"Выделить только явно указанные факты и отделить их от предположений; Формулировать выводы в пределах доступных фактов, явно отмечая неопределённость; Сначала зафиксировать уровень доказательности и только затем делать осторожные выводы; Явная опора на факты источника и честное указание ограничений данных"
dev2,624,Назначение статинов в максимально переносимых дозах,"Кейсы еще не подобраны. Уточните контекст и ключевые слова для модуля ""раза в 2 года / 4 Назначение ингибиторов ГМК - КОА - редуктазы в максимально переносимых дозах в"", затем запустите поиск clinical cases.",Прочее,9,9,83,публичный,2026-04-02,Работайте только с данными источника ниже. В этом режиме не добавляйте внешние факты и не достраивайте отсутствующие детали пациента. Короткая выдержка: Кейсы е,Шаг 1: что точно известно из источника; Шаг 2: корректная интерпретация,"Выделить только явно указанные факты и отделить их от предположений; Формулировать выводы в пределах доступных фактов, явно отмечая неопределённость; Сначала зафиксировать уровень доказательности и только затем делать осторожные выводы; Явная опора на факты источника и честное указание ограничений данных"
dev2,623,Обоснование механизма действия медицинского вмешательства,"Кейсы еще не подобраны. Уточните контекст и ключевые слова для модуля ""Имеется лишь обоснование механизма действия вмешательства"", затем запустите поиск clinical cases.",Прочее,9,9,83,публичный,2026-04-02,Работайте только с данными источника ниже. В этом режиме не добавляйте внешние факты и не достраивайте отсутствующие детали пациента. Короткая выдержка: Кейсы е,Шаг 1: что точно известно из источника; Шаг 2: корректная интерпретация,"Выделить только явно указанные факты и отделить их от предположений; Формулировать выводы в пределах доступных фактов, явно отмечая неопределённость; Сначала зафиксировать уровень доказательности и только затем делать осторожные выводы; Явная опора на факты источника и честное указание ограничений данных"
dev2,614,Подбор клинических кейсов для модуля,"Кейсы еще не подобраны. Уточните контекст и ключевые слова для модуля ""Jan 11;11(1):452.»."", затем запустите поиск clinical cases.",Прочее,9,9,83,публичный,2026-04-02,Работайте только с данными источника ниже. В этом режиме не добавляйте внешние факты и не достраивайте отсутствующие детали пациента. Короткая выдержка: Кейсы е,Шаг 1: что точно известно из источника; Шаг 2: корректная интерпретация,"Выделить только явно указанные факты и отделить их от предположений; Формулировать выводы в пределах доступных фактов, явно отмечая неопределённость; Сначала зафиксировать уровень доказательности и только затем делать осторожные выводы; Явная опора на факты источника и честное указание ограничений данных"
dev2,613,Сахарный диабет со стандартным гликемическим контролем и артериальная гипертензия,"Кейсы еще не подобраны. Уточните контекст и ключевые слова для модуля ""diabetes mellitus receiving standard but not intensive glycemic control. Hypertension."", затем запустите поиск clinical cases.",Прочее,9,9,83,публичный,2026-04-02,Работайте только с данными источника ниже. В этом режиме не добавляйте внешние факты и не достраивайте отсутствующие детали пациента. Короткая выдержка: Кейсы е,Шаг 1: что точно известно из источника; Шаг 2: корректная интерпретация,"Выделить только явно указанные факты и отделить их от предположений; Формулировать выводы в пределах доступных фактов, явно отмечая неопределённость; Сначала зафиксировать уровень доказательности и только затем делать осторожные выводы; Явная опора на факты источника и честное указание ограничений данных"
dev2,612,Факторы риска и их кластеры в 21 регионе мира за период 1990-2010 гг,"Кейсы еще не подобраны. Уточните контекст и ключевые слова для модуля ""risk factors and risk factor clusters in 21 regions, 1990 – 2010: a systematic analysis for"", затем запустите поиск clinical cases.",Прочее,9,9,83,публичный,2026-04-02,Работайте только с данными источника ниже. В этом режиме не добавляйте внешние факты и не достраивайте отсутствующие детали пациента. Короткая выдержка: Кейсы е,Шаг 1: что точно известно из источника; Шаг 2: корректная интерпретация,"Выделить только явно указанные факты и отделить их от предположений; Формулировать выводы в пределах доступных фактов, явно отмечая неопределённость; Сначала зафиксировать уровень доказательности и только затем делать осторожные выводы; Явная опора на факты источника и честное указание ограничений данных"
dev2,611,Критерии оценки качества первичной медико-санитарной помощи взрослым,"Кейсы еще не подобраны. Уточните контекст и ключевые слова для модуля "".1. Критерии оценки качества первичной медико - санитарной помощи взрослым"", затем запустите поиск clinical cases.",Прочее,9,9,83,публичный,2026-04-02,Работайте только с данными источника ниже. В этом режиме не добавляйте внешние факты и не достраивайте отсутствующие детали пациента. Короткая выдержка: Кейсы е,Шаг 1: что точно известно из источника; Шаг 2: корректная интерпретация,"Выделить только явно указанные факты и отделить их от предположений; Формулировать выводы в пределах доступных фактов, явно отмечая неопределённость; Сначала зафиксировать уровень доказательности и только затем делать осторожные выводы; Явная опора на факты источника и честное указание ограничений данных"
dev2,610,Артериальная гипертензия при противоопухолевой терапии,"Кейсы еще не подобраны. Уточните контекст и ключевые слова для модуля "".1. Взаимосвязи АГ и рака / 3.6.21 .2. АГ, ассоциированная с противоопухолевой терапией"", затем запустите поиск clinical cases.",Прочее,9,9,83,публичный,2026-04-02,Работайте только с данными источника ниже. В этом режиме не добавляйте внешние факты и не достраивайте отсутствующие детали пациента. Короткая выдержка: Кейсы е,Шаг 1: что точно известно из источника; Шаг 2: корректная интерпретация,"Выделить только явно указанные факты и отделить их от предположений; Формулировать выводы в пределах доступных фактов, явно отмечая неопределённость; Сначала зафиксировать уровень доказательности и только затем делать осторожные выводы; Явная опора на факты источника и честное указание ограничений данных"
dev2,609,Измерение артериального давления в клинической практике,"Кейсы еще не подобраны. Уточните контекст и ключевые слова для модуля ""мм рт. ст. [27]."", затем запустите поиск clinical cases.",Прочее,9,9,83,публичный,2026-04-02,Работайте только с данными источника ниже. В этом режиме не добавляйте внешние факты и не достраивайте отсутствующие детали пациента. Короткая выдержка: Кейсы е,Шаг 1: что точно известно из источника; Шаг 2: корректная интерпретация,"Выделить только явно указанные факты и отделить их от предположений; Формулировать выводы в пределах доступных фактов, явно отмечая неопределённость; Сначала зафиксировать уровень доказательности и только затем делать осторожные выводы; Явная опора на факты источника и честное указание ограничений данных"
dev2,608,Кодирование и клиническая картина заболеваний - общие принципы,"Кейсы еще не подобраны. Уточните контекст и ключевые слова для модуля ""Особенности кодирования заболевания или состояния (группы заболеваний или / 1.6 Клиническая картина заболевания или состояния (группы заболеваний или"", затем запустите п",Прочее,9,9,83,публичный,2026-04-02,Работайте только с данными источника ниже. В этом режиме не добавляйте внешние факты и не достраивайте отсутствующие детали пациента. Короткая выдержка: Кейсы е,Шаг 1: что точно известно из источника; Шаг 2: корректная интерпретация,"Выделить только явно указанные факты и отделить их от предположений; Формулировать выводы в пределах доступных фактов, явно отмечая неопределённость; Сначала зафиксировать уровень доказательности и только затем делать осторожные выводы; Явная опора на факты источника и честное указание ограничений данных"
dev2,589,Лечение мобильного тромба аорты аспирином,"<p><strong>Клинический источник:</strong> Management of Mobile Aortic Thrombus With Aspirin Monotherapy. (2026)</p> <p><strong>Идентификатор источника:</strong> pubmed:41924688</p> <ul><li>PubMed: <a href=""https://pmc.ncbi.nlm.nih.gov/artic",Прочее,9,9,80,публичный,2026-04-02,Ниже — фрагмент исходного учебного материала. Опирайтесь только на него при ответах. <p><strong>Клинический источник:</strong> Management of Mobile Aortic Throm,Шаг 1: что точно известно из источника; Шаг 2: корректная интерпретация,"Выделить только явно указанные факты и отделить их от предположений; Формулировать выводы в пределах доступных фактов, явно отмечая неопределённость; Сначала зафиксировать уровень доказательности и только затем делать осторожные выводы; Явная опора на факты источника и честное указание ограничений данных"
dev2,588,Абсцесс печени после перфорации двенадцатиперстной кишки рыбной костью,"<p><strong>Клинический источник:</strong> Fish bone-induced liver abscess secondary to duodenal perforation: a case report. (2026)</p> <p><strong>Идентификатор источника:</strong> pubmed:41924741</p> <ul><li>PubMed: <a href=""https://pmc.ncb",Прочее,9,9,80,публичный,2026-04-02,Ниже — фрагмент исходного учебного материала. Опирайтесь только на него при ответах. <p><strong>Клинический источник:</strong> Fish bone-induced liver abscess s,Шаг 1: что точно известно из источника; Шаг 2: корректная интерпретация,"Выделить только явно указанные факты и отделить их от предположений; Формулировать выводы в пределах доступных фактов, явно отмечая неопределённость; Сначала зафиксировать уровень доказательности и только затем делать осторожные выводы; Явная опора на факты источника и честное указание ограничений данных"
dev2,587,Нарушения сна и дыхания при спинальной мышечной атрофии,<p><strong>Клинический источник:</strong> Sleep phenotypes and respiratory disturbances in spinal muscular atrophy: A systematic review of clinical evidence. (2026)</p> <p><strong>Идентификатор источника:</strong> pubmed:41924788</p> <ul><l,Прочее,9,9,80,публичный,2026-04-02,Ниже — фрагмент исходного учебного материала. Опирайтесь только на него при ответах. <p><strong>Клинический источник:</strong> Sleep phenotypes and respiratory ,Шаг 1: что точно известно из источника; Шаг 2: корректная интерпретация,"Выделить только явно указанные факты и отделить их от предположений; Формулировать выводы в пределах доступных фактов, явно отмечая неопределённость; Сначала зафиксировать уровень доказательности и только затем делать осторожные выводы; Явная опора на факты источника и честное указание ограничений данных"
dev2,580,Управление гипертоническим кризом: неотложная помощь и тактика лечения,"<p><strong>Клинический источник:</strong> Managing a Patient With Hypertensive Crisis. (2025)</p> <p><strong>Идентификатор источника:</strong> europepmc:40951055</p> <ul><li>PubMed: <a href=""https://pmc.ncbi.nlm.nih.gov/articles/PMC12431168",Прочее,9,9,77,публичный,2026-04-02,Ниже — фрагмент исходного учебного материала. Опирайтесь только на него при ответах. <p><strong>Клинический источник:</strong> Managing a Patient With Hypertens,Шаг 1: приём и сбор информации; Шаг 2: обследования,"Уточнить жалобы, анамнез и зафиксировать недостающие клинические данные; Назначать только релевантные исследования, связанные с описанной клинической задачей; Опираться на данные кейса и клиническую логику без добавления внешних фактов; Обосновать диагноз жалобами, объективными данными и результатами исследований"
dev2,579,Синдром Кушинга с сердечной недостаточностью: деформация миокарда и сохраненная фракция выброса,<p><strong>Клинический источник:</strong> Global Longitudinal Strain Reduction With Apical Sparing in Cushing Syndrome-Related Heart Failure With Preserved Ejection Fraction (HFpEF): A Case Report. (2025)</p> <p><strong>Идентификатор источн,Прочее,9,9,77,публичный,2026-04-02,Ниже — фрагмент исходного учебного материала. Опирайтесь только на него при ответах. <p><strong>Клинический источник:</strong> Global Longitudinal Strain Reduct,Шаг 1: приём и сбор информации; Шаг 2: обследования,"Уточнить жалобы, анамнез и зафиксировать недостающие клинические данные; Назначать только релевантные исследования, связанные с описанной клинической задачей; Опираться на данные кейса и клиническую логику без добавления внешних фактов; Обосновать диагноз жалобами, объективными данными и результатами исследований"
dev2,569,2018 ESC/ESH Guidelines for the management of arterial hypertension [openalex-30165516-2018,"<p><strong>Клинический источник:</strong> 2018 ESC/ESH Guidelines for the management of arterial hypertension (2018)</p> <p><strong>Идентификатор источника:</strong> openalex:30165516</p> <ul><li>PubMed: <a href=""https://doi.org/10.1093/eur",Прочее,9,9,74,публичный,2026-04-02,Ниже — фрагмент исходного учебного материала. Опирайтесь только на него при ответах. <p><strong>Клинический источник:</strong> 2018 ESC/ESH Guidelines for the m,Шаг 1: приём и сбор информации; Шаг 2: обследования,"Уточнить жалобы, анамнез и зафиксировать недостающие клинические данные; Назначать только релевантные исследования, связанные с описанной клинической задачей; Опираться на данные кейса и клиническую логику без добавления внешних фактов; Обосновать диагноз жалобами, объективными данными и результатами исследований"
dev2,568,2013 ESH/ESC Guidelines for the management of arterial hypertension [openalex-23771844-2013,"<p><strong>Клинический источник:</strong> 2013 ESH/ESC Guidelines for the management of arterial hypertension (2013)</p> <p><strong>Идентификатор источника:</strong> openalex:23771844</p> <ul><li>PubMed: <a href=""https://doi.org/10.1093/eur",Прочее,9,9,74,публичный,2026-04-02,Ниже — фрагмент исходного учебного материала. Опирайтесь только на него при ответах. <p><strong>Клинический источник:</strong> 2013 ESH/ESC Guidelines for the m,Шаг 1: приём и сбор информации; Шаг 2: обследования,"Уточнить жалобы, анамнез и зафиксировать недостающие клинические данные; Назначать только релевантные исследования, связанные с описанной клинической задачей; Опираться на данные кейса и клиническую логику без добавления внешних фактов; Обосновать диагноз жалобами, объективными данными и результатами исследований"
dev2,567,Renal Thrombotic Microangiopathy due to Hypertensive Emergency. [europepmc-40704299-202,"<p><strong>Клинический источник:</strong> Renal Thrombotic Microangiopathy due to Hypertensive Emergency. (2025)</p> <p><strong>Идентификатор источника:</strong> europepmc:40704299</p> <ul><li>PubMed: <a href=""https://pmc.ncbi.nlm.nih.gov/a",Прочее,9,9,74,публичный,2026-04-02,Ниже — фрагмент исходного учебного материала. Опирайтесь только на него при ответах. <p><strong>Клинический источник:</strong> Renal Thrombotic Microangiopathy ,Шаг 1: приём и сбор информации; Шаг 2: обследования,"Уточнить жалобы, анамнез и зафиксировать недостающие клинические данные; Назначать только релевантные исследования, связанные с описанной клинической задачей; Опираться на данные кейса и клиническую логику без добавления внешних фактов; Обосновать диагноз жалобами, объективными данными и результатами исследований"
dev2,566,Тест 5: Артериальная Гипертония,"Артериальная гипертония (АГ) — синдром повышения артериального давления выше пороговых значений (САД ≥140 и/или ДАД ≥90 мм рт. ст.), связанный с повышением сердечно-сосудистого риска. Гипертоническая болезнь — хроническое заболевание с повы",Прочее,9,9,54,публичный,2026-04-02,Ниже — фрагмент исходного учебного материала. Опирайтесь только на него при ответах. Артериальная гипертония (АГ) — синдром повышения артериального давления выш,Шаг 1: приём и сбор информации; Шаг 2: обследования,"Уточнить жалобы, анамнез и зафиксировать недостающие клинические данные; Назначать только релевантные исследования, связанные с описанной клинической задачей; Опираться на данные кейса и клиническую логику без добавления внешних фактов; Обосновать диагноз жалобами, объективными данными и результатами исследований"
dev2,558,Клинические решения при артериальной гипертонии: индивидуализация терапии по ESH/ESC,"<p><strong>Клинический источник:</strong> 2013 ESH/ESC Guidelines for the management of arterial hypertension (2013)</p> <p><strong>Идентификатор источника:</strong> openalex:23771844</p> <ul><li>PubMed: <a href=""https://doi.org/10.1093/eur",Прочее,9,9,54,публичный,2026-04-02,Ниже — фрагмент исходного учебного материала. Опирайтесь только на него при ответах. <p><strong>Клинический источник:</strong> 2013 ESH/ESC Guidelines for the m,Шаг 1: приём и сбор информации; Шаг 2: обследования,"Уточнить жалобы, анамнез и зафиксировать недостающие клинические данные; Назначать только релевантные исследования, связанные с описанной клинической задачей; Опираться на данные кейса и клиническую логику без добавления внешних фактов; Обосновать диагноз жалобами, объективными данными и результатами исследований"
dev2,557,Принципы и уровни доказательности в рекомендациях ESH/ESC по гипертонии,<p><strong>Клинический источник:</strong> 2013 Practice guidelines for the management of arterial hypertension of the European Society of Hypertension (ESH) and the European Society of Cardiology (ESC) (2013)</p> <p><strong>Идентификатор ис,Прочее,9,9,54,публичный,2026-04-02,Ниже — фрагмент исходного учебного материала. Опирайтесь только на него при ответах. <p><strong>Клинический источник:</strong> 2013 Practice guidelines for the ,Шаг 1: приём и сбор информации; Шаг 2: обследования,"Уточнить жалобы, анамнез и зафиксировать недостающие клинические данные; Назначать только релевантные исследования, связанные с описанной клинической задачей; Опираться на данные кейса и клиническую логику без добавления внешних фактов; Обосновать диагноз жалобами, объективными данными и результатами исследований"
dev2,556,Последовательная блокада нефрона против двойной блокады РАС с бисопрололом при резистентной гипертонии,"<p><strong>Клинический источник:</strong> Effect of Sequential Nephron Blockade versus Dual Renin-Angiotensin System Blockade Plus Bisoprolol in the Treatment of Resistant Hypertension, a Randomized Controlled Trial (Resistant Hypertension",Прочее,9,9,54,публичный,2026-04-02,Ниже — фрагмент исходного учебного материала. Опирайтесь только на него при ответах. <p><strong>Клинический источник:</strong> Effect of Sequential Nephron Bloc,Шаг 1: приём и сбор информации; Шаг 2: обследования,"Уточнить жалобы, анамнез и зафиксировать недостающие клинические данные; Назначать только релевантные исследования, связанные с описанной клинической задачей; Опираться на данные кейса и клиническую логику без добавления внешних фактов; Обосновать диагноз жалобами, объективными данными и результатами исследований"
dev2,555,Тест 4: Артериальная Гипертония,"Модуль содержит терминологический справочник и определения, относящиеся к артериальной гипертонии (АГ). Представлены ключевые понятия: артериальная гипертензия определяется как синдром повышения артериального давления выше пороговых значени",Прочее,9,9,54,публичный,2026-04-02,"Ниже — фрагмент исходного учебного материала. Опирайтесь только на него при ответах. Модуль содержит терминологический справочник и определения, относящиеся к а",Шаг 1: приём и сбор информации; Шаг 2: обследования,"Уточнить жалобы, анамнез и зафиксировать недостающие клинические данные; Назначать только релевантные исследования, связанные с описанной клинической задачей; Опираться на данные кейса и клиническую логику без добавления внешних фактов; Обосновать диагноз жалобами, объективными данными и результатами исследований"
dev2,554,Неоваскуляризация хориоидеи как осложнение гестационной гипертонии в послеродовом периоде,<p><strong>Клинический источник:</strong> Choroidal Neovascularization as a Postpartum Complication of Gestational Hypertension: A Case Report. (2026)</p> <p><strong>Идентификатор источника:</strong> pubmed:41920594</p> <ul><li>PubMed: <a h,Прочее,9,9,54,публичный,2026-04-02,Ниже — фрагмент исходного учебного материала. Опирайтесь только на него при ответах. <p><strong>Клинический источник:</strong> Choroidal Neovascularization as a,Шаг 1: приём и сбор информации; Шаг 2: обследования,"Уточнить жалобы, анамнез и зафиксировать недостающие клинические данные; Назначать только релевантные исследования, связанные с описанной клинической задачей; Опираться на данные кейса и клиническую логику без добавления внешних фактов; Обосновать диагноз жалобами, объективными данными и результатами исследований"
dev2,553,Акклеточный дермальный трансплантат с вакуумной терапией в лечении послеоперационной раны,<p><strong>Клинический источник:</strong> Combining Acellular Dermal Grafts With Negative-Pressure Wound Therapy in a Postsurgical Wound: A Case Report. (2026)</p> <p><strong>Идентификатор источника:</strong> pubmed:41920930</p> <ul><li>Pub,Прочее,9,9,54,публичный,2026-04-02,Ниже — фрагмент исходного учебного материала. Опирайтесь только на него при ответах. <p><strong>Клинический источник:</strong> Combining Acellular Dermal Grafts,Шаг 1: приём и сбор информации; Шаг 2: обследования,"Уточнить жалобы, анамнез и зафиксировать недостающие клинические данные; Назначать только релевантные исследования, связанные с описанной клинической задачей; Опираться на данные кейса и клиническую логику без добавления внешних фактов; Обосновать диагноз жалобами, объективными данными и результатами исследований"
dev2,552,Peritonит от укуса собаки у реципиента трансплантата печени и почки,<p><strong>Клинический источник:</strong> Capnocytophaga canimorsus peritonitis in a simultaneous liver-kidney transplant recipient: A case report and review of the literature. (2026)</p> <p><strong>Идентификатор источника:</strong> pubmed:,Прочее,9,9,54,публичный,2026-04-02,Ниже — фрагмент исходного учебного материала. Опирайтесь только на него при ответах. <p><strong>Клинический источник:</strong> Capnocytophaga canimorsus periton,Шаг 1: приём и сбор информации; Шаг 2: обследования,"Уточнить жалобы, анамнез и зафиксировать недостающие клинические данные; Назначать только релевантные исследования, связанные с описанной клинической задачей; Опираться на данные кейса и клиническую логику без добавления внешних фактов; Обосновать диагноз жалобами, объективными данными и результатами исследований"
dev2,551,Артериальная гипертония: диагностика и начало лечения,"Кейсы еще не подобраны. Уточните контекст и ключевые слова для модуля ""Артериальная Гипертония"", затем запустите поиск clinical cases.",Прочее,9,9,54,публичный,2026-04-02,"Ниже — фрагмент исходного учебного материала. Опирайтесь только на него при ответах. Кейсы еще не подобраны. Уточните контекст и ключевые слова для модуля ""Арте",Шаг 1: приём и сбор информации; Шаг 2: обследования,"Уточнить жалобы, анамнез и зафиксировать недостающие клинические данные; Назначать только релевантные исследования, связанные с описанной клинической задачей; Опираться на данные кейса и клиническую логику без добавления внешних фактов; Обосновать диагноз жалобами, объективными данными и результатами исследований"
dev2,418,Собеседование на Диком Западе1 copy Copy,"Начинающий фармацевт шёл на собеседование, ударился головой и во сне проходит отбор в аптеке Дикого Запада: главный провизор уехал, лавку нельзя закрыть — нужны ответы. После успеха — пробуждение.",Прочее,8,8,,"копия, публичный",2026-04-13,"Вы — начинающий фармацевт и как раз сегодня собеседование в аптеку. Спешите по ступенькам, спотыкаетесь и больно бьётесь виском о перила. Секунда темноты… Потом",На склянке — пометка об особо опасном средстве. Что из перечисленного недопустимо для провизора?; Что обычно означает сокращение q.s. (quantum satis) в рецептурной практике?,"Отпускать яды и сильнодействующее без установления личности, записи и надлежащего контроля — «лишь бы не было скандала»; «Сколько потребуется» — довести объём или консистенцию до требуемой по рецепту; Прямой солнечный свет и перегрев — убрать от окна, затенить, охладить и уменьшить нагрев по возможности; Не отпускать до прояснения: связаться с доктором или запросить читаемую копию"
dev2,417,Игра ОЗОН Противовирусные препараты,Квест ОЗОН Противовирусные препараты,Аптека и фармацевтика,13,13,,публичный,2026-04-13,Тесты на знание ассортимента противовирусных препаратов ОЗОН,Выберите средства для устранения симптомов острых респираторных заболеваний (ОРЗ) и «простуды»:; Выберите противовирусные иммуностимулирующие средства-индукторы образования интерферонов,Сафистон Флю; Оксолин; Тилорам; Тилорон
dev2,416,Игра ОЗОН Гепатопротекторные и желчегонные препараты,Кейс 1 — Холикрон; кейс 2 — Эсслиал форте; кейс 3 — Экурохол.,Прочее,7,4,,публичный,2026-04-13,,,
dev2,415,Игра ОЗОН Возврат тонометра,Диалоговый сценарий 18-29 по возврату/обмену тонометра.,Прочее,3,2,,публичный,2026-04-13,"Проверьте, насколько хорошо вы знаете правила продажи и возврата тонометра",,
dev2,414,Игра ОЗОН Продажа тонометра,"Диалоговый тренажёр: корректная продажа тонометра в аптеке (порядок действий, правовые нюансы, финализация сделки).",Прочее,3,2,,публичный,2026-04-13,"Проверьте, насколько хорошо вы знаете правила продажи и возврата тонометра",,
dev2,403,Собеседование на Диком Западе1 copy,"Начинающий фармацевт шёл на собеседование, ударился головой и во сне проходит отбор в аптеке Дикого Запада: главный провизор уехал, лавку нельзя закрыть — нужны ответы. После успеха — пробуждение.",Прочее,8,8,,"копия, публичный",2026-04-13,"Вы — начинающий фармацевт и как раз сегодня собеседование в аптеку. Спешите по ступенькам, спотыкаетесь и больно бьётесь виском о перила. Секунда темноты… Потом",На склянке — пометка об особо опасном средстве. Что из перечисленного недопустимо для провизора?; Что обычно означает сокращение q.s. (quantum satis) в рецептурной практике?,"Отпускать яды и сильнодействующее без установления личности, записи и надлежащего контроля — «лишь бы не было скандала»; «Сколько потребуется» — довести объём или консистенцию до требуемой по рецепту; Прямой солнечный свет и перегрев — убрать от окна, затенить, охладить и уменьшить нагрев по возможности; Не отпускать до прояснения: связаться с доктором или запросить читаемую копию"
dev2,401,Озон первая аптека,Квест про первую аптеку,Аптека и фармацевтика,15,15,,публичный,2026-04-09,"Обычный рабочий день закончился. Кроме странного деда, который что-то тихо шептал в бороду, перед тем как уйти, ничего особого не было. Вы закрываете аптеку, ст",новый блок 3; Выбор года,Уксус семи воров; 1221; Трава 1; Веточка цветов 2
dev2,399,ОЗОН Противовирусные препараты,Квест ОЗОН Противовирусные препараты,Аптека и фармацевтика,13,13,,публичный,2026-04-09,Тесты на знание ассортимента противовирусных препаратов ОЗОН,Выберите средства для устранения симптомов острых респираторных заболеваний (ОРЗ) и «простуды»:; Выберите противовирусные иммуностимулирующие средства-индукторы образования интерферонов,Сафистон Флю; Оксолин; Тилорам; Тилорон
dev2,398,ОЗОН Гепатопротекторные и желчегонные препараты,Кейс 1 — Холикрон; кейс 2 — Эсслиал форте; кейс 3 — Экурохол.,Прочее,7,4,,публичный,2026-04-12,,,
dev2,397,ОЗОН Возврат тонометра,Диалоговый сценарий 18-29 по возврату/обмену тонометра.,Прочее,3,2,,публичный,2026-04-13,"Проверьте, насколько хорошо вы знаете правила продажи и возврата тонометра",,
dev2,395,ОЗОН Продажа тонометра,"Диалоговый тренажёр: корректная продажа тонометра в аптеке (порядок действий, правовые нюансы, финализация сделки).",Прочее,3,2,,публичный,2026-04-13,"Проверьте, насколько хорошо вы знаете правила продажи и возврата тонометра",,
dev2,326,Укус клеща copy,Помощь населению 05,Прочее,26,26,,"копия, публичный",2026-04-09,Вы относите живого клеща в лабораторию для микроскопической диагностики (можно сразу или поместив флакон в холодильник в течение 2-х суток).,Что произошло; (2),Обработать место укуса этиловым спиртом или одеколоном; Удалить клеща с помощью нитки; Поместить клеща в стеклянный флакон с плотной крышкой и положить влажную марлевую салфетку; Поместить флакон в холодильник и отнести в лабораторию в течение 2-х суток
